{
  "status": "CANDIDATE_READY_FOR_VALIDATION",
  "candidateOnly": true,
  "input": {
    "sourceGlb": "/Volumes/m2-extended-disk/Repos/eonwild-factory/procedural-animation-toolkit(v8.1)/inputs/v8/tarbosaurus.glb",
    "sourceGlbSha256": "fbb42c2edad4eadebbcf808d32028d7c73b3fbfd6172610eddd5df84990a65c7",
    "canonicalProfileSha256": "f128bd39cca62a674855ffbcce2e88226cec3b17048bf9a830bd158238240143",
    "overlaySha256": "b3ddac943863d061e143afa0f327f88bf5f54b12ac246d8ee234c35eb47a08f7"
  },
  "immutableBefore": {
    "toolkitTreeSha256": "d7f2426cb6626f7e7c94e96228afdee9ba05492197cefa7c5066a2a05c329d10",
    "showcaseTreeSha256": "336b22f38b74e7d011484ea737c48a66f9b3e4c36eb996a54086bed740bcf753",
    "sourceGlbSha256": "fbb42c2edad4eadebbcf808d32028d7c73b3fbfd6172610eddd5df84990a65c7",
    "canonicalProfileSha256": "f128bd39cca62a674855ffbcce2e88226cec3b17048bf9a830bd158238240143"
  },
  "profile": {
    "name": "tarbosaurus_v8_1_relaxed_walk_respin_2",
    "reference_hip_height_m": 2.75,
    "cycle_hz": 0.4914529915,
    "stride_length_m": 2.6,
    "stance_fraction": 0.72,
    "contact_lead_stride": 0.55,
    "swing_lift_hip_fraction": 0.055,
    "swing_outward_hip_fraction": 0.0035,
    "load_ramp_fraction": 0.2,
    "toe_off_window_fraction": 0.26,
    "precontact_window_fraction": 0.65,
    "pelvis_support_shift_gain": 0.022,
    "pelvis_vertical_bob_hip_fraction": 0.0045,
    "pelvis_loading_drop_hip_fraction": 0.0035,
    "pelvis_forward_sway_hip_fraction": 0.0018,
    "pelvis_roll_deg": 1.35,
    "pelvis_yaw_deg": 1.55,
    "pelvis_pitch_deg": 0.5,
    "body_lean_deg": -1.0,
    "pelvis_neutral_pitch_deg": -1.1,
    "neck_relaxed_pitch_deg": -0.6,
    "head_horizon_pitch_deg": 0.35,
    "hip_swing_deg": 16.0,
    "hip_extension_limit_deg": 28.0,
    "hip_flexion_limit_deg": 34.0,
    "hip_abduction_limit_deg": 9.0,
    "knee_min_flex_deg": 18.0,
    "knee_max_flex_deg": 112.0,
    "knee_stance_flex_deg": 45.0,
    "knee_loading_flex_deg": 4.0,
    "knee_swing_flex_deg": 80.0,
    "ankle_min_flex_deg": 16.0,
    "ankle_max_flex_deg": 104.0,
    "ankle_stance_flex_deg": 46.0,
    "ankle_swing_flex_deg": 68.0,
    "leg_position_scale_hip_fraction": 0.0025,
    "leg_preference_weight": 0.17,
    "leg_continuity_weight": 0.22,
    "leg_max_solver_evaluations": 12,
    "swing_ankle_deg": 9.0,
    "toe_off_foot_deg": 9.0,
    "contact_foot_deg": 1.0,
    "toe_push_deg": 12.0,
    "spine_counter_gain": 0.44,
    "neck_stabilize_gain": 0.45,
    "head_stabilize_gain": 0.58,
    "arm_inertia_deg": 2.4,
    "breathing_chest_deg": 0.85,
    "breathing_neck_deg": 0.32,
    "neutral_jaw_close_deg": 50.0,
    "jaw_breath_deg": 0.28,
    "head_micro_yaw_deg": 0.35,
    "asymmetry_fraction": 0.008,
    "internal_sample_hz": 120,
    "export_sample_hz": 60,
    "supercycle_count": 2,
    "ik_tolerance_hip_fraction": 0.00035,
    "tail_root_yaw_gain": 0.62,
    "tail_com_gain": 0.72,
    "tail_velocity_gain": 0.11,
    "tail_pitch_gain": 0.24,
    "tail_neutral_sag_deg": 4.7,
    "tail_stiffness_root": 20.0,
    "tail_stiffness_tip": 4.6,
    "tail_damping_ratio": 0.75,
    "tail_coupling": 8.0,
    "tail_parent_follow": 0.28,
    "tail_phase_lag_seconds_per_bone": 0.028,
    "tail_dynamic_limit_root_deg": 2.4,
    "tail_dynamic_limit_tip_deg": 5.8,
    "tail_warmup_supercycles": 28,
    "max_joint_velocity_deg_s": 390.0,
    "max_joint_acceleration_deg_s2": 9000.0,
    "anatomical_margin_deg": 1.0,
    "sole_weight_threshold": 0.28,
    "sole_height_band_hip_fraction": 0.115,
    "sole_forward_padding_hip_fraction": 0.12,
    "sole_contact_quantile": 0.08,
    "sole_clearance_m": 0.0025,
    "sole_max_vertical_correction_hip_fraction": 0.06,
    "sole_penetration_gate_hip_fraction": 0.002,
    "sole_loaded_gap_gate_hip_fraction": 0.009,
    "sole_min_vertices_per_side": 48,
    "sole_max_vertices_per_side": 64,
    "terrain_normal_blend": 0.88,
    "terrain_foot_roll_limit_deg": 10.0,
    "terrain_foot_pitch_limit_deg": 14.0,
    "terrain_pelvis_height_blend": 0.72,
    "terrain_pelvis_roll_gain": 0.58,
    "terrain_pelvis_pitch_gain": 0.46,
    "terrain_probe_radius_hip_fraction": 0.045,
    "swing_advance_start_fraction": 0.08,
    "swing_advance_end_fraction": 0.89,
    "swing_lift_rise_fraction": 0.38,
    "swing_lift_fall_start_fraction": 0.58,
    "swing_turn_lift_scale": 1.08,
    "uneven_terrain_amplitude_hip_fraction": 0.016,
    "uneven_terrain_wavelength_m": 2.4,
    "turn_default_degrees": 35.0,
    "turn_duration_seconds": 5.42,
    "turn_inside_stride_scale": 0.8,
    "turn_outside_stride_scale": 1.1,
    "turn_body_lean_deg": 2.1,
    "start_duration_seconds": 3.65,
    "stop_duration_seconds": 3.35,
    "start_cycles": 1.65,
    "stop_cycles": 1.5,
    "minimum_active_speed_fraction": 0.1,
    "acceleration_lean_deg": 2.6,
    "braking_lean_deg": -2.7,
    "alert_cycle_hz": 0.7,
    "alert_stride_scale": 0.88,
    "alert_head_raise_deg": 4.2,
    "alert_neck_raise_deg": 3.8,
    "alert_scan_yaw_deg": 7.0,
    "alert_scan_period_seconds": 5.2,
    "alert_tail_raise_deg": 2.0,
    "alert_step_height_scale": 1.08,
    "idle_duration_seconds": 7.0,
    "idle_weight_shift_hip_fraction": 0.004,
    "idle_head_scan_yaw_deg": 3.0,
    "idle_head_scan_pitch_deg": 0.9,
    "idle_tail_tip_deg": 2.4,
    "idle_breath_cycles": 2.0,
    "eating_duration_seconds": 10.8,
    "eating_body_lower_deg": 7.8,
    "eating_neck_lower_deg": 29.0,
    "eating_head_lower_deg": 14.5,
    "eating_pelvis_back_hip_fraction": 0.062,
    "eating_knee_flex_deg": 7.0,
    "eating_jaw_open_deg": 29.0,
    "eating_bite_count": 3,
    "eating_chew_deg": 3.2,
    "bite_duration_seconds": 4.6,
    "bite_anticipation_fraction": 0.28,
    "bite_contact_fraction": 0.67,
    "bite_recovery_fraction": 0.84,
    "bite_lunge_hip_fraction": 0.305,
    "bite_body_crouch_deg": 6.2,
    "bite_neck_retract_deg": 15.0,
    "bite_neck_thrust_deg": 18.5,
    "bite_jaw_open_deg": 50.0,
    "bite_snap_close_deg": 0.8,
    "bite_head_yaw_deg": 3.0,
    "roar_duration_seconds": 5.6,
    "roar_inhale_fraction": 0.24,
    "roar_peak_fraction": 0.54,
    "roar_release_fraction": 0.82,
    "roar_neck_raise_deg": 15.0,
    "roar_head_raise_deg": 10.0,
    "roar_jaw_open_deg": 50.0,
    "roar_chest_expand_deg": 4.4,
    "roar_head_shake_deg": 2.3,
    "roar_tail_brace_deg": 2.7,
    "transition_short_seconds": 0.75,
    "transition_medium_seconds": 1.25,
    "transition_long_seconds": 1.8,
    "transition_match_velocity": true,
    "max_transition_endpoint_position_error": 1e-06,
    "max_transition_endpoint_rotation_error": 1e-06,
    "max_turn_loaded_slide_hip_fraction": 0.008,
    "turn_cycle_hz_scale": 0.86,
    "turn_stride_scale": 0.84,
    "turn_inside_contact_lag_cycles": 0.025,
    "turn_head_lead_deg": 18.5,
    "turn_neck_lead_deg": 12.2,
    "turn_chest_lead_deg": 4.8,
    "turn_pelvis_lead_deg": 1.35,
    "turn_head_lookahead_fraction": 0.205,
    "turn_lead_rise_fraction": 0.13,
    "turn_lead_fall_start_fraction": 0.72,
    "turn_support_shift_hip_fraction": 0.0045,
    "turn_tail_counter_root_deg": 3.8,
    "turn_tail_counter_tip_deg": 9.6,
    "turn_tail_release_lag_fraction": 0.13,
    "turn_head_roll_deg": 2.0,
    "turn_step_yaw_deg": 3.0,
    "eating_pelvis_down_hip_fraction": 0.069,
    "bite_preload_back_hip_fraction": 0.115,
    "bite_preload_down_hip_fraction": 0.078,
    "bite_catch_step_hip_fraction": 0.115,
    "max_relaxed_pelvis_lateral_hip_fraction": 0.018,
    "max_relaxed_pelvis_vertical_hip_fraction": 0.02,
    "max_relaxed_mesh_hover_hip_fraction": 0.006,
    "max_turn_head_lead_error_deg": 1.0,
    "minimum_turn_head_lead_deg": 12.0,
    "minimum_turn_neck_lead_deg": 7.0,
    "minimum_turn_tail_counter_deg": 4.0,
    "foot_pivot_gap_fraction": 0.9,
    "turn_head_overshoot_fraction": 0.22,
    "turn_neck_overshoot_fraction": 0.11,
    "turn_head_pitch_deg": 1.25,
    "turn_neck_roll_deg": 0.85,
    "bite_focus_fraction": 0.09,
    "bite_first_catch_fraction": 0.49,
    "bite_hold_end_fraction": 0.8,
    "bite_first_catch_step_hip_fraction": 0.205,
    "bite_second_catch_step_hip_fraction": 0.15,
    "bite_first_step_height_hip_fraction": 0.038,
    "bite_second_step_height_hip_fraction": 0.03,
    "bite_target_head_yaw_deg": 4.6,
    "bite_contact_head_yaw_deg": 5.8,
    "bite_contact_head_roll_deg": 2.7,
    "bite_tear_head_yaw_deg": 7.5,
    "bite_tear_neck_yaw_deg": 4.2,
    "bite_tear_chest_yaw_deg": 1.8,
    "bite_tail_preload_deg": 4.8,
    "bite_tail_delivery_deg": 6.0,
    "bite_tail_tear_deg": 5.2,
    "eating_target_search_yaw_deg": 2.4,
    "eating_bite_retract_deg": 4.8,
    "eating_bite_thrust_deg": 5.4,
    "eating_pull_head_yaw_deg": 5.8,
    "eating_pull_neck_yaw_deg": 3.4,
    "eating_pull_head_roll_deg": 2.4,
    "eating_pull_head_raise_deg": 4.0,
    "eating_pull_pelvis_shift_hip_fraction": 0.0065,
    "eating_tail_counter_deg": 3.6,
    "eating_swallow_head_raise_deg": 2.2,
    "eating_bite_times": [
      0.165,
      0.485,
      0.785
    ],
    "eating_bite_directions": [
      -1.0,
      1.0,
      -1.0
    ],
    "eating_bite_strengths": [
      1.0,
      0.78,
      1.08
    ],
    "minimum_attack_preload_back_hip_fraction": 0.085,
    "minimum_attack_preload_down_hip_fraction": 0.055,
    "minimum_attack_root_delivery_hip_fraction": 0.22,
    "minimum_attack_head_tear_deg": 4.0,
    "minimum_eating_head_yaw_span_deg": 6.0,
    "minimum_eating_jaw_events": 3,
    "minimum_eating_pelvis_down_hip_fraction": 0.055,
    "power_duration_seconds": 2.8,
    "power_coil_start_fraction": 0.12,
    "power_coil_end_fraction": 0.27,
    "power_takeoff_fraction": 0.38,
    "power_apex_fraction": 0.415,
    "power_bite_contact_fraction": 0.44,
    "power_land_fraction": 0.45,
    "power_catch_fraction": 0.55,
    "power_arrest_end_fraction": 0.76,
    "power_preload_back_hip_fraction": 0.08,
    "power_preload_down_hip_fraction": 0.06,
    "power_root_rise_hip_fraction": 0.088,
    "power_forward_hip_fraction": 0.39,
    "power_sole_clearance_hip_fraction": 0.05,
    "power_landing_absorb_hip_fraction": 0.038,
    "power_launch_load": 0.72,
    "power_jaw_open_deg": 52.0
  },
  "footPivotCalibration": {
    "gapFraction": 0.9,
    "adjustments": [
      {
        "joint": "Bone_008",
        "oldWorldPosition": [
          -0.4283853018498213,
          0.21173757875848223,
          0.47466855061040986
        ],
        "newWorldPosition": [
          -0.4283853018498213,
          0.1072946756740088,
          0.4746685506104099
        ],
        "preservedChildWorldPositions": {
          "Bone_044": [
            -0.5212234441869362,
            0.09568990877284307,
            0.4746685767159377
          ],
          "Bone_047": [
            -0.3819662072199686,
            0.09568990789082905,
            0.52108763198559
          ],
          "Bone_050": [
            -0.4515948608043609,
            0.09568990933019644,
            0.5210876275913037
          ]
        },
        "skinJointSlot": 43,
        "side": "l",
        "toeRootCentroid": [
          -0.4515948374037552,
          0.09568990866462285,
          0.5056146120976105
        ],
        "originalVerticalGapM": 0.11604767009385938,
        "movementDownM": 0.10444290308447345,
        "remainingVerticalGapM": 0.011604767009385952
      },
      {
        "joint": "Bone_012",
        "oldWorldPosition": [
          0.45357702353903057,
          0.2117374147414137,
          0.4746687236750882
        ],
        "newWorldPosition": [
          0.45357702353903057,
          0.10729446530694686,
          0.47466872367508817
        ],
        "preservedChildWorldPositions": {
          "Bone_053": [
            0.383948423336095,
            0.09568968586739188,
            0.521087782647882
          ],
          "Bone_056": [
            0.5232056753720299,
            0.09568970126058214,
            0.47466867246724426
          ],
          "Bone_059": [
            0.47678660924250243,
            0.095689692314711,
            0.5210877861042715
          ]
        },
        "skinJointSlot": 56,
        "side": "r",
        "toeRootCentroid": [
          0.4613135693168758,
          0.09568969314756166,
          0.5056147470731326
        ],
        "originalVerticalGapM": 0.11604772159385203,
        "movementDownM": 0.10444294943446683,
        "remainingVerticalGapM": 0.011604772159385199
      }
    ],
    "maximumToeRootOriginErrorM": 1.716587549445839e-16,
    "maximumRestSkinnedVertexErrorM": 2.241232429242919e-08,
    "bilateralMovementDifferenceM": 4.6349993385041977e-08,
    "inverseBindSlotsChanged": 2,
    "changedInverseBindSlots": [
      43,
      56
    ]
  },
  "toeGroundLock": {
    "policy": "candidate-local world-space distal witness lock; no post-solve foot translation; spring-damper after release",
    "sides": {
      "PROC_WALK_RELAXED_V8_1_RESPIN_ROOTMOTION": {
        "l": {
          "activeToeContactKeys": 66,
          "rockerOnset": 0.46,
          "release": 0.735,
          "passiveLagEnd": 0.8,
          "receivingArm": 0.818,
          "flatten": 0.88,
          "witnessVertexIndices": [
            51119,
            49877,
            50149
          ],
          "contactLock": [
            {
              "key": 49,
              "phase": 0.4016393442622951,
              "maxWitnessErrorM": 0.0,
              "toeDownDegrees": [
                0.0,
                0.0,
                0.0
              ]
            },
            {
              "key": 50,
              "phase": 0.40983606557377045,
              "maxWitnessErrorM": 1.3385017997080695e-05,
              "toeDownDegrees": [
                0.00021754383229696429,
                0.0001545921103592078,
                0.00019650054722743695
              ]
            },
            {
              "key": 51,
              "phase": 0.41803278688524587,
              "maxWitnessErrorM": 2.869684434037012e-05,
              "toeDownDegrees": [
                0.00044960067335813675,
                0.00031850897525995706,
                0.000405760255863222
              ]
            },
            {
              "key": 52,
              "phase": 0.4262295081967213,
              "maxWitnessErrorM": 4.610768516766228e-05,
              "toeDownDegrees": [
                0.0006959933646724843,
                0.0004914530097502388,
                0.0006275582843640412
              ]
            },
            {
              "key": 53,
              "phase": 0.4344262295081967,
              "maxWitnessErrorM": 6.578734722895163e-05,
              "toeDownDegrees": [
                0.0009564790963357536,
                0.0006730713448525874,
                0.0008616112448792852
              ]
            },
            {
              "key": 54,
              "phase": 0.44262295081967207,
              "maxWitnessErrorM": 8.790254216695104e-05,
              "toeDownDegrees": [
                0.0012307351508874713,
                0.0008629570123561685,
                0.001107564389514391
              ]
            },
            {
              "key": 55,
              "phase": 0.45081967213114754,
              "maxWitnessErrorM": 0.00011261634380343999,
              "toeDownDegrees": [
                0.0015184180453865304,
                0.001060689382505621,
                0.0013650449451800169
              ]
            },
            {
              "key": 56,
              "phase": 0.4590163934426229,
              "maxWitnessErrorM": 0.0001400878299242514,
              "toeDownDegrees": [
                0.0018192133502883024,
                0.001265873792164022,
                0.001633708056107667
              ]
            },
            {
              "key": 57,
              "phase": 0.4672131147540984,
              "maxWitnessErrorM": 0.00017109162945150302,
              "toeDownDegrees": [
                0.0015415049021933658,
                0.0013939545748368467,
                0.0018874346227924432
              ]
            },
            {
              "key": 58,
              "phase": 0.47540983606557374,
              "maxWitnessErrorM": 0.00021731322254714414,
              "toeDownDegrees": [
                -0.0030354027795944146,
                0.0009142690811441372,
                0.001962260852488601
              ]
            },
            {
              "key": 59,
              "phase": 0.48360655737704916,
              "maxWitnessErrorM": 0.0002815523591854774,
              "toeDownDegrees": [
                -0.011276781878249367,
                0.0028801077874410857,
                0.006040341345915065
              ]
            },
            {
              "key": 60,
              "phase": 0.4918032786885246,
              "maxWitnessErrorM": 0.00035282235213918156,
              "toeDownDegrees": [
                -0.01458183950030836,
                0.015917362418898837,
                0.024875182143874203
              ]
            },
            {
              "key": 61,
              "phase": 0.5,
              "maxWitnessErrorM": 0.00047441423627048174,
              "toeDownDegrees": [
                -0.03769720898727957,
                0.022416702418674616,
                0.037635028838296586
              ]
            },
            {
              "key": 62,
              "phase": 0.5081967213114754,
              "maxWitnessErrorM": 0.0005937126791757397,
              "toeDownDegrees": [
                -0.04789724453147564,
                0.048586639999910274,
                0.07596470784598107
              ]
            },
            {
              "key": 63,
              "phase": 0.5163934426229507,
              "maxWitnessErrorM": 0.0007788248208306925,
              "toeDownDegrees": [
                -0.08675369339865835,
                0.0628978617144896,
                0.10213777092011593
              ]
            },
            {
              "key": 64,
              "phase": 0.5245901639344263,
              "maxWitnessErrorM": 0.001057558782409096,
              "toeDownDegrees": [
                -0.17186110540694874,
                0.05186416209472819,
                0.09999293823304986
              ]
            },
            {
              "key": 65,
              "phase": 0.5327868852459017,
              "maxWitnessErrorM": 0.0012101659162828682,
              "toeDownDegrees": [
                -0.1690007517485658,
                0.1188521449186796,
                0.19352219801783424
              ]
            },
            {
              "key": 66,
              "phase": 0.540983606557377,
              "maxWitnessErrorM": 0.001367357293138971,
              "toeDownDegrees": [
                -0.15757422316411834,
                0.20203885279001801,
                0.3084377917014015
              ]
            },
            {
              "key": 67,
              "phase": 0.5491803278688524,
              "maxWitnessErrorM": 0.0015247996998499769,
              "toeDownDegrees": [
                -0.13475553296645712,
                0.30277114113288855,
                0.44619542607713764
              ]
            },
            {
              "key": 68,
              "phase": 0.5573770491803278,
              "maxWitnessErrorM": 0.0016760948546272747,
              "toeDownDegrees": [
                -0.09676295350138076,
                0.42289594676130493,
                0.6088061479968756
              ]
            },
            {
              "key": 69,
              "phase": 0.5655737704918032,
              "maxWitnessErrorM": 0.0018153421492546062,
              "toeDownDegrees": [
                -0.0404995620025509,
                0.5635334244751872,
                0.7973728376844409
              ]
            },
            {
              "key": 70,
              "phase": 0.5737704918032787,
              "maxWitnessErrorM": 0.0019371371828831307,
              "toeDownDegrees": [
                0.03642115322158924,
                0.725095493543967,
                1.0121202726043534
              ]
            },
            {
              "key": 71,
              "phase": 0.5819672131147541,
              "maxWitnessErrorM": 0.0020376188844042353,
              "toeDownDegrees": [
                0.13503460491720007,
                0.9068278048534183,
                1.251851861540791
              ]
            },
            {
              "key": 72,
              "phase": 0.5901639344262295,
              "maxWitnessErrorM": 0.0021336260180604416,
              "toeDownDegrees": [
                0.2433482719685302,
                1.097798175794098,
                1.5031141949869764
              ]
            },
            {
              "key": 73,
              "phase": 0.5983606557377049,
              "maxWitnessErrorM": 0.0021931890166462242,
              "toeDownDegrees": [
                0.37891938322737917,
                1.309924150146798,
                1.7799257440229224
              ]
            },
            {
              "key": 74,
              "phase": 0.6065573770491802,
              "maxWitnessErrorM": 0.0022153315563442355,
              "toeDownDegrees": [
                0.5400231786895602,
                1.5401873486976336,
                2.0783523888141118
              ]
            },
            {
              "key": 75,
              "phase": 0.6147540983606558,
              "maxWitnessErrorM": 0.0021988793469254198,
              "toeDownDegrees": [
                0.7248546104155363,
                1.7855401100516926,
                2.394430258976446
              ]
            },
            {
              "key": 76,
              "phase": 0.6229508196721312,
              "maxWitnessErrorM": 0.002146306108050222,
              "toeDownDegrees": [
                0.9293031067517342,
                2.041219764785285,
                2.7221394345404457
              ]
            },
            {
              "key": 77,
              "phase": 0.6311475409836066,
              "maxWitnessErrorM": 0.002062991797318725,
              "toeDownDegrees": [
                1.1475534553685987,
                2.301254938457123,
                3.0540143730814604
              ]
            },
            {
              "key": 78,
              "phase": 0.6393442622950819,
              "maxWitnessErrorM": 0.0019566918455122817,
              "toeDownDegrees": [
                1.372557703818147,
                2.5588740321598533,
                3.3816383596721638
              ]
            },
            {
              "key": 79,
              "phase": 0.6475409836065573,
              "maxWitnessErrorM": 0.002279616199166057,
              "toeDownDegrees": [
                1.5964512226735936,
                2.8068717933343588,
                3.6960899840556003
              ]
            },
            {
              "key": 80,
              "phase": 0.6557377049180327,
              "maxWitnessErrorM": 0.0026022809736019337,
              "toeDownDegrees": [
                1.8110748972389004,
                3.0380588775157524,
                3.988493194345491
              ]
            },
            {
              "key": 81,
              "phase": 0.6639344262295082,
              "maxWitnessErrorM": 0.0028878320782177447,
              "toeDownDegrees": [
                2.008577610368145,
                3.2457735345234937,
                4.250646374897477
              ]
            },
            {
              "key": 82,
              "phase": 0.6721311475409836,
              "maxWitnessErrorM": 0.0031236143504544955,
              "toeDownDegrees": [
                2.1821101266823226,
                3.4244633192909872,
                4.475740041829501
              ]
            },
            {
              "key": 83,
              "phase": 0.680327868852459,
              "maxWitnessErrorM": 0.0032998886377595404,
              "toeDownDegrees": [
                2.3263232648381305,
                3.5701137693923353,
                4.658892243779366
              ]
            },
            {
              "key": 84,
              "phase": 0.6885245901639344,
              "maxWitnessErrorM": 0.003576031416959502,
              "toeDownDegrees": [
                2.5264494246197025,
                3.749346431947206,
                4.880867972476102
              ]
            },
            {
              "key": 85,
              "phase": 0.6967213114754097,
              "maxWitnessErrorM": 0.0035428810144204625,
              "toeDownDegrees": [
                2.5563528184538513,
                3.7878712818803644,
                4.930693480317349
              ]
            },
            {
              "key": 86,
              "phase": 0.7049180327868853,
              "maxWitnessErrorM": 0.0034856338847395474,
              "toeDownDegrees": [
                2.5791998088252677,
                3.813664316035796,
                4.963668794840859
              ]
            },
            {
              "key": 87,
              "phase": 0.7131147540983607,
              "maxWitnessErrorM": 0.0034134690366278697,
              "toeDownDegrees": [
                2.596580723109542,
                3.8299958366422975,
                4.984150760054088
              ]
            },
            {
              "key": 88,
              "phase": 0.7213114754098361,
              "maxWitnessErrorM": 0.0033351207397376292,
              "toeDownDegrees": [
                2.611162531287346,
                3.8414380401606687,
                4.998170796554898
              ]
            },
            {
              "key": 89,
              "phase": 0.7295081967213114,
              "maxWitnessErrorM": 0.003409924277375076,
              "toeDownDegrees": [
                2.7368685155951806,
                3.905469620404204,
                5.06944244243531
              ]
            },
            {
              "key": 171,
              "phase": 0.401639344262295,
              "maxWitnessErrorM": 0.0,
              "toeDownDegrees": [
                0.0,
                0.0,
                0.0
              ]
            },
            {
              "key": 172,
              "phase": 0.4098360655737705,
              "maxWitnessErrorM": 1.3937742957992327e-05,
              "toeDownDegrees": [
                0.0002173648605542785,
                0.00015392561673342812,
                0.0001961474114485874
              ]
            },
            {
              "key": 173,
              "phase": 0.4180327868852458,
              "maxWitnessErrorM": 2.980715472622464e-05,
              "toeDownDegrees": [
                0.0004490525716415686,
                0.00031702497583843854,
                0.000404876628955301
              ]
            },
            {
              "key": 174,
              "phase": 0.42622950819672134,
              "maxWitnessErrorM": 4.777754498519471e-05,
              "toeDownDegrees": [
                0.0006948788023503104,
                0.0004889974478606867,
                0.000625960894319539
              ]
            },
            {
              "key": 175,
              "phase": 0.43442622950819665,
              "maxWitnessErrorM": 6.801536418121756e-05,
              "toeDownDegrees": [
                0.0009545951418039957,
                0.0006694895226632215,
                0.0008591129206194812
              ]
            },
            {
              "key": 176,
              "phase": 0.4426229508196722,
              "maxWitnessErrorM": 9.068346445406661e-05,
              "toeDownDegrees": [
                0.0012278755790816368,
                0.0008580955461775402,
                0.0011039769436125737
              ]
            },
            {
              "key": 177,
              "phase": 0.45081967213114726,
              "maxWitnessErrorM": 0.00011594052000685195,
              "toeDownDegrees": [
                0.0015143775769990368,
                0.001054399021614146,
                0.0013601815708844341
              ]
            },
            {
              "key": 178,
              "phase": 0.4590163934426228,
              "maxWitnessErrorM": 0.00014394064152867259,
              "toeDownDegrees": [
                0.0018137911292513663,
                0.0012580140248288328,
                0.001627387723738872
              ]
            },
            {
              "key": 179,
              "phase": 0.4672131147540983,
              "maxWitnessErrorM": 0.00017545290929010804,
              "toeDownDegrees": [
                0.0015344765366607797,
                0.001384370482979899,
                0.0018794550664942798
              ]
            },
            {
              "key": 180,
              "phase": 0.47540983606557363,
              "maxWitnessErrorM": 0.000222152827838773,
              "toeDownDegrees": [
                -0.0030444878978576543,
                0.0009026456052454377,
                0.0019522234652499053
              ]
            },
            {
              "key": 181,
              "phase": 0.48360655737704916,
              "maxWitnessErrorM": 0.00028684124452427184,
              "toeDownDegrees": [
                -0.011288382914612203,
                0.0028661263622536985,
                0.006027835060262224
              ]
            },
            {
              "key": 182,
              "phase": 0.49180327868852447,
              "maxWitnessErrorM": 0.0003585204606189052,
              "toeDownDegrees": [
                -0.01459601800886832,
                0.015901023985476655,
                0.02486017971870299
              ]
            },
            {
              "key": 183,
              "phase": 0.5,
              "maxWitnessErrorM": 0.0004804738616766002,
              "toeDownDegrees": [
                -0.03771526312001277,
                0.022397066372090255,
                0.037616357462424733
              ]
            },
            {
              "key": 184,
              "phase": 0.5081967213114755,
              "maxWitnessErrorM": 0.0006000807043724521,
              "toeDownDegrees": [
                -0.047918794301944796,
                0.0485640573815043,
                0.07594275478856255
              ]
            },
            {
              "key": 185,
              "phase": 0.5163934426229506,
              "maxWitnessErrorM": 0.0007854499663015879,
              "toeDownDegrees": [
                -0.0867804188580124,
                0.06287111032018335,
                0.10211101721631603
              ]
            },
            {
              "key": 186,
              "phase": 0.5245901639344261,
              "maxWitnessErrorM": 0.0010643904321705477,
              "toeDownDegrees": [
                -0.17189533217036512,
                0.05183152156302597,
                0.0999592733392706
              ]
            },
            {
              "key": 187,
              "phase": 0.5327868852459015,
              "maxWitnessErrorM": 0.001217157171824912,
              "toeDownDegrees": [
                -0.1690362298793289,
                0.11881845390032265,
                0.19348741531776414
              ]
            },
            {
              "key": 188,
              "phase": 0.540983606557377,
              "maxWitnessErrorM": 0.0013744574172709356,
              "toeDownDegrees": [
                -0.15760750712478436,
                0.20200683208203438,
                0.30840512730938957
              ]
            },
            {
              "key": 189,
              "phase": 0.5491803278688525,
              "maxWitnessErrorM": 0.0015319549334011917,
              "toeDownDegrees": [
                -0.13478472430683663,
                0.302742310864514,
                0.44616667114154834
              ]
            },
            {
              "key": 190,
              "phase": 0.5573770491803278,
              "maxWitnessErrorM": 0.001683248520589764,
              "toeDownDegrees": [
                -0.09679009831292089,
                0.4228687806714873,
                0.6087794298232261
              ]
            },
            {
              "key": 191,
              "phase": 0.5655737704918034,
              "maxWitnessErrorM": 0.0018224356093323735,
              "toeDownDegrees": [
                -0.04053245551093906,
                0.5635019554306926,
                0.7973409337890018
              ]
            },
            {
              "key": 192,
              "phase": 0.5737704918032784,
              "maxWitnessErrorM": 0.0019441117174672229,
              "toeDownDegrees": [
                0.03636798452096849,
                0.725048533726387,
                1.0120696682110848
              ]
            },
            {
              "key": 193,
              "phase": 0.581967213114754,
              "maxWitnessErrorM": 0.002044418181602392,
              "toeDownDegrees": [
                0.1349397924695979,
                0.9067488713976347,
                1.2517626478226
              ]
            },
            {
              "key": 194,
              "phase": 0.5901639344262295,
              "maxWitnessErrorM": 0.0021401974634200904,
              "toeDownDegrees": [
                0.24318421293720158,
                1.0976659025072844,
                1.5029605448956918
              ]
            },
            {
              "key": 195,
              "phase": 0.5983606557377048,
              "maxWitnessErrorM": 0.002199488403782812,
              "toeDownDegrees": [
                0.37865510787202217,
                1.3097145692919225,
                1.7796786525886357
              ]
            },
            {
              "key": 196,
              "phase": 0.6065573770491803,
              "maxWitnessErrorM": 0.0022213227623950615,
              "toeDownDegrees": [
                0.5396262499818094,
                1.539875312493451,
                2.077981369390273
              ]
            },
            {
              "key": 197,
              "phase": 0.6147540983606556,
              "maxWitnessErrorM": 0.0022045345068244515,
              "toeDownDegrees": [
                0.7242939667963443,
                1.7851015528112164,
                2.393906058837172
              ]
            },
            {
              "key": 198,
              "phase": 0.6229508196721312,
              "maxWitnessErrorM": 0.0021516043803826435,
              "toeDownDegrees": [
                0.9285518823852272,
                2.0406338634934262,
                2.721436649821973
              ]
            },
            {
              "key": 199,
              "phase": 0.6311475409836065,
              "maxWitnessErrorM": 0.0020679174663862376,
              "toeDownDegrees": [
                1.1465913335775728,
                2.300505967528464,
                3.0531137074626113
              ]
            },
            {
              "key": 200,
              "phase": 0.6393442622950818,
              "maxWitnessErrorM": 0.001961231967890331,
              "toeDownDegrees": [
                1.3713726273390796,
                2.5579527048522013,
                3.3805282550086995
              ]
            },
            {
              "key": 201,
              "phase": 0.6475409836065573,
              "maxWitnessErrorM": 0.0022754562003868273,
              "toeDownDegrees": [
                1.5950403303985177,
                2.8057759744843134,
                3.69476754347336
              ]
            },
            {
              "key": 202,
              "phase": 0.6557377049180326,
              "maxWitnessErrorM": 0.002598522727632613,
              "toeDownDegrees": [
                1.8094446988269604,
                3.0367936786460232,
                3.9869643415064364
              ]
            },
            {
              "key": 203,
              "phase": 0.6639344262295082,
              "maxWitnessErrorM": 0.0028844925807693933,
              "toeDownDegrees": [
                2.006743302257938,
                3.244350821492303,
                4.248925268947705
              ]
            },
            {
              "key": 204,
              "phase": 0.6721311475409835,
              "maxWitnessErrorM": 0.003120714880935793,
              "toeDownDegrees": [
                2.1800944180484065,
                3.4229007407398213,
                4.473847971121206
              ]
            },
            {
              "key": 205,
              "phase": 0.680327868852459,
              "maxWitnessErrorM": 0.003297453796101024,
              "toeDownDegrees": [
                2.3241545601669666,
                3.5684333770501198,
                4.656855939850748
              ]
            },
            {
              "key": 206,
              "phase": 0.6885245901639345,
              "maxWitnessErrorM": 0.003573838316270894,
              "toeDownDegrees": [
                2.524091750231247,
                3.7475206598519715,
                4.878653807645525
              ]
            },
            {
              "key": 207,
              "phase": 0.6967213114754098,
              "maxWitnessErrorM": 0.0035411769036102214,
              "toeDownDegrees": [
                2.55394596688283,
                3.7860078027319526,
                4.928432761266957
              ]
            },
            {
              "key": 208,
              "phase": 0.7049180327868851,
              "maxWitnessErrorM": 0.0034844819369839186,
              "toeDownDegrees": [
                2.576756706603987,
                3.811773239338399,
                4.961373792989114
              ]
            },
            {
              "key": 209,
              "phase": 0.7131147540983604,
              "maxWitnessErrorM": 0.0034128799238599683,
              "toeDownDegrees": [
                2.5941157914631314,
                3.8280883722421755,
                4.981835144762387
              ]
            },
            {
              "key": 210,
              "phase": 0.721311475409836,
              "maxWitnessErrorM": 0.0033350817129376154,
              "toeDownDegrees": [
                2.608690106746273,
                3.839525301628193,
                4.995848104250075
              ]
            },
            {
              "key": 211,
              "phase": 0.7295081967213115,
              "maxWitnessErrorM": 0.003410391690984227,
              "toeDownDegrees": [
                2.734403777236804,
                3.903564410962936,
                5.06712782798086
              ]
            }
          ],
          "passiveIntegration": [
            {
              "cycle": 0,
              "bone": "Bone_044",
              "anchorKey": 89,
              "lagKeys": [
                90,
                91,
                92,
                93,
                94,
                95,
                96,
                97
              ],
              "restOrientation": "release_orientation",
              "activeTarget": null,
              "translationCorrection": false,
              "initialAngularSpeedRadS": 0.022861891155439976,
              "finalAngularSpeedRadS": 0.007122194415361992,
              "mechanics": {
                "springK": 14.0,
                "dampingC": 7.0
              }
            },
            {
              "cycle": 0,
              "bone": "Bone_050",
              "anchorKey": 89,
              "lagKeys": [
                90,
                91,
                92,
                93,
                94,
                95,
                96,
                97
              ],
              "restOrientation": "release_orientation",
              "activeTarget": null,
              "translationCorrection": false,
              "initialAngularSpeedRadS": 0.05112811874097204,
              "finalAngularSpeedRadS": 0.01592800872373447,
              "mechanics": {
                "springK": 14.0,
                "dampingC": 7.0
              }
            },
            {
              "cycle": 0,
              "bone": "Bone_047",
              "anchorKey": 89,
              "lagKeys": [
                90,
                91,
                92,
                93,
                94,
                95,
                96,
                97
              ],
              "restOrientation": "release_orientation",
              "activeTarget": null,
              "translationCorrection": false,
              "initialAngularSpeedRadS": 0.03764503617620392,
              "finalAngularSpeedRadS": 0.011727606635746833,
              "mechanics": {
                "springK": 14.0,
                "dampingC": 7.0
              }
            },
            {
              "cycle": 0,
              "bone": "Bone_008",
              "anchorKey": 89,
              "lagKeys": [
                90,
                91,
                92,
                93,
                94,
                95,
                96,
                97
              ],
              "restOrientation": "release_orientation",
              "activeTarget": null,
              "translationCorrection": false,
              "initialAngularSpeedRadS": 0.604116611936873,
              "finalAngularSpeedRadS": 0.1882012266837512,
              "mechanics": {
                "springK": 14.0,
                "dampingC": 7.0
              }
            },
            {
              "cycle": 1,
              "bone": "Bone_044",
              "anchorKey": 211,
              "lagKeys": [
                212,
                213,
                214,
                215,
                216,
                217,
                218,
                219
              ],
              "restOrientation": "release_orientation",
              "activeTarget": null,
              "translationCorrection": false,
              "initialAngularSpeedRadS": 0.022869934374261287,
              "finalAngularSpeedRadS": 0.00712470012968725,
              "mechanics": {
                "springK": 14.0,
                "dampingC": 7.0
              }
            },
            {
              "cycle": 1,
              "bone": "Bone_050",
              "anchorKey": 211,
              "lagKeys": [
                212,
                213,
                214,
                215,
                216,
                217,
                218,
                219
              ],
              "restOrientation": "release_orientation",
              "activeTarget": null,
              "translationCorrection": false,
              "initialAngularSpeedRadS": 0.05112023991080206,
              "finalAngularSpeedRadS": 0.015925554221617625,
              "mechanics": {
                "springK": 14.0,
                "dampingC": 7.0
              }
            },
            {
              "cycle": 1,
              "bone": "Bone_047",
              "anchorKey": 211,
              "lagKeys": [
                212,
                213,
                214,
                215,
                216,
                217,
                218,
                219
              ],
              "restOrientation": "release_orientation",
              "activeTarget": null,
              "translationCorrection": false,
              "initialAngularSpeedRadS": 0.037636583096082164,
              "finalAngularSpeedRadS": 0.011724973236802431,
              "mechanics": {
                "springK": 14.0,
                "dampingC": 7.0
              }
            },
            {
              "cycle": 1,
              "bone": "Bone_008",
              "anchorKey": 211,
              "lagKeys": [
                212,
                213,
                214,
                215,
                216,
                217,
                218,
                219
              ],
              "restOrientation": "release_orientation",
              "activeTarget": null,
              "translationCorrection": false,
              "initialAngularSpeedRadS": 0.6002241680648251,
              "finalAngularSpeedRadS": 0.18698860862782923,
              "mechanics": {
                "springK": 14.0,
                "dampingC": 7.0
              }
            }
          ]
        },
        "r": {
          "activeToeContactKeys": 66,
          "rockerOnset": 0.46,
          "release": 0.735,
          "passiveLagEnd": 0.8,
          "receivingArm": 0.818,
          "flatten": 0.88,
          "witnessVertexIndices": [
            41588,
            41368,
            41936
          ],
          "contactLock": [
            {
              "key": 0,
              "phase": 0.5,
              "maxWitnessErrorM": 3.46008312140933e-08,
              "toeDownDegrees": [
                6.10112203652732e-06,
                4.659126155279188e-06,
                1.2451153559292726e-05
              ]
            },
            {
              "key": 1,
              "phase": 0.5081967213114754,
              "maxWitnessErrorM": 0.00019879730376659577,
              "toeDownDegrees": [
                -0.0016174109206463535,
                -0.0035835622794517727,
                -0.05336245082385518
              ]
            },
            {
              "key": 2,
              "phase": 0.5163934426229508,
              "maxWitnessErrorM": 0.00045406025003935646,
              "toeDownDegrees": [
                -0.004771674339730627,
                -0.009164803560245805,
                -0.12423557124572865
              ]
            },
            {
              "key": 3,
              "phase": 0.5245901639344261,
              "maxWitnessErrorM": 0.0007342912057921591,
              "toeDownDegrees": [
                0.0024404613850750275,
                -0.006342520445067089,
                -0.19585163694058808
              ]
            },
            {
              "key": 4,
              "phase": 0.5327868852459017,
              "maxWitnessErrorM": 0.001082109387862018,
              "toeDownDegrees": [
                0.00023504778292727168,
                -0.012409701921664464,
                -0.29592008170313766
              ]
            },
            {
              "key": 5,
              "phase": 0.540983606557377,
              "maxWitnessErrorM": 0.0012899147365081909,
              "toeDownDegrees": [
                0.07883067058813671,
                0.05157787608445025,
                -0.29556880270240815
              ]
            },
            {
              "key": 6,
              "phase": 0.5491803278688525,
              "maxWitnessErrorM": 0.001621151932445608,
              "toeDownDegrees": [
                0.12192441149102604,
                0.08393935528261684,
                -0.3585720997740432
              ]
            },
            {
              "key": 7,
              "phase": 0.5573770491803278,
              "maxWitnessErrorM": 0.0020038871018444038,
              "toeDownDegrees": [
                0.15912041394560011,
                0.11063341318456808,
                -0.44120451886182777
              ]
            },
            {
              "key": 8,
              "phase": 0.5655737704918034,
              "maxWitnessErrorM": 0.0023566163119682626,
              "toeDownDegrees": [
                0.2244269544667695,
                0.1614819282565584,
                -0.493378507257995
              ]
            },
            {
              "key": 9,
              "phase": 0.5737704918032787,
              "maxWitnessErrorM": 0.0026577771777239745,
              "toeDownDegrees": [
                0.3253292012577105,
                0.2431169229636531,
                -0.502438022111035
              ]
            },
            {
              "key": 10,
              "phase": 0.5819672131147541,
              "maxWitnessErrorM": 0.002887403918213627,
              "toeDownDegrees": [
                0.46828372591020995,
                0.3612739654430267,
                -0.45703675526550674
              ]
            },
            {
              "key": 11,
              "phase": 0.5901639344262295,
              "maxWitnessErrorM": 0.0030286989056511615,
              "toeDownDegrees": [
                0.6579258014584615,
                0.5200939267759672,
                -0.34828720285691706
              ]
            },
            {
              "key": 12,
              "phase": 0.5983606557377049,
              "maxWitnessErrorM": 0.003069420214058094,
              "toeDownDegrees": [
                0.8963659726322161,
                0.7215039854257046,
                -0.1707800229950825
              ]
            },
            {
              "key": 13,
              "phase": 0.6065573770491803,
              "maxWitnessErrorM": 0.0030027353134630674,
              "toeDownDegrees": [
                1.1827843303732528,
                0.9648611333192176,
                0.07681238360583195
              ]
            },
            {
              "key": 14,
              "phase": 0.6147540983606558,
              "maxWitnessErrorM": 0.002828578069438148,
              "toeDownDegrees": [
                1.512902833563056,
                1.2464921613717734,
                0.39094742431841
              ]
            },
            {
              "key": 15,
              "phase": 0.6229508196721312,
              "maxWitnessErrorM": 0.002554478768801216,
              "toeDownDegrees": [
                1.8788260587798096,
                1.5595591583333728,
                0.7629244689164744
              ]
            },
            {
              "key": 16,
              "phase": 0.6311475409836066,
              "maxWitnessErrorM": 0.002194532594051557,
              "toeDownDegrees": [
                2.2698210455904144,
                1.8947474295177271,
                1.179901820808502
              ]
            },
            {
              "key": 17,
              "phase": 0.639344262295082,
              "maxWitnessErrorM": 0.001769457077785086,
              "toeDownDegrees": [
                2.672671212119377,
                2.2405816827538527,
                1.6252980797891794
              ]
            },
            {
              "key": 18,
              "phase": 0.6475409836065573,
              "maxWitnessErrorM": 0.0013054988928811184,
              "toeDownDegrees": [
                3.072532584080542,
                2.5841790963773463,
                2.0798962859086902
              ]
            },
            {
              "key": 19,
              "phase": 0.6557377049180328,
              "maxWitnessErrorM": 0.001679582694100068,
              "toeDownDegrees": [
                3.4540126679637755,
                2.9121923551290427,
                2.5232684109613457
              ]
            },
            {
              "key": 20,
              "phase": 0.6639344262295082,
              "maxWitnessErrorM": 0.0020964437440862405,
              "toeDownDegrees": [
                3.8024046492261245,
                3.2118819679576345,
                2.9354368550655145
              ]
            },
            {
              "key": 21,
              "phase": 0.6721311475409836,
              "maxWitnessErrorM": 0.0024552850052567132,
              "toeDownDegrees": [
                4.104993392215931,
                3.472244515285207,
                3.298662483286864
              ]
            },
            {
              "key": 22,
              "phase": 0.680327868852459,
              "maxWitnessErrorM": 0.0027375767567665577,
              "toeDownDegrees": [
                4.352338686671139,
                3.685115583012668,
                3.599225894423745
              ]
            },
            {
              "key": 23,
              "phase": 0.6885245901639344,
              "maxWitnessErrorM": 0.003207205348694897,
              "toeDownDegrees": [
                4.684352354731431,
                3.9721371452070975,
                4.035468232728609
              ]
            },
            {
              "key": 24,
              "phase": 0.6967213114754098,
              "maxWitnessErrorM": 0.0031681640705404357,
              "toeDownDegrees": [
                4.729820574991953,
                4.010598183285327,
                4.077000226474104
              ]
            },
            {
              "key": 25,
              "phase": 0.7049180327868853,
              "maxWitnessErrorM": 0.003108881639765526,
              "toeDownDegrees": [
                4.758769207289927,
                4.0351695216639465,
                4.10605640830601
              ]
            },
            {
              "key": 26,
              "phase": 0.7131147540983607,
              "maxWitnessErrorM": 0.003037482430299443,
              "toeDownDegrees": [
                4.775449482219367,
                4.049417866702977,
                4.1255867177672805
              ]
            },
            {
              "key": 27,
              "phase": 0.721311475409836,
              "maxWitnessErrorM": 0.002961555383605541,
              "toeDownDegrees": [
                4.785863922627834,
                4.0583984628984995,
                4.140328039753987
              ]
            },
            {
              "key": 28,
              "phase": 0.7295081967213115,
              "maxWitnessErrorM": 0.0030468941070791455,
              "toeDownDegrees": [
                4.852273979341108,
                4.118145616554057,
                4.286056179760301
              ]
            },
            {
              "key": 110,
              "phase": 0.4016393442622951,
              "maxWitnessErrorM": 0.0,
              "toeDownDegrees": [
                0.0,
                0.0,
                0.0
              ]
            },
            {
              "key": 111,
              "phase": 0.4098360655737705,
              "maxWitnessErrorM": 1.8439100543332643e-05,
              "toeDownDegrees": [
                0.00016033456176382747,
                0.00013112110606832588,
                0.0002756841249252227
              ]
            },
            {
              "key": 112,
              "phase": 0.4180327868852458,
              "maxWitnessErrorM": 3.827828223856855e-05,
              "toeDownDegrees": [
                0.00032915762597255944,
                0.0002689773286905506,
                0.0005670411143281784
              ]
            },
            {
              "key": 113,
              "phase": 0.42622950819672123,
              "maxWitnessErrorM": 5.9665906520400824e-05,
              "toeDownDegrees": [
                0.0005060451050498124,
                0.0004131277292724161,
                0.0008738287050779684
              ]
            },
            {
              "key": 114,
              "phase": 0.43442622950819676,
              "maxWitnessErrorM": 8.275255956213812e-05,
              "toeDownDegrees": [
                0.0006904864548473201,
                0.0005630514435999629,
                0.0011957110641538145
              ]
            },
            {
              "key": 115,
              "phase": 0.44262295081967207,
              "maxWitnessErrorM": 0.00010768961282714429,
              "toeDownDegrees": [
                0.000881880077035332,
                0.0007181492886146359,
                0.001532209517109397
              ]
            },
            {
              "key": 116,
              "phase": 0.4508196721311475,
              "maxWitnessErrorM": 0.00013462783865003658,
              "toeDownDegrees": [
                0.0010795780923508642,
                0.0008777820005094748,
                0.0018827825140222275
              ]
            },
            {
              "key": 117,
              "phase": 0.4590163934426229,
              "maxWitnessErrorM": 0.0001637162427110539,
              "toeDownDegrees": [
                0.001282927777474258,
                0.0010413060027172237,
                0.0022468741390314286
              ]
            },
            {
              "key": 118,
              "phase": 0.4672131147540983,
              "maxWitnessErrorM": 0.00019581094012366407,
              "toeDownDegrees": [
                0.0014625384924306498,
                0.0011595520087005378,
                0.002024893312688086
              ]
            },
            {
              "key": 119,
              "phase": 0.47540983606557363,
              "maxWitnessErrorM": 0.0002428228452369119,
              "toeDownDegrees": [
                0.0014350661194689552,
                0.0009251325886045722,
                -0.0025478642827119805
              ]
            },
            {
              "key": 120,
              "phase": 0.48360655737704916,
              "maxWitnessErrorM": 0.00031903683556699924,
              "toeDownDegrees": [
                0.0009964539791833976,
                -1.888471549495601e-06,
                -0.01563171011451324
              ]
            },
            {
              "key": 121,
              "phase": 0.4918032786885246,
              "maxWitnessErrorM": 0.00043285465747522345,
              "toeDownDegrees": [
                -1.5451043698756844e-05,
                -0.0018893860256423978,
                -0.0404323467963526
              ]
            },
            {
              "key": 122,
              "phase": 0.5,
              "maxWitnessErrorM": 0.0005913302277973376,
              "toeDownDegrees": [
                -0.0017232998004577105,
                -0.004938060746234751,
                -0.07932245265763566
              ]
            },
            {
              "key": 123,
              "phase": 0.5081967213114755,
              "maxWitnessErrorM": 0.0007987600864227673,
              "toeDownDegrees": [
                -0.00421003316516696,
                -0.009283886619779242,
                -0.13386857301796767
              ]
            },
            {
              "key": 124,
              "phase": 0.5163934426229508,
              "maxWitnessErrorM": 0.0010563007513166855,
              "toeDownDegrees": [
                -0.00751319611680437,
                -0.01499552686359922,
                -0.20489099830480864
              ]
            },
            {
              "key": 125,
              "phase": 0.5245901639344261,
              "maxWitnessErrorM": 0.001337039216639857,
              "toeDownDegrees": [
                -0.0003508286858662962,
                -0.012216273033781241,
                -0.2765167365790718
              ]
            },
            {
              "key": 126,
              "phase": 0.5327868852459015,
              "maxWitnessErrorM": 0.0016846317663530286,
              "toeDownDegrees": [
                -0.0025759497590147813,
                -0.01829948809836263,
                -0.3765344665130487
              ]
            },
            {
              "key": 127,
              "phase": 0.540983606557377,
              "maxWitnessErrorM": 0.0018924745148902744,
              "toeDownDegrees": [
                0.07601625566315699,
                0.04568443693779414,
                -0.37616812794030613
              ]
            },
            {
              "key": 128,
              "phase": 0.5491803278688525,
              "maxWitnessErrorM": 0.0022233546147918393,
              "toeDownDegrees": [
                0.11910754923433668,
                0.07804424602750182,
                -0.4391150678912119
              ]
            },
            {
              "key": 129,
              "phase": 0.5573770491803278,
              "maxWitnessErrorM": 0.002605587111755181,
              "toeDownDegrees": [
                0.15630268185659782,
                0.10473834030909429,
                -0.5216758710977067
              ]
            },
            {
              "key": 130,
              "phase": 0.5655737704918034,
              "maxWitnessErrorM": 0.0029579193896536182,
              "toeDownDegrees": [
                0.2216123162823159,
                0.15558974400934886,
                -0.5737899522648765
              ]
            },
            {
              "key": 131,
              "phase": 0.5737704918032787,
              "maxWitnessErrorM": 0.003258853666072925,
              "toeDownDegrees": [
                0.32252180268238995,
                0.23723040253772623,
                -0.5828085833865481
              ]
            },
            {
              "key": 132,
              "phase": 0.581967213114754,
              "maxWitnessErrorM": 0.003488480907325675,
              "toeDownDegrees": [
                0.465487394440402,
                0.35539539816125454,
                -0.5373927872028932
              ]
            },
            {
              "key": 133,
              "phase": 0.5901639344262295,
              "maxWitnessErrorM": 0.0036300491508098887,
              "toeDownDegrees": [
                0.6551434360513523,
                0.5142246118394439,
                -0.4286619773232691
              ]
            },
            {
              "key": 134,
              "phase": 0.5983606557377048,
              "maxWitnessErrorM": 0.0036713469881288763,
              "toeDownDegrees": [
                0.8935989775170229,
                0.7156438001267764,
                -0.25121265880552146
              ]
            },
            {
              "key": 135,
              "phase": 0.6065573770491803,
              "maxWitnessErrorM": 0.0036055548493527656,
              "toeDownDegrees": [
                1.1800322646257366,
                0.95900830627686,
                -0.0037215761474578323
              ]
            },
            {
              "key": 136,
              "phase": 0.6147540983606556,
              "maxWitnessErrorM": 0.003432597964852624,
              "toeDownDegrees": [
                1.5101632981671702,
                1.240643245327575,
                0.31026669430829357
              ]
            },
            {
              "key": 137,
              "phase": 0.6229508196721312,
              "maxWitnessErrorM": 0.003159974275862787,
              "toeDownDegrees": [
                1.8760948107519901,
                1.553709241147934,
                0.6820526166046712
              ]
            },
            {
              "key": 138,
              "phase": 0.6311475409836065,
              "maxWitnessErrorM": 0.0028017269457887295,
              "toeDownDegrees": [
                2.267092395761523,
                1.8888905708825219,
                1.098798563649465
              ]
            },
            {
              "key": 139,
              "phase": 0.639344262295082,
              "maxWitnessErrorM": 0.002378502427967888,
              "toeDownDegrees": [
                2.669938499763907,
                2.23471142585718,
                1.543930512250734
              ]
            },
            {
              "key": 140,
              "phase": 0.6475409836065573,
              "maxWitnessErrorM": 0.0019164615775326688,
              "toeDownDegrees": [
                3.069788699542918,
                2.5782889934870554,
                1.998241798931694
              ]
            },
            {
              "key": 141,
              "phase": 0.6557377049180326,
              "maxWitnessErrorM": 0.001445489831895408,
              "toeDownDegrees": [
                3.4512505433574194,
                2.9062764419692844,
                2.441317014418843
              ]
            },
            {
              "key": 142,
              "phase": 0.6639344262295082,
              "maxWitnessErrorM": 0.0016306146772815389,
              "toeDownDegrees": [
                3.7996176670847834,
                3.205935131996501,
                2.8531923349150308
              ]
            },
            {
              "key": 143,
              "phase": 0.6721311475409835,
              "maxWitnessErrorM": 0.0019895196843324747,
              "toeDownDegrees": [
                4.102175704199974,
                3.4662627474882597,
                3.2161422779621827
              ]
            },
            {
              "key": 144,
              "phase": 0.680327868852459,
              "maxWitnessErrorM": 0.002271905408183894,
              "toeDownDegrees": [
                4.349485508838751,
                3.679096130319945,
                3.5164593940151283
              ]
            },
            {
              "key": 145,
              "phase": 0.6885245901639345,
              "maxWitnessErrorM": 0.00274158770841737,
              "toeDownDegrees": [
                4.68146429196404,
                3.9660775856384736,
                3.9523584653697994
              ]
            },
            {
              "key": 146,
              "phase": 0.6967213114754098,
              "maxWitnessErrorM": 0.0027026634057256693,
              "toeDownDegrees": [
                4.726889904489121,
                4.004500594871819,
                3.9938025052378596
              ]
            },
            {
              "key": 147,
              "phase": 0.7049180327868851,
              "maxWitnessErrorM": 0.002643545561638927,
              "toeDownDegrees": [
                4.75579586511887,
                4.02903422110378,
                4.0227768728200335
              ]
            },
            {
              "key": 148,
              "phase": 0.7131147540983604,
              "maxWitnessErrorM": 0.0025723402476511836,
              "toeDownDegrees": [
                4.772434715129274,
                4.043246221870914,
                4.042232095517182
              ]
            },
            {
              "key": 149,
              "phase": 0.721311475409836,
              "maxWitnessErrorM": 0.002496625476705816,
              "toeDownDegrees": [
                4.782810129281918,
                4.052192690945787,
                4.056904245078115
              ]
            },
            {
              "key": 150,
              "phase": 0.7295081967213115,
              "maxWitnessErrorM": 0.0025821829309990996,
              "toeDownDegrees": [
                4.849192398434048,
                4.11191292742564,
                4.2024775401802446
              ]
            },
            {
              "key": 232,
              "phase": 0.401639344262295,
              "maxWitnessErrorM": 0.0,
              "toeDownDegrees": [
                0.0,
                0.0,
                0.0
              ]
            },
            {
              "key": 233,
              "phase": 0.4098360655737705,
              "maxWitnessErrorM": 1.844016374041857e-05,
              "toeDownDegrees": [
                0.00015940224410916623,
                0.00013030596565660787,
                0.0002743555079739961
              ]
            },
            {
              "key": 234,
              "phase": 0.4180327868852458,
              "maxWitnessErrorM": 3.8262354244533725e-05,
              "toeDownDegrees": [
                0.00032731096830685726,
                0.00026737157552775786,
                0.0005643637155927938
              ]
            },
            {
              "key": 235,
              "phase": 0.42622950819672134,
              "maxWitnessErrorM": 5.961407054666523e-05,
              "toeDownDegrees": [
                0.0005033092167571709,
                0.0004107625262434239,
                0.0008697904429696243
              ]
            },
            {
              "key": 236,
              "phase": 0.43442622950819665,
              "maxWitnessErrorM": 8.26451077244883e-05,
              "toeDownDegrees": [
                0.0006868946185052652,
                0.0005599650768217596,
                0.001190310022840749
              ]
            },
            {
              "key": 237,
              "phase": 0.4426229508196722,
              "maxWitnessErrorM": 0.0001075061594852933,
              "toeDownDegrees": [
                0.0008774750365521103,
                0.0007143892604522717,
                0.001525454789700807
              ]
            },
            {
              "key": 238,
              "phase": 0.45081967213114726,
              "maxWitnessErrorM": 0.0001343474864463623,
              "toeDownDegrees": [
                0.0010744131217491763,
                0.0008734051756513259,
                0.0018746970173454903
              ]
            },
            {
              "key": 239,
              "phase": 0.4590163934426228,
              "maxWitnessErrorM": 0.00016331780084577474,
              "toeDownDegrees": [
                0.0012770681004215924,
                0.0010363797729507438,
                0.0022374978978763416
              ]
            },
            {
              "key": 240,
              "phase": 0.4672131147540983,
              "maxWitnessErrorM": 0.00019527320656687053,
              "toeDownDegrees": [
                0.0014560581581293725,
                0.001154151172806178,
                0.0020142799332773615
              ]
            },
            {
              "key": 241,
              "phase": 0.4754098360655734,
              "maxWitnessErrorM": 0.00024213469581058078,
              "toeDownDegrees": [
                0.0014280323413679193,
                0.0009193267951945087,
                -0.0025595749481130262
              ]
            },
            {
              "key": 242,
              "phase": 0.48360655737704916,
              "maxWitnessErrorM": 0.00031816982023169516,
              "toeDownDegrees": [
                0.0009889514911257328,
                -8.01694537518448e-06,
                -0.015644638891125086
              ]
            },
            {
              "key": 243,
              "phase": 0.49180327868852425,
              "maxWitnessErrorM": 0.00043178954023970206,
              "toeDownDegrees": [
                -2.3290964044126564e-05,
                -0.0018957127228842084,
                -0.040446245923246284
              ]
            }
          ],
          "passiveIntegration": [
            {
              "cycle": 0,
              "bone": "Bone_053",
              "anchorKey": 28,
              "lagKeys": [
                29,
                30,
                31,
                32,
                33,
                34,
                35,
                36
              ],
              "restOrientation": "release_orientation",
              "activeTarget": null,
              "translationCorrection": false,
              "initialAngularSpeedRadS": 0.03918843213587659,
              "finalAngularSpeedRadS": 0.012208422768145282,
              "mechanics": {
                "springK": 14.0,
                "dampingC": 7.0
              }
            },
            {
              "cycle": 0,
              "bone": "Bone_059",
              "anchorKey": 28,
              "lagKeys": [
                29,
                30,
                31,
                32,
                33,
                34,
                35,
                36
              ],
              "restOrientation": "release_orientation",
              "activeTarget": null,
              "translationCorrection": false,
              "initialAngularSpeedRadS": 0.05561156415934007,
              "finalAngularSpeedRadS": 0.01732474225304632,
              "mechanics": {
                "springK": 14.0,
                "dampingC": 7.0
              }
            },
            {
              "cycle": 0,
              "bone": "Bone_056",
              "anchorKey": 28,
              "lagKeys": [
                29,
                30,
                31,
                32,
                33,
                34,
                35,
                36
              ],
              "restOrientation": "release_orientation",
              "activeTarget": null,
              "translationCorrection": false,
              "initialAngularSpeedRadS": 0.04027008749366268,
              "finalAngularSpeedRadS": 0.012545392255760809,
              "mechanics": {
                "springK": 14.0,
                "dampingC": 7.0
              }
            },
            {
              "cycle": 0,
              "bone": "Bone_012",
              "anchorKey": 28,
              "lagKeys": [
                29,
                30,
                31,
                32,
                33,
                34,
                35,
                36
              ],
              "restOrientation": "release_orientation",
              "activeTarget": null,
              "translationCorrection": false,
              "initialAngularSpeedRadS": 0.6053548369765591,
              "finalAngularSpeedRadS": 0.18858697252615123,
              "mechanics": {
                "springK": 14.0,
                "dampingC": 7.0
              }
            },
            {
              "cycle": 1,
              "bone": "Bone_053",
              "anchorKey": 150,
              "lagKeys": [
                151,
                152,
                153,
                154,
                155,
                156,
                157,
                158
              ],
              "restOrientation": "release_orientation",
              "activeTarget": null,
              "translationCorrection": false,
              "initialAngularSpeedRadS": 0.039217510476017015,
              "finalAngularSpeedRadS": 0.01221748158092451,
              "mechanics": {
                "springK": 14.0,
                "dampingC": 7.0
              }
            },
            {
              "cycle": 1,
              "bone": "Bone_059",
              "anchorKey": 150,
              "lagKeys": [
                151,
                152,
                153,
                154,
                155,
                156,
                157,
                158
              ],
              "restOrientation": "release_orientation",
              "activeTarget": null,
              "translationCorrection": false,
              "initialAngularSpeedRadS": 0.055639731683189184,
              "finalAngularSpeedRadS": 0.017333517318052483,
              "mechanics": {
                "springK": 14.0,
                "dampingC": 7.0
              }
            },
            {
              "cycle": 1,
              "bone": "Bone_056",
              "anchorKey": 150,
              "lagKeys": [
                151,
                152,
                153,
                154,
                155,
                156,
                157,
                158
              ],
              "restOrientation": "release_orientation",
              "activeTarget": null,
              "translationCorrection": false,
              "initialAngularSpeedRadS": 0.040108049782894346,
              "finalAngularSpeedRadS": 0.012494912438895894,
              "mechanics": {
                "springK": 14.0,
                "dampingC": 7.0
              }
            },
            {
              "cycle": 1,
              "bone": "Bone_012",
              "anchorKey": 150,
              "lagKeys": [
                151,
                152,
                153,
                154,
                155,
                156,
                157,
                158
              ],
              "restOrientation": "release_orientation",
              "activeTarget": null,
              "translationCorrection": false,
              "initialAngularSpeedRadS": 0.6029150752478558,
              "finalAngularSpeedRadS": 0.18782691041051783,
              "mechanics": {
                "springK": 14.0,
                "dampingC": 7.0
              }
            }
          ]
        }
      },
      "PROC_WALK_RELAXED_V8_1_RESPIN_INPLACE": {
        "l": {
          "activeToeContactKeys": 66,
          "rockerOnset": 0.46,
          "release": 0.735,
          "passiveLagEnd": 0.8,
          "receivingArm": 0.818,
          "flatten": 0.88,
          "witnessVertexIndices": [
            51119,
            49877,
            50149
          ],
          "contactLock": [
            {
              "key": 49,
              "phase": 0.4016393442622951,
              "maxWitnessErrorM": 0.0,
              "toeDownDegrees": [
                0.0,
                0.0,
                0.0
              ]
            },
            {
              "key": 50,
              "phase": 0.40983606557377045,
              "maxWitnessErrorM": 0.010562974636287414,
              "toeDownDegrees": [
                -0.053045762588297844,
                -0.0307686088757036,
                -0.045462351190042806
              ]
            },
            {
              "key": 51,
              "phase": 0.41803278688524587,
              "maxWitnessErrorM": 0.02112428039556491,
              "toeDownDegrees": [
                -0.10579842079213722,
                -0.061415390077213285,
                -0.09069809054633333
              ]
            },
            {
              "key": 52,
              "phase": 0.4262295081967213,
              "maxWitnessErrorM": 0.031683743043044,
              "toeDownDegrees": [
                -0.15826092938598246,
                -0.09194134524086753,
                -0.13570923323746387
              ]
            },
            {
              "key": 53,
              "phase": 0.4344262295081967,
              "maxWitnessErrorM": 0.04224119058557663,
              "toeDownDegrees": [
                -0.21043643022925698,
                -0.1223476385524879,
                -0.1804980949463036
              ]
            },
            {
              "key": 54,
              "phase": 0.44262295081967207,
              "maxWitnessErrorM": 0.05279645414980527,
              "toeDownDegrees": [
                -0.26232802800375965,
                -0.15263548252768544,
                -0.2250669275329305
              ]
            },
            {
              "key": 55,
              "phase": 0.45081967213114754,
              "maxWitnessErrorM": 0.06334936861942031,
              "toeDownDegrees": [
                -0.3139388863036042,
                -0.18280603821224187,
                -0.2694180567642706
              ]
            },
            {
              "key": 56,
              "phase": 0.4590163934426229,
              "maxWitnessErrorM": 0.07389977289861449,
              "toeDownDegrees": [
                -0.3652720290120885,
                -0.21286043417667436,
                -0.3135536889999884
              ]
            },
            {
              "key": 57,
              "phase": 0.4672131147540984,
              "maxWitnessErrorM": 0.0844469019384203,
              "toeDownDegrees": [
                -0.4169038496490404,
                -0.24288009789019685,
                -0.35749582149622255
              ]
            },
            {
              "key": 58,
              "phase": 0.47540983606557374,
              "maxWitnessErrorM": 0.09498679100261187,
              "toeDownDegrees": [
                -0.4724339654776526,
                -0.273368935561202,
                -0.4013726171604769
              ]
            },
            {
              "key": 59,
              "phase": 0.48360655737704916,
              "maxWitnessErrorM": 0.10552086114871251,
              "toeDownDegrees": [
                -0.5311694832399997,
                -0.30130044573146214,
                -0.4410507939393961
              ]
            },
            {
              "key": 60,
              "phase": 0.4918032786885246,
              "maxWitnessErrorM": 0.11605998930496042,
              "toeDownDegrees": [
                -0.5846923658386364,
                -0.318209632246721,
                -0.46603534059274804
              ]
            },
            {
              "key": 61,
              "phase": 0.5,
              "maxWitnessErrorM": 0.1265748243047612,
              "toeDownDegrees": [
                -0.6569383956359341,
                -0.3413399566187928,
                -0.49659669580386057
              ]
            },
            {
              "key": 62,
              "phase": 0.5081967213114754,
              "maxWitnessErrorM": 0.1371054408624348,
              "toeDownDegrees": [
                -0.7161298690913106,
                -0.3450516609010451,
                -0.5019826561288253
              ]
            },
            {
              "key": 63,
              "phase": 0.5163934426229507,
              "maxWitnessErrorM": 0.1476036775091566,
              "toeDownDegrees": [
                -0.8023384755745142,
                -0.3601309365007102,
                -0.5187719231001536
              ]
            },
            {
              "key": 64,
              "phase": 0.5245901639344263,
              "maxWitnessErrorM": 0.1580502031550184,
              "toeDownDegrees": [
                -0.9322296922766918,
                -0.399599255301939,
                -0.562413301332647
              ]
            },
            {
              "key": 65,
              "phase": 0.5327868852459017,
              "maxWitnessErrorM": 0.16860464461605684,
              "toeDownDegrees": [
                -0.976848996144798,
                -0.3629933513626799,
                -0.5134215979410034
              ]
            },
            {
              "key": 66,
              "phase": 0.540983606557377,
              "maxWitnessErrorM": 0.17917141336374176,
              "toeDownDegrees": [
                -1.0127188364797362,
                -0.31059874132487236,
                -0.44370304517102516
              ]
            },
            {
              "key": 67,
              "phase": 0.5491803278688524,
              "maxWitnessErrorM": 0.18975261762766393,
              "toeDownDegrees": [
                -1.0371850316100866,
                -0.2411915629431151,
                -0.3519949538938856
              ]
            },
            {
              "key": 68,
              "phase": 0.5573770491803278,
              "maxWitnessErrorM": 0.2003515359317274,
              "toeDownDegrees": [
                -1.0467352731986899,
                -0.15308087116860633,
                -0.23652976770168233
              ]
            },
            {
              "key": 69,
              "phase": 0.5655737704918032,
              "maxWitnessErrorM": 0.2109707984939302,
              "toeDownDegrees": [
                -1.0385517216726794,
                -0.045297125780759236,
                -0.09643823102171964
              ]
            },
            {
              "key": 70,
              "phase": 0.5737704918032787,
              "maxWitnessErrorM": 0.22161240470854093,
              "toeDownDegrees": [
                -1.0105306772706255,
                0.08243281775708444,
                0.06828884101480912
              ]
            },
            {
              "key": 71,
              "phase": 0.5819672131147541,
              "maxWitnessErrorM": 0.23227695955253114,
              "toeDownDegrees": [
                -0.9618761373549154,
                0.22925199131789367,
                0.25629689232879127
              ]
            },
            {
              "key": 72,
              "phase": 0.5901639344262295,
              "maxWitnessErrorM": 0.24294963774110456,
              "toeDownDegrees": [
                -0.9040661144526158,
                0.38455682906083294,
                0.4546442494096066
              ]
            },
            {
              "key": 73,
              "phase": 0.5983606557377049,
              "maxWitnessErrorM": 0.2536510830927182,
              "toeDownDegrees": [
                -0.8207440159391194,
                0.5596531749525339,
                0.676400904453823
              ]
            },
            {
              "key": 74,
              "phase": 0.6065573770491802,
              "maxWitnessErrorM": 0.2643790664240705,
              "toeDownDegrees": [
                -0.7137831530805578,
                0.7515051134218542,
                0.9176070789701894
              ]
            },
            {
              "key": 75,
              "phase": 0.6147540983606558,
              "maxWitnessErrorM": 0.27513131419441395,
              "toeDownDegrees": [
                -0.5851211050630224,
                0.9570656610420316,
                1.1743010868035288
              ]
            },
            {
              "key": 76,
              "phase": 0.6229508196721312,
              "maxWitnessErrorM": 0.28593409533891745,
              "toeDownDegrees": [
                -0.43883193796656633,
                1.1716780928644386,
                1.4406309437817473
              ]
            },
            {
              "key": 77,
              "phase": 0.6311475409836066,
              "maxWitnessErrorM": 0.29677767912417485,
              "toeDownDegrees": [
                -0.2805660414312083,
                1.3895570214318376,
                1.7094120946642153
              ]
            },
            {
              "key": 78,
              "phase": 0.6393442622950819,
              "maxWitnessErrorM": 0.30762350910605996,
              "toeDownDegrees": [
                -0.1169586257723717,
                1.6042556681922588,
                1.972771789200666
              ]
            },
            {
              "key": 79,
              "phase": 0.6475409836065573,
              "maxWitnessErrorM": 0.31845919691705327,
              "toeDownDegrees": [
                0.04458615128240899,
                1.808927807038742,
                2.2223492036272954
              ]
            },
            {
              "key": 80,
              "phase": 0.6557377049180327,
              "maxWitnessErrorM": 0.3292719935365642,
              "toeDownDegrees": [
                0.19651248833070284,
                1.9968181105755274,
                2.4499660862432147
              ]
            },
            {
              "key": 81,
              "phase": 0.6639344262295082,
              "maxWitnessErrorM": 0.3400497576514663,
              "toeDownDegrees": [
                0.3316418913845805,
                2.1617304703123756,
                2.648171674255142
              ]
            },
            {
              "key": 82,
              "phase": 0.6721311475409836,
              "maxWitnessErrorM": 0.350782250097208,
              "toeDownDegrees": [
                0.4438553067551512,
                2.2985916230691337,
                2.8109470590386207
              ]
            },
            {
              "key": 83,
              "phase": 0.680327868852459,
              "maxWitnessErrorM": 0.3614616601618078,
              "toeDownDegrees": [
                0.5283382543551807,
                2.403751078134921,
                2.9339626868582345
              ]
            },
            {
              "key": 84,
              "phase": 0.6885245901639344,
              "maxWitnessErrorM": 0.3722264625023204,
              "toeDownDegrees": [
                0.6627793492492408,
                2.5395883755375888,
                3.0912698983754234
              ]
            },
            {
              "key": 85,
              "phase": 0.6967213114754097,
              "maxWitnessErrorM": 0.38272586292695976,
              "toeDownDegrees": [
                0.6420106769319979,
                2.543581643374,
                3.090625605103888
              ]
            },
            {
              "key": 86,
              "phase": 0.7049180327868853,
              "maxWitnessErrorM": 0.3932044759526925,
              "toeDownDegrees": [
                0.6144861378283758,
                2.5355469044207672,
                3.0742611502388484
              ]
            },
            {
              "key": 87,
              "phase": 0.7131147540983607,
              "maxWitnessErrorM": 0.4036709249598178,
              "toeDownDegrees": [
                0.5820230188920295,
                2.518588127742413,
                3.0463605393442847
              ]
            },
            {
              "key": 88,
              "phase": 0.7213114754098361,
              "maxWitnessErrorM": 0.41413282405500007,
              "toeDownDegrees": [
                0.5470687395097947,
                2.4970749900919977,
                3.0125802360747427
              ]
            },
            {
              "key": 89,
              "phase": 0.7295081967213114,
              "maxWitnessErrorM": 0.4247232959975623,
              "toeDownDegrees": [
                0.610368471999845,
                2.52315351850489,
                3.0284443599940243
              ]
            },
            {
              "key": 171,
              "phase": 0.401639344262295,
              "maxWitnessErrorM": 0.0,
              "toeDownDegrees": [
                0.0,
                0.0,
                0.0
              ]
            },
            {
              "key": 172,
              "phase": 0.4098360655737705,
              "maxWitnessErrorM": 0.01056242192389134,
              "toeDownDegrees": [
                -0.053045955676049424,
                -0.03076926857922399,
                -0.04546271260973405
              ]
            },
            {
              "key": 173,
              "phase": 0.4180327868852458,
              "maxWitnessErrorM": 0.021123170075210362,
              "toeDownDegrees": [
                -0.10579900343078416,
                -0.06141688492047643,
                -0.09069899443263817
              ]
            },
            {
              "key": 174,
              "phase": 0.42622950819672134,
              "maxWitnessErrorM": 0.031682073178449066,
              "toeDownDegrees": [
                -0.15826211700847648,
                -0.09194381531618226,
                -0.13571086435860924
              ]
            },
            {
              "key": 175,
              "phase": 0.43442622950819665,
              "maxWitnessErrorM": 0.04223896258896842,
              "toeDownDegrees": [
                -0.21043839639668524,
                -0.12235123011638244,
                -0.18050064494334256
              ]
            },
            {
              "key": 176,
              "phase": 0.4426229508196722,
              "maxWitnessErrorM": 0.05279367329479556,
              "toeDownDegrees": [
                -0.262331019055794,
                -0.15264034000420917,
                -0.22507065799186626
              ]
            },
            {
              "key": 177,
              "phase": 0.45081967213114726,
              "maxWitnessErrorM": 0.06334604453964898,
              "toeDownDegrees": [
                -0.31394312662873247,
                -0.1828123273428581,
                -0.2694230895665384
              ]
            },
            {
              "key": 178,
              "phase": 0.4590163934426228,
              "maxWitnessErrorM": 0.0738959201531526,
              "toeDownDegrees": [
                -0.3652776869331304,
                -0.21286833879295086,
                -0.3135601288811123
              ]
            },
            {
              "key": 179,
              "phase": 0.4672131147540983,
              "maxWitnessErrorM": 0.08444254082768388,
              "toeDownDegrees": [
                -0.4169111519247708,
                -0.24288969602078364,
                -0.35750397355162705
              ]
            },
            {
              "key": 180,
              "phase": 0.47540983606557363,
              "maxWitnessErrorM": 0.09498194783998404,
              "toeDownDegrees": [
                -0.47244333189604787,
                -0.2733805816893396,
                -0.4013827837051485
              ]
            },
            {
              "key": 181,
              "phase": 0.48360655737704916,
              "maxWitnessErrorM": 0.10551556905444581,
              "toeDownDegrees": [
                -0.5311814675851111,
                -0.3013144932396088,
                -0.44106350190644955
              ]
            },
            {
              "key": 182,
              "phase": 0.49180327868852447,
              "maxWitnessErrorM": 0.11605428868965018,
              "toeDownDegrees": [
                -0.5847067486309458,
                -0.31822592125418847,
                -0.4660504622753768
              ]
            },
            {
              "key": 183,
              "phase": 0.5,
              "maxWitnessErrorM": 0.1265687634138869,
              "toeDownDegrees": [
                -0.6569567439472634,
                -0.3413594892952827,
                -0.4966153450836139
              ]
            },
            {
              "key": 184,
              "phase": 0.5081967213114755,
              "maxWitnessErrorM": 0.13709907281376466,
              "toeDownDegrees": [
                -0.7161518513053203,
                -0.3450740332696711,
                -0.5020047390068509
              ]
            },
            {
              "key": 185,
              "phase": 0.5163934426229506,
              "maxWitnessErrorM": 0.1475970542810432,
              "toeDownDegrees": [
                -0.8023653599623067,
                -0.3601574322541354,
                -0.518798674833909
              ]
            },
            {
              "key": 186,
              "phase": 0.5245901639344261,
              "maxWitnessErrorM": 0.15804337666852586,
              "toeDownDegrees": [
                -0.9322637764577594,
                -0.3996314227945125,
                -0.5624466248581209
              ]
            },
            {
              "key": 187,
              "phase": 0.5327868852459015,
              "maxWitnessErrorM": 0.1685976588312239,
              "toeDownDegrees": [
                -0.9768841931650869,
                -0.36302656845050496,
                -0.5134560551910594
              ]
            },
            {
              "key": 188,
              "phase": 0.540983606557377,
              "maxWitnessErrorM": 0.17916431760092888,
              "toeDownDegrees": [
                -1.0127519836301995,
                -0.31063033535055645,
                -0.44373527640825905
              ]
            },
            {
              "key": 189,
              "phase": 0.5491803278688525,
              "maxWitnessErrorM": 0.18974546505873635,
              "toeDownDegrees": [
                -1.0372143383387027,
                -0.24121994812142816,
                -0.35202349149330364
              ]
            },
            {
              "key": 190,
              "phase": 0.5573770491803278,
              "maxWitnessErrorM": 0.2003443839579857,
              "toeDownDegrees": [
                -1.0467625561105518,
                -0.15310769777051567,
                -0.23655647665359456
              ]
            },
            {
              "key": 191,
              "phase": 0.5655737704918034,
              "maxWitnessErrorM": 0.21096370929746622,
              "toeDownDegrees": [
                -1.038584262598449,
                -0.045328139585150064,
                -0.09646991118125292
              ]
            },
            {
              "key": 192,
              "phase": 0.5737704918032784,
              "maxWitnessErrorM": 0.22160544344693622,
              "toeDownDegrees": [
                -1.0105827998829444,
                0.08238686418010208,
                0.06823961008866655
              ]
            },
            {
              "key": 193,
              "phase": 0.581967213114754,
              "maxWitnessErrorM": 0.23227019247175817,
              "toeDownDegrees": [
                -0.9619671554741331,
                0.2291756483507255,
                0.25621096632259144
              ]
            },
            {
              "key": 194,
              "phase": 0.5901639344262295,
              "maxWitnessErrorM": 0.24294312913379867,
              "toeDownDegrees": [
                -0.9042221628210368,
                0.38442951253712143,
                0.4544975142916151
              ]
            },
            {
              "key": 195,
              "phase": 0.5983606557377048,
              "maxWitnessErrorM": 0.2536448909367951,
              "toeDownDegrees": [
                -0.8209933977849173,
                0.5594522645691898,
                0.6761668011090127
              ]
            },
            {
              "key": 196,
              "phase": 0.6065573770491803,
              "maxWitnessErrorM": 0.2643732412269306,
              "toeDownDegrees": [
                -0.7141558846769722,
                0.7512068980195258,
                0.9172569327228324
              ]
            },
            {
              "key": 197,
              "phase": 0.6147540983606556,
              "maxWitnessErrorM": 0.27512589822341194,
              "toeDownDegrees": [
                -0.5856456839319741,
                0.9566477494476715,
                1.1738087616422073
              ]
            },
            {
              "key": 198,
              "phase": 0.6229508196721312,
              "maxWitnessErrorM": 0.2859289374063788,
              "toeDownDegrees": [
                -0.43953170380419526,
                1.1711212868151668,
                1.4399730292305486
              ]
            },
            {
              "key": 199,
              "phase": 0.6311475409836065,
              "maxWitnessErrorM": 0.29677293638274227,
              "toeDownDegrees": [
                -0.2814596623096554,
                1.3888469139945177,
                1.7085720629085375
              ]
            },
            {
              "key": 200,
              "phase": 0.6393442622950818,
              "maxWitnessErrorM": 0.3076191980789572,
              "toeDownDegrees": [
                -0.11805575838459767,
                1.6033843709930427,
                1.971739678230509
              ]
            },
            {
              "key": 201,
              "phase": 0.6475409836065573,
              "maxWitnessErrorM": 0.3184553337340583,
              "toeDownDegrees": [
                0.043284571583069836,
                1.8078937313521988,
                2.2211238288765314
              ]
            },
            {
              "key": 202,
              "phase": 0.6557377049180326,
              "maxWitnessErrorM": 0.3292685938946348,
              "toeDownDegrees": [
                0.19501351193461502,
                1.9956268097936851,
                2.448553968210798
              ]
            },
            {
              "key": 203,
              "phase": 0.6639344262295082,
              "maxWitnessErrorM": 0.34004683903619415,
              "toeDownDegrees": [
                0.32996060807427663,
                2.160394054853596,
                2.6465870383172057
              ]
            },
            {
              "key": 204,
              "phase": 0.6721311475409835,
              "maxWitnessErrorM": 0.35077983115673694,
              "toeDownDegrees": [
                0.4420129263236303,
                2.2971270094215614,
                2.8092101708964923
              ]
            },
            {
              "key": 205,
              "phase": 0.680327868852459,
              "maxWitnessErrorM": 0.361459760936755,
              "toeDownDegrees": [
                0.5263622746466174,
                2.402179405211559,
                2.9320988192340365
              ]
            },
            {
              "key": 206,
              "phase": 0.6885245901639345,
              "maxWitnessErrorM": 0.372224873239442,
              "toeDownDegrees": [
                0.6606385381456547,
                2.5378846787840237,
                3.089249241997985
              ]
            },
            {
              "key": 207,
              "phase": 0.6967213114754098,
              "maxWitnessErrorM": 0.38272479329510023,
              "toeDownDegrees": [
                0.6398299857617266,
                2.541846006081497,
                3.088568474503514
              ]
            },
            {
              "key": 208,
              "phase": 0.7049180327868851,
              "maxWitnessErrorM": 0.3932039845779507,
              "toeDownDegrees": [
                0.6122788279482274,
                2.5337891999017885,
                3.072178103349421
              ]
            },
            {
              "key": 209,
              "phase": 0.7131147540983604,
              "maxWitnessErrorM": 0.40367101853882625,
              "toeDownDegrees": [
                0.5798018620618363,
                2.516818403945555,
                3.044264002981682
              ]
            },
            {
              "key": 210,
              "phase": 0.721311475409836,
              "maxWitnessErrorM": 0.41413348641471326,
              "toeDownDegrees": [
                0.5448467824999528,
                2.4953040326338085,
                3.0104828281410434
              ]
            },
            {
              "key": 211,
              "phase": 0.7295081967213115,
              "maxWitnessErrorM": 0.4247244814124973,
              "toeDownDegrees": [
                0.6081602478514345,
                2.5213930907370217,
                3.0263599717580982
              ]
            }
          ],
          "passiveIntegration": [
            {
              "cycle": 0,
              "bone": "Bone_044",
              "anchorKey": 89,
              "lagKeys": [
                90,
                91,
                92,
                93,
                94,
                95,
                96,
                97
              ],
              "restOrientation": "release_orientation",
              "activeTarget": null,
              "translationCorrection": false,
              "initialAngularSpeedRadS": 0.04244323615733551,
              "finalAngularSpeedRadS": 0.013222396059642493,
              "mechanics": {
                "springK": 14.0,
                "dampingC": 7.0
              }
            },
            {
              "cycle": 0,
              "bone": "Bone_050",
              "anchorKey": 89,
              "lagKeys": [
                90,
                91,
                92,
                93,
                94,
                95,
                96,
                97
              ],
              "restOrientation": "release_orientation",
              "activeTarget": null,
              "translationCorrection": false,
              "initialAngularSpeedRadS": 0.09084415374569563,
              "finalAngularSpeedRadS": 0.02830079629357014,
              "mechanics": {
                "springK": 14.0,
                "dampingC": 7.0
              }
            },
            {
              "cycle": 0,
              "bone": "Bone_047",
              "anchorKey": 89,
              "lagKeys": [
                90,
                91,
                92,
                93,
                94,
                95,
                96,
                97
              ],
              "restOrientation": "release_orientation",
              "activeTarget": null,
              "translationCorrection": false,
              "initialAngularSpeedRadS": 0.09562633084396491,
              "finalAngularSpeedRadS": 0.029790594088117905,
              "mechanics": {
                "springK": 14.0,
                "dampingC": 7.0
              }
            },
            {
              "cycle": 0,
              "bone": "Bone_008",
              "anchorKey": 89,
              "lagKeys": [
                90,
                91,
                92,
                93,
                94,
                95,
                96,
                97
              ],
              "restOrientation": "release_orientation",
              "activeTarget": null,
              "translationCorrection": false,
              "initialAngularSpeedRadS": 0.604116611936873,
              "finalAngularSpeedRadS": 0.1882012266837512,
              "mechanics": {
                "springK": 14.0,
                "dampingC": 7.0
              }
            },
            {
              "cycle": 1,
              "bone": "Bone_044",
              "anchorKey": 211,
              "lagKeys": [
                212,
                213,
                214,
                215,
                216,
                217,
                218,
                219
              ],
              "restOrientation": "release_orientation",
              "activeTarget": null,
              "translationCorrection": false,
              "initialAngularSpeedRadS": 0.04242886538136919,
              "finalAngularSpeedRadS": 0.013217919113285093,
              "mechanics": {
                "springK": 14.0,
                "dampingC": 7.0
              }
            },
            {
              "cycle": 1,
              "bone": "Bone_050",
              "anchorKey": 211,
              "lagKeys": [
                212,
                213,
                214,
                215,
                216,
                217,
                218,
                219
              ],
              "restOrientation": "release_orientation",
              "activeTarget": null,
              "translationCorrection": false,
              "initialAngularSpeedRadS": 0.09083313493352237,
              "finalAngularSpeedRadS": 0.028297363588813084,
              "mechanics": {
                "springK": 14.0,
                "dampingC": 7.0
              }
            },
            {
              "cycle": 1,
              "bone": "Bone_047",
              "anchorKey": 211,
              "lagKeys": [
                212,
                213,
                214,
                215,
                216,
                217,
                218,
                219
              ],
              "restOrientation": "release_orientation",
              "activeTarget": null,
              "translationCorrection": false,
              "initialAngularSpeedRadS": 0.09561270635929497,
              "finalAngularSpeedRadS": 0.029786349634849867,
              "mechanics": {
                "springK": 14.0,
                "dampingC": 7.0
              }
            },
            {
              "cycle": 1,
              "bone": "Bone_008",
              "anchorKey": 211,
              "lagKeys": [
                212,
                213,
                214,
                215,
                216,
                217,
                218,
                219
              ],
              "restOrientation": "release_orientation",
              "activeTarget": null,
              "translationCorrection": false,
              "initialAngularSpeedRadS": 0.6002241680648251,
              "finalAngularSpeedRadS": 0.18698860862782923,
              "mechanics": {
                "springK": 14.0,
                "dampingC": 7.0
              }
            }
          ]
        },
        "r": {
          "activeToeContactKeys": 66,
          "rockerOnset": 0.46,
          "release": 0.735,
          "passiveLagEnd": 0.8,
          "receivingArm": 0.818,
          "flatten": 0.88,
          "witnessVertexIndices": [
            41588,
            41368,
            41936
          ],
          "contactLock": [
            {
              "key": 0,
              "phase": 0.5,
              "maxWitnessErrorM": 3.46008312140933e-08,
              "toeDownDegrees": [
                6.10112203652732e-06,
                4.659126155279188e-06,
                1.2451153559292726e-05
              ]
            },
            {
              "key": 1,
              "phase": 0.5081967213114754,
              "maxWitnessErrorM": 0.010473093937931166,
              "toeDownDegrees": [
                -0.044764898150286725,
                -0.03620794673847113,
                -0.1412128278636457
              ]
            },
            {
              "key": 2,
              "phase": 0.5163934426229508,
              "maxWitnessErrorM": 0.02092096734392157,
              "toeDownDegrees": [
                -0.09069229391440771,
                -0.0741685041489481,
                -0.2983615390044805
              ]
            },
            {
              "key": 3,
              "phase": 0.5245901639344261,
              "maxWitnessErrorM": 0.0313648766856669,
              "toeDownDegrees": [
                -0.1259001655918449,
                -0.10349738732952488,
                -0.45456270350895145
              ]
            },
            {
              "key": 4,
              "phase": 0.5327868852459017,
              "maxWitnessErrorM": 0.041779684410750306,
              "toeDownDegrees": [
                -0.1700060491981078,
                -0.141369106289785,
                -0.637002041765418
              ]
            },
            {
              "key": 5,
              "phase": 0.540983606557377,
              "maxWitnessErrorM": 0.05229068802477743,
              "toeDownDegrees": [
                -0.13375098102600594,
                -0.10953423800279351,
                -0.7190449922440821
              ]
            },
            {
              "key": 6,
              "phase": 0.5491803278688525,
              "maxWitnessErrorM": 0.06273720626269996,
              "toeDownDegrees": [
                -0.13231142114687333,
                -0.10886131343377294,
                -0.8616145198521366
              ]
            },
            {
              "key": 7,
              "phase": 0.5573770491803278,
              "maxWitnessErrorM": 0.07316159882577622,
              "toeDownDegrees": [
                -0.13629408054787973,
                -0.11354436181156266,
                -1.0214601403112056
              ]
            },
            {
              "key": 8,
              "phase": 0.5655737704918034,
              "maxWitnessErrorM": 0.08361197150850597,
              "toeDownDegrees": [
                -0.11227090755762928,
                -0.09418188417028045,
                -1.1498614783572108
              ]
            },
            {
              "key": 9,
              "phase": 0.5737704918032787,
              "maxWitnessErrorM": 0.09409999347652898,
              "toeDownDegrees": [
                -0.05310018535555137,
                -0.04439147151447914,
                -1.2349583730275708
              ]
            },
            {
              "key": 10,
              "phase": 0.5819672131147541,
              "maxWitnessErrorM": 0.10463628475435816,
              "toeDownDegrees": [
                0.047273951447000986,
                0.041272057016548624,
                -1.266351837695261
              ]
            },
            {
              "key": 11,
              "phase": 0.5901639344262295,
              "maxWitnessErrorM": 0.11522941656600971,
              "toeDownDegrees": [
                0.19306045941879293,
                0.1666407970778614,
                -1.2361655320211178
              ]
            },
            {
              "key": 12,
              "phase": 0.5983606557377049,
              "maxWitnessErrorM": 0.12588500181629247,
              "toeDownDegrees": [
                0.38595540393128497,
                0.33334330143092356,
                -1.1399953757255499
              ]
            },
            {
              "key": 13,
              "phase": 0.6065573770491803,
              "maxWitnessErrorM": 0.13660511196326652,
              "toeDownDegrees": [
                0.6247756533973093,
                0.5404766555449639,
                -0.9774280417955359
              ]
            },
            {
              "key": 14,
              "phase": 0.6147540983606558,
              "maxWitnessErrorM": 0.1473874183404824,
              "toeDownDegrees": [
                0.9049824493970209,
                0.784184437904268,
                -0.7527144552088311
              ]
            },
            {
              "key": 15,
              "phase": 0.6229508196721312,
              "maxWitnessErrorM": 0.15822471197083676,
              "toeDownDegrees": [
                1.2185705729012417,
                1.0575565445213773,
                -0.4749517677858701
              ]
            },
            {
              "key": 16,
              "phase": 0.6311475409836066,
              "maxWitnessErrorM": 0.16913910894358275,
              "toeDownDegrees": [
                1.5548667863085002,
                1.3513296149357983,
                -0.1570225575183487
              ]
            },
            {
              "key": 17,
              "phase": 0.639344262295082,
              "maxWitnessErrorM": 0.18009947068769883,
              "toeDownDegrees": [
                1.900912536537908,
                1.6542233387601994,
                0.18487750489637683
              ]
            },
            {
              "key": 18,
              "phase": 0.6475409836065573,
              "maxWitnessErrorM": 0.19106989037033828,
              "toeDownDegrees": [
                2.2423140329800293,
                1.9536878629707564,
                0.5323256800094611
              ]
            },
            {
              "key": 19,
              "phase": 0.6557377049180328,
              "maxWitnessErrorM": 0.20202735713330022,
              "toeDownDegrees": [
                2.56433881835537,
                2.236852533791312,
                0.8662285092223212
              ]
            },
            {
              "key": 20,
              "phase": 0.6639344262295082,
              "maxWitnessErrorM": 0.21294888251543387,
              "toeDownDegrees": [
                2.853052803329377,
                2.4915350596846646,
                1.1681727067686465
              ]
            },
            {
              "key": 21,
              "phase": 0.6721311475409836,
              "maxWitnessErrorM": 0.22381383717158443,
              "toeDownDegrees": [
                3.0965883481180168,
                2.707338769276178,
                1.4222053640743113
              ]
            },
            {
              "key": 22,
              "phase": 0.680327868852459,
              "maxWitnessErrorM": 0.23460627937367873,
              "toeDownDegrees": [
                3.2863246608199885,
                2.876681965815898,
                1.616374225155525
              ]
            },
            {
              "key": 23,
              "phase": 0.6885245901639344,
              "maxWitnessErrorM": 0.24556667375240182,
              "toeDownDegrees": [
                3.554603058153239,
                3.1158054935831077,
                1.931208197872435
              ]
            },
            {
              "key": 24,
              "phase": 0.6967213114754098,
              "maxWitnessErrorM": 0.256065643764114,
              "toeDownDegrees": [
                3.5516561517024607,
                3.117278592781707,
                1.8864709505375863
              ]
            },
            {
              "key": 25,
              "phase": 0.7049180327868853,
              "maxWitnessErrorM": 0.26654643779089326,
              "toeDownDegrees": [
                3.5329064523910865,
                3.1053852446595887,
                1.8303150398031853
              ]
            },
            {
              "key": 26,
              "phase": 0.7131147540983607,
              "maxWitnessErrorM": 0.277016939866516,
              "toeDownDegrees": [
                3.5025366511589833,
                3.083614471905687,
                1.7655934901433912
              ]
            },
            {
              "key": 27,
              "phase": 0.721311475409836,
              "maxWitnessErrorM": 0.28748406645383784,
              "toeDownDegrees": [
                3.4663224552392764,
                3.0568657685293856,
                1.6968122232104668
              ]
            },
            {
              "key": 28,
              "phase": 0.7295081967213115,
              "maxWitnessErrorM": 0.29809508357615544,
              "toeDownDegrees": [
                3.4806757844773144,
                3.0770602566802867,
                1.7417516640523307
              ]
            },
            {
              "key": 110,
              "phase": 0.4016393442622951,
              "maxWitnessErrorM": 0.0,
              "toeDownDegrees": [
                0.0,
                0.0,
                0.0
              ]
            },
            {
              "key": 111,
              "phase": 0.4098360655737705,
              "maxWitnessErrorM": 0.010554960804694313,
              "toeDownDegrees": [
                -0.043150873570554416,
                -0.03259776423747247,
                -0.08812699951269581
              ]
            },
            {
              "key": 112,
              "phase": 0.4180327868852458,
              "maxWitnessErrorM": 0.02110880445794805,
              "toeDownDegrees": [
                -0.08609689418412451,
                -0.06506525613205992,
                -0.1755554947204174
              ]
            },
            {
              "key": 113,
              "phase": 0.42622950819672123,
              "maxWitnessErrorM": 0.031661380344719214,
              "toeDownDegrees": [
                -0.12884002396634484,
                -0.09740370472608706,
                -0.26229631857015506
              ]
            },
            {
              "key": 114,
              "phase": 0.43442622950819676,
              "maxWitnessErrorM": 0.04221253553916493,
              "toeDownDegrees": [
                -0.17138260016347884,
                -0.1296144834103918,
                -0.34836027562217897
              ]
            },
            {
              "key": 115,
              "phase": 0.44262295081967207,
              "maxWitnessErrorM": 0.052762116253691205,
              "toeDownDegrees": [
                -0.21372676628090062,
                -0.16169910338173224,
                -0.43375817817576884
              ]
            },
            {
              "key": 116,
              "phase": 0.4508196721311475,
              "maxWitnessErrorM": 0.06330996947796785,
              "toeDownDegrees": [
                -0.25587490173480715,
                -0.19365901651906334,
                -0.518500749010083
              ]
            },
            {
              "key": 117,
              "phase": 0.4590163934426229,
              "maxWitnessErrorM": 0.07385594390223638,
              "toeDownDegrees": [
                -0.2978292443056831,
                -0.2254957319340072,
                -0.602598114969482
              ]
            },
            {
              "key": 118,
              "phase": 0.4672131147540983,
              "maxWitnessErrorM": 0.08439919379794303,
              "toeDownDegrees": [
                -0.33961405015306395,
                -0.25725485254245956,
                -0.6866263218310609
              ]
            },
            {
              "key": 119,
              "phase": 0.47540983606557363,
              "maxWitnessErrorM": 0.09493519787482652,
              "toeDownDegrees": [
                -0.3813715909786819,
                -0.28921505463301095,
                -0.774149083317055
              ]
            },
            {
              "key": 120,
              "phase": 0.48360655737704916,
              "maxWitnessErrorM": 0.10545906083504852,
              "toeDownDegrees": [
                -0.4232402814337209,
                -0.3216710318953439,
                -0.8689845973657858
              ]
            },
            {
              "key": 121,
              "phase": 0.4918032786885246,
              "maxWitnessErrorM": 0.11596704624486454,
              "toeDownDegrees": [
                -0.46531010472250317,
                -0.3548409391948082,
                -0.9740048382199297
              ]
            },
            {
              "key": 122,
              "phase": 0.5,
              "maxWitnessErrorM": 0.12645654489259783,
              "toeDownDegrees": [
                -0.507629538723708,
                -0.38887369072257855,
                -1.0912194182926052
              ]
            },
            {
              "key": 123,
              "phase": 0.5081967213114755,
              "maxWitnessErrorM": 0.13692628474818858,
              "toeDownDegrees": [
                -0.5502085892805634,
                -0.4238550519171018,
                -1.2218575928938904
              ]
            },
            {
              "key": 124,
              "phase": 0.5163934426229508,
              "maxWitnessErrorM": 0.14737683134740454,
              "toeDownDegrees": [
                -0.5930186174298155,
                -0.4598069637894799,
                -1.366439400024991
              ]
            },
            {
              "key": 125,
              "phase": 0.5245901639344261,
              "maxWitnessErrorM": 0.15782484080808257,
              "toeDownDegrees": [
                -0.6251110464857377,
                -0.48711670317241507,
                -1.5097511271675697
              ]
            },
            {
              "key": 126,
              "phase": 0.5327868852459015,
              "maxWitnessErrorM": 0.1682451966953199,
              "toeDownDegrees": [
                -0.6656349070066908,
                -0.5226267743102135,
                -1.6778298156480513
              ]
            },
            {
              "key": 127,
              "phase": 0.540983606557377,
              "maxWitnessErrorM": 0.17875766143007188,
              "toeDownDegrees": [
                -0.6278006266443573,
                -0.48989549773796726,
                -1.7499166942874784
              ]
            },
            {
              "key": 128,
              "phase": 0.5491803278688525,
              "maxWitnessErrorM": 0.18920806115142852,
              "toeDownDegrees": [
                -0.6236595641500506,
                -0.48750817146926223,
                -1.8795973591520703
              ]
            },
            {
              "key": 129,
              "phase": 0.5573770491803278,
              "maxWitnessErrorM": 0.19963697015557036,
              "toeDownDegrees": [
                -0.624648240223934,
                -0.49026357117612074,
                -2.025690260340404
              ]
            },
            {
              "key": 130,
              "phase": 0.5655737704918034,
              "maxWitnessErrorM": 0.21009052533352635,
              "toeDownDegrees": [
                -0.5982688643060786,
                -0.4694414220503007,
                -2.141643847773009
              ]
            },
            {
              "key": 131,
              "phase": 0.5737704918032787,
              "maxWitnessErrorM": 0.2205799458021921,
              "toeDownDegrees": [
                -0.537596314151509,
                -0.41881891388524595,
                -2.216202166315253
              ]
            },
            {
              "key": 132,
              "phase": 0.581967213114754,
              "maxWitnessErrorM": 0.2311154583785271,
              "toeDownDegrees": [
                -0.4367619574551332,
                -0.3330897559744405,
                -2.2393918460716895
              ]
            },
            {
              "key": 133,
              "phase": 0.5901639344262295,
              "maxWitnessErrorM": 0.2417053309868078,
              "toeDownDegrees": [
                -0.2916984261257795,
                -0.20852649625788547,
                -2.2036317937011307
              ]
            },
            {
              "key": 134,
              "phase": 0.5983606557377048,
              "maxWitnessErrorM": 0.25235499363449376,
              "toeDownDegrees": [
                -0.10078907358333435,
                -0.04355909997115374,
                -2.104749519818435
              ]
            },
            {
              "key": 135,
              "phase": 0.6065573770491803,
              "maxWitnessErrorM": 0.26306645904251325,
              "toeDownDegrees": [
                0.13475598647923898,
                0.16089428588632176,
                -1.9424415152380161
              ]
            },
            {
              "key": 136,
              "phase": 0.6147540983606556,
              "maxWitnessErrorM": 0.27383756303388507,
              "toeDownDegrees": [
                0.4105153291796266,
                0.4010578314717215,
                -1.7207193621130012
              ]
            },
            {
              "key": 137,
              "phase": 0.6229508196721312,
              "maxWitnessErrorM": 0.2846614099014032,
              "toeDownDegrees": [
                0.7186407244683766,
                0.6701414167904505,
                -1.44838552795551
              ]
            },
            {
              "key": 138,
              "phase": 0.6311475409836065,
              "maxWitnessErrorM": 0.29552714143771086,
              "toeDownDegrees": [
                1.0487068297884259,
                0.9590672497280364,
                -1.1378347355779617
              ]
            },
            {
              "key": 139,
              "phase": 0.639344262295082,
              "maxWitnessErrorM": 0.30642006160721336,
              "toeDownDegrees": [
                1.3880714853359952,
                1.2567885578506381,
                -0.8046280434375667
              ]
            },
            {
              "key": 140,
              "phase": 0.6475409836065573,
              "maxWitnessErrorM": 0.3173225147265205,
              "toeDownDegrees": [
                1.7227171084058308,
                1.5510316362366199,
                -0.4664062051631241
              ]
            },
            {
              "key": 141,
              "phase": 0.6557377049180326,
              "maxWitnessErrorM": 0.3282151871169102,
              "toeDownDegrees": [
                2.0382828513685194,
                1.8292019133855828,
                -0.14154319291799572
              ]
            },
            {
              "key": 142,
              "phase": 0.6639344262295082,
              "maxWitnessErrorM": 0.33909287333196847,
              "toeDownDegrees": [
                2.3212209933078753,
                2.0794002145218218,
                0.15236486728570633
              ]
            },
            {
              "key": 143,
              "phase": 0.6721311475409835,
              "maxWitnessErrorM": 0.3499424046536592,
              "toeDownDegrees": [
                2.5599993491684723,
                2.2914731231518553,
                0.4000627965159782
              ]
            },
            {
              "key": 144,
              "phase": 0.680327868852459,
              "maxWitnessErrorM": 0.36072317739821136,
              "toeDownDegrees": [
                2.746249494815077,
                2.458024535493221,
                0.5901369739738451
              ]
            },
            {
              "key": 145,
              "phase": 0.6885245901639345,
              "maxWitnessErrorM": 0.37166443909383606,
              "toeDownDegrees": [
                3.008645863164755,
                2.6926060483754135,
                0.8952727594503189
              ]
            },
            {
              "key": 146,
              "phase": 0.6967213114754098,
              "maxWitnessErrorM": 0.38216679280741017,
              "toeDownDegrees": [
                3.0071883783296967,
                2.6949550251154393,
                0.8562059827695143
              ]
            },
            {
              "key": 147,
              "phase": 0.7049180327868851,
              "maxWitnessErrorM": 0.39265186259980034,
              "toeDownDegrees": [
                2.990214919738462,
                2.684138911254474,
                0.805880032339947
              ]
            },
            {
              "key": 148,
              "phase": 0.7131147540983604,
              "maxWitnessErrorM": 0.40312726599562987,
              "toeDownDegrees": [
                2.9618201812386604,
                2.6636078818190723,
                0.7471327264073319
              ]
            },
            {
              "key": 149,
              "phase": 0.721311475409836,
              "maxWitnessErrorM": 0.41359969850771183,
              "toeDownDegrees": [
                2.927738280348122,
                2.6382212454568683,
                0.684388168768135
              ]
            },
            {
              "key": 150,
              "phase": 0.7295081967213115,
              "maxWitnessErrorM": 0.4242093004733356,
              "toeDownDegrees": [
                2.9420250250904414,
                2.6581861940871967,
                0.7293505329243105
              ]
            },
            {
              "key": 232,
              "phase": 0.401639344262295,
              "maxWitnessErrorM": 0.0,
              "toeDownDegrees": [
                0.0,
                0.0,
                0.0
              ]
            },
            {
              "key": 233,
              "phase": 0.4098360655737705,
              "maxWitnessErrorM": 0.010554959748886872,
              "toeDownDegrees": [
                -0.04315179763770576,
                -0.03259857609687528,
                -0.08812833268282487
              ]
            },
            {
              "key": 234,
              "phase": 0.4180327868852458,
              "maxWitnessErrorM": 0.0211088204315929,
              "toeDownDegrees": [
                -0.08609873918648439,
                -0.06506683864588578,
                -0.17555814242951806
              ]
            },
            {
              "key": 235,
              "phase": 0.42622950819672134,
              "maxWitnessErrorM": 0.03166143224382423,
              "toeDownDegrees": [
                -0.12884275312713495,
                -0.09740604202331565,
                -0.2623002712184236
              ]
            },
            {
              "key": 236,
              "phase": 0.43442622950819665,
              "maxWitnessErrorM": 0.0422126430714852,
              "toeDownDegrees": [
                -0.1713861546061135,
                -0.12961753945931964,
                -0.34836555427737714
              ]
            },
            {
              "key": 237,
              "phase": 0.4426229508196722,
              "maxWitnessErrorM": 0.05276229983468861,
              "toeDownDegrees": [
                -0.21373111530345656,
                -0.16170281393475472,
                -0.43376484836228896
              ]
            },
            {
              "key": 238,
              "phase": 0.45081967213114726,
              "maxWitnessErrorM": 0.06331024995469592,
              "toeDownDegrees": [
                -0.25587993700041484,
                -0.193663357764075,
                -0.5185085016045943
              ]
            },
            {
              "key": 239,
              "phase": 0.4590163934426228,
              "maxWitnessErrorM": 0.07385634250020567,
              "toeDownDegrees": [
                -0.297834912597268,
                -0.22550061592855508,
                -0.6026070726690199
              ]
            },
            {
              "key": 240,
              "phase": 0.4672131147540983,
              "maxWitnessErrorM": 0.08439973184299121,
              "toeDownDegrees": [
                -0.3396203743897014,
                -0.2572601273977257,
                -0.686636534865637
              ]
            },
            {
              "key": 241,
              "phase": 0.4754098360655734,
              "maxWitnessErrorM": 0.09493589625940502,
              "toeDownDegrees": [
                -0.3813784716216638,
                -0.28922063396317893,
                -0.7741604266631918
              ]
            },
            {
              "key": 242,
              "phase": 0.48360655737704916,
              "maxWitnessErrorM": 0.10545993939046616,
              "toeDownDegrees": [
                -0.4232475673901862,
                -0.3216770433052639,
                -0.8689967045577667
              ]
            },
            {
              "key": 243,
              "phase": 0.49180327868852425,
              "maxWitnessErrorM": 0.1159681244077636,
              "toeDownDegrees": [
                -0.4653178308875384,
                -0.35484699448217527,
                -0.9740178065488121
              ]
            }
          ],
          "passiveIntegration": [
            {
              "cycle": 0,
              "bone": "Bone_053",
              "anchorKey": 28,
              "lagKeys": [
                29,
                30,
                31,
                32,
                33,
                34,
                35,
                36
              ],
              "restOrientation": "release_orientation",
              "activeTarget": null,
              "translationCorrection": false,
              "initialAngularSpeedRadS": 0.09366328227080167,
              "finalAngularSpeedRadS": 0.029179043036203254,
              "mechanics": {
                "springK": 14.0,
                "dampingC": 7.0
              }
            },
            {
              "cycle": 0,
              "bone": "Bone_059",
              "anchorKey": 28,
              "lagKeys": [
                29,
                30,
                31,
                32,
                33,
                34,
                35,
                36
              ],
              "restOrientation": "release_orientation",
              "activeTarget": null,
              "translationCorrection": false,
              "initialAngularSpeedRadS": 0.09700151758713661,
              "finalAngularSpeedRadS": 0.030219007786516903,
              "mechanics": {
                "springK": 14.0,
                "dampingC": 7.0
              }
            },
            {
              "cycle": 0,
              "bone": "Bone_056",
              "anchorKey": 28,
              "lagKeys": [
                29,
                30,
                31,
                32,
                33,
                34,
                35,
                36
              ],
              "restOrientation": "release_orientation",
              "activeTarget": null,
              "translationCorrection": false,
              "initialAngularSpeedRadS": 0.06520041648471879,
              "finalAngularSpeedRadS": 0.020311969775791867,
              "mechanics": {
                "springK": 14.0,
                "dampingC": 7.0
              }
            },
            {
              "cycle": 0,
              "bone": "Bone_012",
              "anchorKey": 28,
              "lagKeys": [
                29,
                30,
                31,
                32,
                33,
                34,
                35,
                36
              ],
              "restOrientation": "release_orientation",
              "activeTarget": null,
              "translationCorrection": false,
              "initialAngularSpeedRadS": 0.6053548369765591,
              "finalAngularSpeedRadS": 0.18858697252615123,
              "mechanics": {
                "springK": 14.0,
                "dampingC": 7.0
              }
            },
            {
              "cycle": 1,
              "bone": "Bone_053",
              "anchorKey": 150,
              "lagKeys": [
                151,
                152,
                153,
                154,
                155,
                156,
                157,
                158
              ],
              "restOrientation": "release_orientation",
              "activeTarget": null,
              "translationCorrection": false,
              "initialAngularSpeedRadS": 0.09373295972847967,
              "finalAngularSpeedRadS": 0.029200749744391862,
              "mechanics": {
                "springK": 14.0,
                "dampingC": 7.0
              }
            },
            {
              "cycle": 1,
              "bone": "Bone_059",
              "anchorKey": 150,
              "lagKeys": [
                151,
                152,
                153,
                154,
                155,
                156,
                157,
                158
              ],
              "restOrientation": "release_orientation",
              "activeTarget": null,
              "translationCorrection": false,
              "initialAngularSpeedRadS": 0.0972417196050078,
              "finalAngularSpeedRadS": 0.030293838230709354,
              "mechanics": {
                "springK": 14.0,
                "dampingC": 7.0
              }
            },
            {
              "cycle": 1,
              "bone": "Bone_056",
              "anchorKey": 150,
              "lagKeys": [
                151,
                152,
                153,
                154,
                155,
                156,
                157,
                158
              ],
              "restOrientation": "release_orientation",
              "activeTarget": null,
              "translationCorrection": false,
              "initialAngularSpeedRadS": 0.06517642834386358,
              "finalAngularSpeedRadS": 0.020304496719356063,
              "mechanics": {
                "springK": 14.0,
                "dampingC": 7.0
              }
            },
            {
              "cycle": 1,
              "bone": "Bone_012",
              "anchorKey": 150,
              "lagKeys": [
                151,
                152,
                153,
                154,
                155,
                156,
                157,
                158
              ],
              "restOrientation": "release_orientation",
              "activeTarget": null,
              "translationCorrection": false,
              "initialAngularSpeedRadS": 0.6029150752478558,
              "finalAngularSpeedRadS": 0.18782691041051783,
              "mechanics": {
                "springK": 14.0,
                "dampingC": 7.0
              }
            }
          ]
        }
      }
    }
  },
  "referenceScaleWrapper": {
    "wrapperNode": "RESPIN_REFERENCE_SCALE_ROOT",
    "wrapperNodeIndex": 77,
    "acceptedRawBodyLengthM": 5.974026,
    "directGlbMeshLengthM": 5.941640538153674,
    "referenceLengthM": 12.0,
    "uniformScaleFactor": 2.0086956434404537
  },
  "clips": {
    "PROC_WALK_RELAXED_V8_1_RESPIN_ROOTMOTION": {
      "clip": "PROC_WALK_RELAXED_V8_1_RESPIN_ROOTMOTION",
      "duration_seconds": 4.069565217002042,
      "phase_advance_cycles": 2.0,
      "distance_m": 2.5947332824846594,
      "mean_speed_mps": 0.6375947169108505,
      "peak_speed_mps": 0.6375947169108502,
      "terrain": "flat",
      "path": "StraightPath",
      "sole": {
        "l": {
          "selected_vertex_count": 64,
          "candidate_vertex_count": 4627,
          "rest_min_height": -7.353215258909529e-10,
          "rest_contact_quantile": 0.0008802124089561402,
          "influencing_bones": [
            "Bone_042",
            "Bone_043",
            "Bone_044",
            "Bone_045",
            "Bone_046",
            "Bone_047",
            "Bone_048",
            "Bone_049",
            "Bone_050",
            "Bone_008",
            "Bone_009"
          ]
        },
        "r": {
          "selected_vertex_count": 64,
          "candidate_vertex_count": 4518,
          "rest_min_height": 0.0008440606179647148,
          "rest_contact_quantile": 0.0013348930515348911,
          "influencing_bones": [
            "Bone_051",
            "Bone_052",
            "Bone_053",
            "Bone_054",
            "Bone_055",
            "Bone_056",
            "Bone_057",
            "Bone_058",
            "Bone_059",
            "Bone_012",
            "Bone_013"
          ]
        }
      },
      "loaded_max_penetration_m": {
        "l": 0.0004489024975400207,
        "r": 0.0
      },
      "loaded_max_contact_quantile_error_m": {
        "l": 0.0022274371272331503,
        "r": 0.0030475238560963925
      },
      "max_leg_target_error_m": {
        "l": 0.006468102020909191,
        "r": 0.005968116982224224
      },
      "max_sole_vertical_correction_m": {
        "l": 0.0051804796367572676,
        "r": 0.008070977545954986
      },
      "joint_constraints": {
        "l": {
          "knee": {
            "expected_sign": 1.0,
            "min_flex_deg": 38.51274022613477,
            "max_flex_deg": 73.69723505530587,
            "reverse_sample_count": 0,
            "max_velocity_deg_s": 229.37193996570585,
            "max_acceleration_deg_s2": 3173.4285615228714
          },
          "ankle": {
            "expected_sign": -1.0,
            "min_flex_deg": 32.4981835583047,
            "max_flex_deg": 70.46505639779043,
            "reverse_sample_count": 0,
            "max_velocity_deg_s": 224.06981720951777,
            "max_acceleration_deg_s2": 2793.3602843633594
          }
        },
        "r": {
          "knee": {
            "expected_sign": 1.0,
            "min_flex_deg": 38.05660168879531,
            "max_flex_deg": 73.95454692280741,
            "reverse_sample_count": 0,
            "max_velocity_deg_s": 232.1561365707599,
            "max_acceleration_deg_s2": 3150.8950937896543
          },
          "ankle": {
            "expected_sign": -1.0,
            "min_flex_deg": 33.24587237467248,
            "max_flex_deg": 70.22979506264487,
            "reverse_sample_count": 0,
            "max_velocity_deg_s": 219.28216019124406,
            "max_acceleration_deg_s2": 2745.365173511715
          }
        }
      },
      "anatomical_reverse_sample_count": 0,
      "max_joint_velocity_deg_s": 232.1561365707599,
      "max_joint_acceleration_deg_s2": 3173.4285615228714,
      "quality_gates": {
        "zero_anatomical_reversals": true,
        "vertex_penetration_within_gate": true,
        "loaded_sole_gap_within_gate": true,
        "velocity_within_gate": true,
        "acceleration_within_gate": true,
        "relaxed_pelvis_lateral_within_gate": true,
        "relaxed_pelvis_vertical_within_gate": true,
        "v8_1_jaw_off_hinge_le_0_25deg": true
      },
      "v7_contact_locked": true,
      "pelvis_translation": {
        "axis_range_xyz_m": [
          0.01799632802012785,
          0.02201045096641574,
          0.017532208588135978
        ],
        "max_abs_lateral_m": 0.00873486485806437,
        "vertical_peak_to_peak_m": 0.02201045096641574,
        "forward_peak_to_peak_m": 0.01817358794906891,
        "solved_before_leg_ik": true
      },
      "turn_mass_lead": {
        "active": false
      },
      "jaw_hinge_v8_1": {
        "space": "jaw rest-local",
        "axis_local": [
          0.9992418837319629,
          -0.017410932717563995,
          0.03482121792388913
        ],
        "maximum_off_hinge_degrees": 1.2774911780784758e-14
      }
    },
    "PROC_WALK_RELAXED_V8_1_RESPIN_INPLACE": {
      "clip": "PROC_WALK_RELAXED_V8_1_RESPIN_ROOTMOTION",
      "duration_seconds": 4.069565217002042,
      "phase_advance_cycles": 2.0,
      "distance_m": 2.5947332824846594,
      "mean_speed_mps": 0.6375947169108505,
      "peak_speed_mps": 0.6375947169108502,
      "terrain": "flat",
      "path": "StraightPath",
      "sole": {
        "l": {
          "selected_vertex_count": 64,
          "candidate_vertex_count": 4627,
          "rest_min_height": -7.353215258909529e-10,
          "rest_contact_quantile": 0.0008802124089561402,
          "influencing_bones": [
            "Bone_042",
            "Bone_043",
            "Bone_044",
            "Bone_045",
            "Bone_046",
            "Bone_047",
            "Bone_048",
            "Bone_049",
            "Bone_050",
            "Bone_008",
            "Bone_009"
          ]
        },
        "r": {
          "selected_vertex_count": 64,
          "candidate_vertex_count": 4518,
          "rest_min_height": 0.0008440606179647148,
          "rest_contact_quantile": 0.0013348930515348911,
          "influencing_bones": [
            "Bone_051",
            "Bone_052",
            "Bone_053",
            "Bone_054",
            "Bone_055",
            "Bone_056",
            "Bone_057",
            "Bone_058",
            "Bone_059",
            "Bone_012",
            "Bone_013"
          ]
        }
      },
      "loaded_max_penetration_m": {
        "l": 0.0004489024975400207,
        "r": 0.0
      },
      "loaded_max_contact_quantile_error_m": {
        "l": 0.0022274371272331503,
        "r": 0.0030475238560963925
      },
      "max_leg_target_error_m": {
        "l": 0.006468102020909191,
        "r": 0.005968116982224224
      },
      "max_sole_vertical_correction_m": {
        "l": 0.0051804796367572676,
        "r": 0.008070977545954986
      },
      "joint_constraints": {
        "l": {
          "knee": {
            "expected_sign": 1.0,
            "min_flex_deg": 38.51274022613477,
            "max_flex_deg": 73.69723505530587,
            "reverse_sample_count": 0,
            "max_velocity_deg_s": 229.37193996570585,
            "max_acceleration_deg_s2": 3173.4285615228714
          },
          "ankle": {
            "expected_sign": -1.0,
            "min_flex_deg": 32.4981835583047,
            "max_flex_deg": 70.46505639779043,
            "reverse_sample_count": 0,
            "max_velocity_deg_s": 224.06981720951777,
            "max_acceleration_deg_s2": 2793.3602843633594
          }
        },
        "r": {
          "knee": {
            "expected_sign": 1.0,
            "min_flex_deg": 38.05660168879531,
            "max_flex_deg": 73.95454692280741,
            "reverse_sample_count": 0,
            "max_velocity_deg_s": 232.1561365707599,
            "max_acceleration_deg_s2": 3150.8950937896543
          },
          "ankle": {
            "expected_sign": -1.0,
            "min_flex_deg": 33.24587237467248,
            "max_flex_deg": 70.22979506264487,
            "reverse_sample_count": 0,
            "max_velocity_deg_s": 219.28216019124406,
            "max_acceleration_deg_s2": 2745.365173511715
          }
        }
      },
      "anatomical_reverse_sample_count": 0,
      "max_joint_velocity_deg_s": 232.1561365707599,
      "max_joint_acceleration_deg_s2": 3173.4285615228714,
      "quality_gates": {
        "zero_anatomical_reversals": true,
        "vertex_penetration_within_gate": true,
        "loaded_sole_gap_within_gate": true,
        "velocity_within_gate": true,
        "acceleration_within_gate": true,
        "relaxed_pelvis_lateral_within_gate": true,
        "relaxed_pelvis_vertical_within_gate": true,
        "v8_1_jaw_off_hinge_le_0_25deg": true
      },
      "v7_contact_locked": true,
      "pelvis_translation": {
        "axis_range_xyz_m": [
          0.01799632802012785,
          0.02201045096641574,
          0.017532208588135978
        ],
        "max_abs_lateral_m": 0.00873486485806437,
        "vertical_peak_to_peak_m": 0.02201045096641574,
        "forward_peak_to_peak_m": 0.01817358794906891,
        "solved_before_leg_ik": true
      },
      "turn_mass_lead": {
        "active": false
      },
      "in_place": true,
      "jaw_hinge_v8_1": {
        "space": "jaw rest-local",
        "axis_local": [
          0.9992418837319629,
          -0.017410932717563995,
          0.03482121792388913
        ],
        "maximum_off_hinge_degrees": 1.2774911780784758e-14
      }
    }
  },
  "output": {
    "glb": "/Volumes/m2-extended-disk/Repos/eonwild-factory/candidates/v8.1-walk-respin-2/generated/iteration-21/tarbosaurus_procedural_v8_1_walk_respin.glb",
    "glbSha256": "c53e8f67df930a1a455bb7c35c041dd736753c90242321fc623489590781b329"
  },
  "immutableAfter": {
    "toolkitTreeSha256": "d7f2426cb6626f7e7c94e96228afdee9ba05492197cefa7c5066a2a05c329d10",
    "showcaseTreeSha256": "336b22f38b74e7d011484ea737c48a66f9b3e4c36eb996a54086bed740bcf753",
    "sourceGlbSha256": "fbb42c2edad4eadebbcf808d32028d7c73b3fbfd6172610eddd5df84990a65c7",
    "canonicalProfileSha256": "f128bd39cca62a674855ffbcce2e88226cec3b17048bf9a830bd158238240143"
  },
  "immutableUnchanged": true
}
