{
  "status": "CANDIDATE_READY_FOR_VALIDATION",
  "candidateOnly": true,
  "input": {
    "sourceGlb": "/Volumes/m2-extended-disk/Repos/eonwild-factory/procedural-animation-toolkit(v8.1)/inputs/v8/tarbosaurus.glb",
    "sourceGlbSha256": "fbb42c2edad4eadebbcf808d32028d7c73b3fbfd6172610eddd5df84990a65c7",
    "canonicalProfileSha256": "f128bd39cca62a674855ffbcce2e88226cec3b17048bf9a830bd158238240143",
    "overlaySha256": "3d5a56b183abc710dc0f73518bc4d3cfbc8569a3a5248fb15f4b17406c4addff"
  },
  "immutableBefore": {
    "toolkitTreeSha256": "d7f2426cb6626f7e7c94e96228afdee9ba05492197cefa7c5066a2a05c329d10",
    "showcaseTreeSha256": "336b22f38b74e7d011484ea737c48a66f9b3e4c36eb996a54086bed740bcf753",
    "sourceGlbSha256": "fbb42c2edad4eadebbcf808d32028d7c73b3fbfd6172610eddd5df84990a65c7",
    "canonicalProfileSha256": "f128bd39cca62a674855ffbcce2e88226cec3b17048bf9a830bd158238240143"
  },
  "profile": {
    "name": "tarbosaurus_v8_1_relaxed_walk_respin_2",
    "reference_hip_height_m": 2.75,
    "cycle_hz": 0.4914529915,
    "stride_length_m": 2.6,
    "stance_fraction": 0.72,
    "contact_lead_stride": 0.55,
    "swing_lift_hip_fraction": 0.055,
    "swing_outward_hip_fraction": 0.0035,
    "load_ramp_fraction": 0.2,
    "toe_off_window_fraction": 0.106,
    "precontact_window_fraction": 0.65,
    "pelvis_support_shift_gain": 0.022,
    "pelvis_vertical_bob_hip_fraction": 0.0045,
    "pelvis_loading_drop_hip_fraction": 0.0035,
    "pelvis_forward_sway_hip_fraction": 0.0018,
    "pelvis_roll_deg": 1.35,
    "pelvis_yaw_deg": 1.55,
    "pelvis_pitch_deg": 0.5,
    "body_lean_deg": -1.0,
    "pelvis_neutral_pitch_deg": -1.1,
    "neck_relaxed_pitch_deg": -0.6,
    "head_horizon_pitch_deg": 0.35,
    "hip_swing_deg": 16.0,
    "hip_extension_limit_deg": 28.0,
    "hip_flexion_limit_deg": 34.0,
    "hip_abduction_limit_deg": 9.0,
    "knee_min_flex_deg": 18.0,
    "knee_max_flex_deg": 112.0,
    "knee_stance_flex_deg": 45.0,
    "knee_loading_flex_deg": 4.0,
    "knee_swing_flex_deg": 80.0,
    "ankle_min_flex_deg": 16.0,
    "ankle_max_flex_deg": 104.0,
    "ankle_stance_flex_deg": 46.0,
    "ankle_swing_flex_deg": 68.0,
    "leg_position_scale_hip_fraction": 0.0025,
    "leg_preference_weight": 0.17,
    "leg_continuity_weight": 0.22,
    "leg_max_solver_evaluations": 12,
    "swing_ankle_deg": 9.0,
    "toe_off_foot_deg": 9.0,
    "contact_foot_deg": 1.0,
    "toe_push_deg": 12.0,
    "spine_counter_gain": 0.44,
    "neck_stabilize_gain": 0.45,
    "head_stabilize_gain": 0.58,
    "arm_inertia_deg": 2.4,
    "breathing_chest_deg": 0.85,
    "breathing_neck_deg": 0.32,
    "neutral_jaw_close_deg": 50.0,
    "jaw_breath_deg": 0.28,
    "head_micro_yaw_deg": 0.35,
    "asymmetry_fraction": 0.008,
    "internal_sample_hz": 120,
    "export_sample_hz": 60,
    "supercycle_count": 2,
    "ik_tolerance_hip_fraction": 0.00035,
    "tail_root_yaw_gain": 0.62,
    "tail_com_gain": 0.72,
    "tail_velocity_gain": 0.11,
    "tail_pitch_gain": 0.24,
    "tail_neutral_sag_deg": 4.7,
    "tail_stiffness_root": 20.0,
    "tail_stiffness_tip": 4.6,
    "tail_damping_ratio": 0.75,
    "tail_coupling": 8.0,
    "tail_parent_follow": 0.28,
    "tail_phase_lag_seconds_per_bone": 0.028,
    "tail_dynamic_limit_root_deg": 2.4,
    "tail_dynamic_limit_tip_deg": 5.8,
    "tail_warmup_supercycles": 28,
    "max_joint_velocity_deg_s": 390.0,
    "max_joint_acceleration_deg_s2": 9000.0,
    "anatomical_margin_deg": 1.0,
    "sole_weight_threshold": 0.28,
    "sole_height_band_hip_fraction": 0.115,
    "sole_forward_padding_hip_fraction": 0.12,
    "sole_contact_quantile": 0.08,
    "sole_clearance_m": 0.0025,
    "sole_max_vertical_correction_hip_fraction": 0.06,
    "sole_penetration_gate_hip_fraction": 0.002,
    "sole_loaded_gap_gate_hip_fraction": 0.009,
    "sole_min_vertices_per_side": 48,
    "sole_max_vertices_per_side": 64,
    "terrain_normal_blend": 0.88,
    "terrain_foot_roll_limit_deg": 10.0,
    "terrain_foot_pitch_limit_deg": 14.0,
    "terrain_pelvis_height_blend": 0.72,
    "terrain_pelvis_roll_gain": 0.58,
    "terrain_pelvis_pitch_gain": 0.46,
    "terrain_probe_radius_hip_fraction": 0.045,
    "swing_advance_start_fraction": 0.08,
    "swing_advance_end_fraction": 0.89,
    "swing_lift_rise_fraction": 0.38,
    "swing_lift_fall_start_fraction": 0.58,
    "swing_turn_lift_scale": 1.08,
    "uneven_terrain_amplitude_hip_fraction": 0.016,
    "uneven_terrain_wavelength_m": 2.4,
    "turn_default_degrees": 35.0,
    "turn_duration_seconds": 5.42,
    "turn_inside_stride_scale": 0.8,
    "turn_outside_stride_scale": 1.1,
    "turn_body_lean_deg": 2.1,
    "start_duration_seconds": 3.65,
    "stop_duration_seconds": 3.35,
    "start_cycles": 1.65,
    "stop_cycles": 1.5,
    "minimum_active_speed_fraction": 0.1,
    "acceleration_lean_deg": 2.6,
    "braking_lean_deg": -2.7,
    "alert_cycle_hz": 0.7,
    "alert_stride_scale": 0.88,
    "alert_head_raise_deg": 4.2,
    "alert_neck_raise_deg": 3.8,
    "alert_scan_yaw_deg": 7.0,
    "alert_scan_period_seconds": 5.2,
    "alert_tail_raise_deg": 2.0,
    "alert_step_height_scale": 1.08,
    "idle_duration_seconds": 7.0,
    "idle_weight_shift_hip_fraction": 0.004,
    "idle_head_scan_yaw_deg": 3.0,
    "idle_head_scan_pitch_deg": 0.9,
    "idle_tail_tip_deg": 2.4,
    "idle_breath_cycles": 2.0,
    "eating_duration_seconds": 10.8,
    "eating_body_lower_deg": 7.8,
    "eating_neck_lower_deg": 29.0,
    "eating_head_lower_deg": 14.5,
    "eating_pelvis_back_hip_fraction": 0.062,
    "eating_knee_flex_deg": 7.0,
    "eating_jaw_open_deg": 29.0,
    "eating_bite_count": 3,
    "eating_chew_deg": 3.2,
    "bite_duration_seconds": 4.6,
    "bite_anticipation_fraction": 0.28,
    "bite_contact_fraction": 0.67,
    "bite_recovery_fraction": 0.84,
    "bite_lunge_hip_fraction": 0.305,
    "bite_body_crouch_deg": 6.2,
    "bite_neck_retract_deg": 15.0,
    "bite_neck_thrust_deg": 18.5,
    "bite_jaw_open_deg": 50.0,
    "bite_snap_close_deg": 0.8,
    "bite_head_yaw_deg": 3.0,
    "roar_duration_seconds": 5.6,
    "roar_inhale_fraction": 0.24,
    "roar_peak_fraction": 0.54,
    "roar_release_fraction": 0.82,
    "roar_neck_raise_deg": 15.0,
    "roar_head_raise_deg": 10.0,
    "roar_jaw_open_deg": 50.0,
    "roar_chest_expand_deg": 4.4,
    "roar_head_shake_deg": 2.3,
    "roar_tail_brace_deg": 2.7,
    "transition_short_seconds": 0.75,
    "transition_medium_seconds": 1.25,
    "transition_long_seconds": 1.8,
    "transition_match_velocity": true,
    "max_transition_endpoint_position_error": 1e-06,
    "max_transition_endpoint_rotation_error": 1e-06,
    "max_turn_loaded_slide_hip_fraction": 0.008,
    "turn_cycle_hz_scale": 0.86,
    "turn_stride_scale": 0.84,
    "turn_inside_contact_lag_cycles": 0.025,
    "turn_head_lead_deg": 18.5,
    "turn_neck_lead_deg": 12.2,
    "turn_chest_lead_deg": 4.8,
    "turn_pelvis_lead_deg": 1.35,
    "turn_head_lookahead_fraction": 0.205,
    "turn_lead_rise_fraction": 0.13,
    "turn_lead_fall_start_fraction": 0.72,
    "turn_support_shift_hip_fraction": 0.0045,
    "turn_tail_counter_root_deg": 3.8,
    "turn_tail_counter_tip_deg": 9.6,
    "turn_tail_release_lag_fraction": 0.13,
    "turn_head_roll_deg": 2.0,
    "turn_step_yaw_deg": 3.0,
    "eating_pelvis_down_hip_fraction": 0.069,
    "bite_preload_back_hip_fraction": 0.115,
    "bite_preload_down_hip_fraction": 0.078,
    "bite_catch_step_hip_fraction": 0.115,
    "max_relaxed_pelvis_lateral_hip_fraction": 0.018,
    "max_relaxed_pelvis_vertical_hip_fraction": 0.02,
    "max_relaxed_mesh_hover_hip_fraction": 0.006,
    "max_turn_head_lead_error_deg": 1.0,
    "minimum_turn_head_lead_deg": 12.0,
    "minimum_turn_neck_lead_deg": 7.0,
    "minimum_turn_tail_counter_deg": 4.0,
    "foot_pivot_gap_fraction": 0.9,
    "turn_head_overshoot_fraction": 0.22,
    "turn_neck_overshoot_fraction": 0.11,
    "turn_head_pitch_deg": 1.25,
    "turn_neck_roll_deg": 0.85,
    "bite_focus_fraction": 0.09,
    "bite_first_catch_fraction": 0.49,
    "bite_hold_end_fraction": 0.8,
    "bite_first_catch_step_hip_fraction": 0.205,
    "bite_second_catch_step_hip_fraction": 0.15,
    "bite_first_step_height_hip_fraction": 0.038,
    "bite_second_step_height_hip_fraction": 0.03,
    "bite_target_head_yaw_deg": 4.6,
    "bite_contact_head_yaw_deg": 5.8,
    "bite_contact_head_roll_deg": 2.7,
    "bite_tear_head_yaw_deg": 7.5,
    "bite_tear_neck_yaw_deg": 4.2,
    "bite_tear_chest_yaw_deg": 1.8,
    "bite_tail_preload_deg": 4.8,
    "bite_tail_delivery_deg": 6.0,
    "bite_tail_tear_deg": 5.2,
    "eating_target_search_yaw_deg": 2.4,
    "eating_bite_retract_deg": 4.8,
    "eating_bite_thrust_deg": 5.4,
    "eating_pull_head_yaw_deg": 5.8,
    "eating_pull_neck_yaw_deg": 3.4,
    "eating_pull_head_roll_deg": 2.4,
    "eating_pull_head_raise_deg": 4.0,
    "eating_pull_pelvis_shift_hip_fraction": 0.0065,
    "eating_tail_counter_deg": 3.6,
    "eating_swallow_head_raise_deg": 2.2,
    "eating_bite_times": [
      0.165,
      0.485,
      0.785
    ],
    "eating_bite_directions": [
      -1.0,
      1.0,
      -1.0
    ],
    "eating_bite_strengths": [
      1.0,
      0.78,
      1.08
    ],
    "minimum_attack_preload_back_hip_fraction": 0.085,
    "minimum_attack_preload_down_hip_fraction": 0.055,
    "minimum_attack_root_delivery_hip_fraction": 0.22,
    "minimum_attack_head_tear_deg": 4.0,
    "minimum_eating_head_yaw_span_deg": 6.0,
    "minimum_eating_jaw_events": 3,
    "minimum_eating_pelvis_down_hip_fraction": 0.055,
    "power_duration_seconds": 2.8,
    "power_coil_start_fraction": 0.12,
    "power_coil_end_fraction": 0.27,
    "power_takeoff_fraction": 0.38,
    "power_apex_fraction": 0.415,
    "power_bite_contact_fraction": 0.44,
    "power_land_fraction": 0.45,
    "power_catch_fraction": 0.55,
    "power_arrest_end_fraction": 0.76,
    "power_preload_back_hip_fraction": 0.08,
    "power_preload_down_hip_fraction": 0.06,
    "power_root_rise_hip_fraction": 0.088,
    "power_forward_hip_fraction": 0.39,
    "power_sole_clearance_hip_fraction": 0.05,
    "power_landing_absorb_hip_fraction": 0.038,
    "power_launch_load": 0.72,
    "power_jaw_open_deg": 52.0
  },
  "footPivotCalibration": {
    "gapFraction": 0.9,
    "adjustments": [
      {
        "joint": "Bone_008",
        "oldWorldPosition": [
          -0.4283853018498213,
          0.21173757875848223,
          0.47466855061040986
        ],
        "newWorldPosition": [
          -0.4283853018498213,
          0.1072946756740088,
          0.4746685506104099
        ],
        "preservedChildWorldPositions": {
          "Bone_044": [
            -0.5212234441869362,
            0.09568990877284307,
            0.4746685767159377
          ],
          "Bone_047": [
            -0.3819662072199686,
            0.09568990789082905,
            0.52108763198559
          ],
          "Bone_050": [
            -0.4515948608043609,
            0.09568990933019644,
            0.5210876275913037
          ]
        },
        "skinJointSlot": 43,
        "side": "l",
        "toeRootCentroid": [
          -0.4515948374037552,
          0.09568990866462285,
          0.5056146120976105
        ],
        "originalVerticalGapM": 0.11604767009385938,
        "movementDownM": 0.10444290308447345,
        "remainingVerticalGapM": 0.011604767009385952
      },
      {
        "joint": "Bone_012",
        "oldWorldPosition": [
          0.45357702353903057,
          0.2117374147414137,
          0.4746687236750882
        ],
        "newWorldPosition": [
          0.45357702353903057,
          0.10729446530694686,
          0.47466872367508817
        ],
        "preservedChildWorldPositions": {
          "Bone_053": [
            0.383948423336095,
            0.09568968586739188,
            0.521087782647882
          ],
          "Bone_056": [
            0.5232056753720299,
            0.09568970126058214,
            0.47466867246724426
          ],
          "Bone_059": [
            0.47678660924250243,
            0.095689692314711,
            0.5210877861042715
          ]
        },
        "skinJointSlot": 56,
        "side": "r",
        "toeRootCentroid": [
          0.4613135693168758,
          0.09568969314756166,
          0.5056147470731326
        ],
        "originalVerticalGapM": 0.11604772159385203,
        "movementDownM": 0.10444294943446683,
        "remainingVerticalGapM": 0.011604772159385199
      }
    ],
    "maximumToeRootOriginErrorM": 1.716587549445839e-16,
    "maximumRestSkinnedVertexErrorM": 2.241232429242919e-08,
    "bilateralMovementDifferenceM": 4.6349993385041977e-08,
    "inverseBindSlotsChanged": 2,
    "changedInverseBindSlots": [
      43,
      56
    ]
  },
  "toeGroundLock": {
    "policy": "candidate-local world-space distal witness lock; no post-solve foot translation; spring-damper after release",
    "sides": {
      "PROC_WALK_RELAXED_V8_1_RESPIN_ROOTMOTION": {
        "l": {
          "activeToeContactKeys": 34,
          "rockerOnset": 0.614,
          "visibleRockerRiseEnd": 0.72,
          "release": 0.78,
          "passiveLagEnd": 0.85,
          "receivingArm": 0.85,
          "flatten": 0.88,
          "witnessVertexIndices": [
            51119,
            49877,
            50149
          ],
          "metatarsalWitnessVertexIndices": [
            50706,
            50684,
            50129,
            50180,
            50703,
            50111,
            50685,
            50604,
            50218,
            50149,
            49845,
            51482,
            50126,
            50964,
            49718,
            49844,
            51010,
            50449,
            51119,
            50681,
            50097,
            51549,
            50265,
            49876,
            50536,
            50465,
            50440,
            50629,
            50585,
            50666,
            50757,
            50772,
            50723,
            52424,
            50839,
            50799,
            50833,
            52495,
            50881,
            50895,
            50992,
            50965,
            50966,
            49711,
            52656,
            52742,
            52727,
            51080,
            49951,
            51029,
            49719,
            49754,
            52805,
            52850,
            52939,
            51094,
            49953,
            49946,
            49877,
            52980,
            53020,
            51186,
            51112,
            49998
          ],
          "contactLock": [
            {
              "key": 49,
              "phase": 0.4016393442622951,
              "maxWitnessErrorM": 0.00023313720513007483,
              "toeDownDegrees": [
                -0.5403831858389566,
                -0.67349249245924,
                -0.6683364807821904
              ],
              "metatarsalTargetM": 0.008963541574556585,
              "metatarsalBeforeToeLockM": 0.00932695947274699,
              "footRockerCorrectionDegrees": 0.7798488807442784,
              "pivotLocalTranslationM": [
                -0.000307145992575402,
                -0.0005850867227966557,
                -0.0009077326911573004
              ],
              "pivotWorldTranslationM": [
                1.6006317412812745e-05,
                0.001044793087586541,
                0.00041084579276294444
              ]
            },
            {
              "key": 50,
              "phase": 0.40983606557377045,
              "maxWitnessErrorM": 0.00023286703482231657,
              "toeDownDegrees": [
                -0.5409836745651883,
                -0.6743587083682537,
                -0.6692359696220106
              ],
              "metatarsalTargetM": 0.008963541574556585,
              "metatarsalBeforeToeLockM": 0.009327045986742263,
              "footRockerCorrectionDegrees": 0.7807187816665496,
              "pivotLocalTranslationM": [
                -0.0003059732360418054,
                -0.0006003236945097605,
                -0.0008922338273896548
              ],
              "pivotWorldTranslationM": [
                1.548969088452579e-05,
                0.0010448925185551892,
                0.0003975529447074131
              ]
            },
            {
              "key": 51,
              "phase": 0.41803278688524587,
              "maxWitnessErrorM": 0.00023277916503032536,
              "toeDownDegrees": [
                -0.5407604101261373,
                -0.6741486087152874,
                -0.6689857304378855
              ],
              "metatarsalTargetM": 0.008963541574556585,
              "metatarsalBeforeToeLockM": 0.009327118918116408,
              "footRockerCorrectionDegrees": 0.7805832376971336,
              "pivotLocalTranslationM": [
                -0.0003045316375057908,
                -0.0006170255780209594,
                -0.0008740093473188029
              ],
              "pivotWorldTranslationM": [
                1.488856095623037e-05,
                0.0010445698275234193,
                0.00038210458297556477
              ]
            },
            {
              "key": 52,
              "phase": 0.4262295081967213,
              "maxWitnessErrorM": 0.00023280165610218553,
              "toeDownDegrees": [
                -0.5407326499173529,
                -0.6741025474457165,
                -0.668940073954229
              ],
              "metatarsalTargetM": 0.008963541574556585,
              "metatarsalBeforeToeLockM": 0.009327109450833747,
              "footRockerCorrectionDegrees": 0.780532993946983,
              "pivotLocalTranslationM": [
                -0.00030282901562635726,
                -0.0006352637576051176,
                -0.0008529537763894746
              ],
              "pivotWorldTranslationM": [
                1.419895026400823e-05,
                0.0010439420642165394,
                0.00036438748293489876
              ]
            },
            {
              "key": 53,
              "phase": 0.4344262295081967,
              "maxWitnessErrorM": 0.00023276192616491186,
              "toeDownDegrees": [
                -0.541257589217308,
                -0.6747464302120427,
                -0.6696377548238933
              ],
              "metatarsalTargetM": 0.008963541574556585,
              "metatarsalBeforeToeLockM": 0.00932707874222667,
              "footRockerCorrectionDegrees": 0.7810969780578662,
              "pivotLocalTranslationM": [
                -0.000300957851556543,
                -0.0006552464268780327,
                -0.0008292323172043206
              ],
              "pivotWorldTranslationM": [
                1.3422293025507661e-05,
                0.0010434233746242775,
                0.0003444365354912291
              ]
            },
            {
              "key": 54,
              "phase": 0.44262295081967207,
              "maxWitnessErrorM": 0.00023283269577227214,
              "toeDownDegrees": [
                -0.541803747224822,
                -0.6753596223657756,
                -0.6703142892368632
              ],
              "metatarsalTargetM": 0.008963541574556585,
              "metatarsalBeforeToeLockM": 0.009326995839917807,
              "footRockerCorrectionDegrees": 0.7815716597633915,
              "pivotLocalTranslationM": [
                -0.0002987635671312824,
                -0.0006767303385049659,
                -0.0008022450994153246
              ],
              "pivotWorldTranslationM": [
                1.2544295107641307e-05,
                0.0010426183188378768,
                0.0003218847280397914
              ]
            },
            {
              "key": 55,
              "phase": 0.45081967213114754,
              "maxWitnessErrorM": 0.00023236516943631632,
              "toeDownDegrees": [
                -0.5411784029205627,
                -0.6748867196392335,
                -0.6697126027651041
              ],
              "metatarsalTargetM": 0.008963541574556585,
              "metatarsalBeforeToeLockM": 0.009327305579832705,
              "footRockerCorrectionDegrees": 0.7814134091652727,
              "pivotLocalTranslationM": [
                -0.0002967267127454205,
                -0.0007005643915047454,
                -0.0007734236180017801
              ],
              "pivotWorldTranslationM": [
                1.1595673729463779e-05,
                0.0010432521726629715,
                0.00029750801265553584
              ]
            },
            {
              "key": 56,
              "phase": 0.4590163934426229,
              "maxWitnessErrorM": 0.00023279176017975398,
              "toeDownDegrees": [
                -0.5418840573836398,
                -0.6754769637468928,
                -0.6704366221949174
              ],
              "metatarsalTargetM": 0.008963541574556585,
              "metatarsalBeforeToeLockM": 0.009327008423522944,
              "footRockerCorrectionDegrees": 0.7816926257773225,
              "pivotLocalTranslationM": [
                -0.0002936605962005981,
                -0.0007246423872642085,
                -0.0007389124200549407
              ],
              "pivotWorldTranslationM": [
                1.0489374817694325e-05,
                0.0010415412378359291,
                0.0002691018236382839
              ]
            },
            {
              "key": 57,
              "phase": 0.4672131147540984,
              "maxWitnessErrorM": 0.00023258371826936973,
              "toeDownDegrees": [
                -0.5409960134983078,
                -0.6745450891361535,
                -0.6693782752405756
              ],
              "metatarsalTargetM": 0.008963541574556585,
              "metatarsalBeforeToeLockM": 0.009327206146434891,
              "footRockerCorrectionDegrees": 0.781012939022015,
              "pivotLocalTranslationM": [
                -0.00029074074906293727,
                -0.0007510390605153422,
                -0.0007023517197245354
              ],
              "pivotWorldTranslationM": [
                9.3058351268918e-06,
                0.001041548019933316,
                0.0002387010234299178
              ]
            },
            {
              "key": 58,
              "phase": 0.47540983606557374,
              "maxWitnessErrorM": 0.00023282829852111974,
              "toeDownDegrees": [
                -0.541964081127788,
                -0.6755537759528033,
                -0.6705243181055677
              ],
              "metatarsalTargetM": 0.008963541574556585,
              "metatarsalBeforeToeLockM": 0.00932698453655175,
              "footRockerCorrectionDegrees": 0.78173572287448,
              "pivotLocalTranslationM": [
                -0.00028701198657357906,
                -0.0007779747699605931,
                -0.0006606690902834865
              ],
              "pivotWorldTranslationM": [
                7.974806591807263e-06,
                0.0010402933542940208,
                0.00020452302495013052
              ]
            },
            {
              "key": 59,
              "phase": 0.48360655737704916,
              "maxWitnessErrorM": 0.00023284927151688952,
              "toeDownDegrees": [
                -0.5406802977875528,
                -0.6740117262288136,
                -0.6688503424616703
              ],
              "metatarsalTargetM": 0.008963541574556585,
              "metatarsalBeforeToeLockM": 0.009327087040567606,
              "footRockerCorrectionDegrees": 0.7804327248982353,
              "pivotLocalTranslationM": [
                -0.00028302165311886,
                -0.000806367788050398,
                -0.0006155631107454759
              ],
              "pivotWorldTranslationM": [
                6.535707114367932e-06,
                0.0010397728673662446,
                0.0001675623137594429
              ]
            },
            {
              "key": 60,
              "phase": 0.4918032786885246,
              "maxWitnessErrorM": 0.00023281794997528243,
              "toeDownDegrees": [
                -0.5416182255406943,
                -0.6751429221544931,
                -0.6700807205887513
              ],
              "metatarsalTargetM": 0.008963541574556585,
              "metatarsalBeforeToeLockM": 0.009327015603414555,
              "footRockerCorrectionDegrees": 0.7814006555312327,
              "pivotLocalTranslationM": [
                -0.00027847309689759444,
                -0.0008356393304889624,
                -0.0005660199946896601
              ],
              "pivotWorldTranslationM": [
                4.963010105524951e-06,
                0.0010392398033755661,
                0.00012717795742230265
              ]
            },
            {
              "key": 61,
              "phase": 0.5,
              "maxWitnessErrorM": 0.00023284805768497888,
              "toeDownDegrees": [
                -0.5406742754879186,
                -0.674005285954886,
                -0.6688435944487306
              ],
              "metatarsalTargetM": 0.008963541574556585,
              "metatarsalBeforeToeLockM": 0.009327088484863886,
              "footRockerCorrectionDegrees": 0.7804277434740753,
              "pivotLocalTranslationM": [
                -0.0002733070893095629,
                -0.0008654963279965633,
                -0.0005119243590798749
              ],
              "pivotWorldTranslationM": [
                3.256399124295121e-06,
                0.0010386954427240138,
                8.335234567389177e-05
              ]
            },
            {
              "key": 62,
              "phase": 0.5081967213114754,
              "maxWitnessErrorM": 0.0002328475686613409,
              "toeDownDegrees": [
                -0.5406769680466103,
                -0.6740087509445265,
                -0.6688471434926425
              ],
              "metatarsalTargetM": 0.008963541574556585,
              "metatarsalBeforeToeLockM": 0.00932708839615392,
              "footRockerCorrectionDegrees": 0.7804308359722737,
              "pivotLocalTranslationM": [
                -0.0002674901836359538,
                -0.000895573824985777,
                -0.0004533064941493283
              ],
              "pivotWorldTranslationM": [
                1.4202951457590663e-06,
                0.0010381603423263363,
                3.620163158473441e-05
              ]
            },
            {
              "key": 63,
              "phase": 0.5163934426229507,
              "maxWitnessErrorM": 0.00023284707364801,
              "toeDownDegrees": [
                -0.540679360902514,
                -0.6740118715128836,
                -0.6688503397215679
              ],
              "metatarsalTargetM": 0.008963541574556585,
              "metatarsalBeforeToeLockM": 0.009327088361800977,
              "footRockerCorrectionDegrees": 0.7804336306264391,
              "pivotLocalTranslationM": [
                -0.0002610982192347874,
                -0.000924994317460559,
                -0.00039108013167459503
              ],
              "pivotWorldTranslationM": [
                -5.02453994936591e-07,
                0.0010375718534468671,
                -1.3192377339820284e-05
              ]
            },
            {
              "key": 64,
              "phase": 0.5245901639344263,
              "maxWitnessErrorM": 0.0002328466239743649,
              "toeDownDegrees": [
                -0.5406792747427657,
                -0.6740120293871074,
                -0.6688504793564982
              ],
              "metatarsalTargetM": 0.008963541574556585,
              "metatarsalBeforeToeLockM": 0.009327088622069117,
              "footRockerCorrectionDegrees": 0.7804338973781059,
              "pivotLocalTranslationM": [
                -0.00025408291735470894,
                -0.000952754923380162,
                -0.00032570489325297783
              ],
              "pivotWorldTranslationM": [
                -2.483841059434415e-06,
                0.0010364675425539958,
                -6.412335311495267e-05
              ]
            },
            {
              "key": 65,
              "phase": 0.5327868852459017,
              "maxWitnessErrorM": 0.00023279340022984516,
              "toeDownDegrees": [
                -0.5419812016138046,
                -0.6755885472109724,
                -0.6705622344416758
              ],
              "metatarsalTargetM": 0.008963541574556585,
              "metatarsalBeforeToeLockM": 0.009326995263248686,
              "footRockerCorrectionDegrees": 0.7817872027095233,
              "pivotLocalTranslationM": [
                -0.0002445718452486197,
                -0.00097234026223929,
                -0.000254055514321391
              ],
              "pivotWorldTranslationM": [
                -4.543324743894163e-06,
                0.0010276542971259035,
                -0.00011709127249383988
              ]
            },
            {
              "key": 66,
              "phase": 0.540983606557377,
              "maxWitnessErrorM": 0.00023209866570193306,
              "toeDownDegrees": [
                -0.5417091924048254,
                -0.675675117399963,
                -0.670519677738473
              ],
              "metatarsalTargetM": 0.008963541574556585,
              "metatarsalBeforeToeLockM": 0.00932740375784906,
              "footRockerCorrectionDegrees": 0.7822082211862178,
              "pivotLocalTranslationM": [
                -0.00023000531069587707,
                -0.0009744713814900719,
                -0.00017248499999507783
              ],
              "pivotWorldTranslationM": [
                -6.701363030819072e-06,
                0.0010011993844585229,
                -0.00017263279020859223
              ]
            },
            {
              "key": 67,
              "phase": 0.5491803278688524,
              "maxWitnessErrorM": 0.00023200383029622885,
              "toeDownDegrees": [
                -0.5417018874373746,
                -0.675729560603998,
                -0.6705524149256082
              ],
              "metatarsalTargetM": 0.008963541574556585,
              "metatarsalBeforeToeLockM": 0.00932746477030602,
              "footRockerCorrectionDegrees": 0.7822951846484482,
              "pivotLocalTranslationM": [
                -0.00020676865124799883,
                -0.0009474759894900704,
                -7.457607652581331e-05
              ],
              "pivotWorldTranslationM": [
                -9.093456769585205e-06,
                0.0009439781791904427,
                -0.00023419519367761884
              ]
            },
            {
              "key": 68,
              "phase": 0.5573770491803278,
              "maxWitnessErrorM": 0.00023202088880918174,
              "toeDownDegrees": [
                -0.5417522851034525,
                -0.675776512458649,
                -0.6706101026173451
              ],
              "metatarsalTargetM": 0.008963541574556585,
              "metatarsalBeforeToeLockM": 0.009327447432238657,
              "footRockerCorrectionDegrees": 0.7823285154184064,
              "pivotLocalTranslationM": [
                -0.00017309405224278477,
                -0.0008838507439163373,
                4.0536557944993564e-05
              ],
              "pivotWorldTranslationM": [
                -1.1756275574402374e-05,
                0.0008491303112339614,
                -0.00030271401592430586
              ]
            },
            {
              "key": 69,
              "phase": 0.5655737704918032,
              "maxWitnessErrorM": 0.00023196003750217283,
              "toeDownDegrees": [
                -0.5417789695690357,
                -0.6758459522981025,
                -0.670672318399926
              ],
              "metatarsalTargetM": 0.008963541574556585,
              "metatarsalBeforeToeLockM": 0.00932748080605793,
              "footRockerCorrectionDegrees": 0.7824156882998189,
              "pivotLocalTranslationM": [
                -0.00012749773282266975,
                -0.0007766688576235164,
                0.00017249769996044215
              ],
              "pivotWorldTranslationM": [
                -1.4731465474884669e-05,
                0.000710760646992105,
                -0.00037924588126871296
              ]
            },
            {
              "key": 70,
              "phase": 0.5737704918032787,
              "maxWitnessErrorM": 0.00023213331791213415,
              "toeDownDegrees": [
                -0.5415298442410866,
                -0.6754482573448095,
                -0.670271948645235
              ],
              "metatarsalTargetM": 0.008963541574556585,
              "metatarsalBeforeToeLockM": 0.009327408866200752,
              "footRockerCorrectionDegrees": 0.7819939835011634,
              "pivotLocalTranslationM": [
                -6.868642755345176e-05,
                -0.0006193740638581675,
                0.00031999906874725725
              ],
              "pivotWorldTranslationM": [
                -1.8070135052540435e-05,
                0.0005235536405373263,
                -0.0004650872785138176
              ]
            },
            {
              "key": 71,
              "phase": 0.5819672131147541,
              "maxWitnessErrorM": 0.00023210374660785605,
              "toeDownDegrees": [
                -0.5415771784647547,
                -0.675521806444899,
                -0.6703464059359554
              ],
              "metatarsalTargetM": 0.008963541574556585,
              "metatarsalBeforeToeLockM": 0.009327420589496163,
              "footRockerCorrectionDegrees": 0.7820706475119363,
              "pivotLocalTranslationM": [
                3.461599240501446e-06,
                -0.000408604049958637,
                0.00047867513293764247
              ],
              "pivotWorldTranslationM": [
                -2.1770563549508806e-05,
                0.0002860332120977972,
                -0.0005601874360102958
              ]
            },
            {
              "key": 72,
              "phase": 0.5901639344262295,
              "maxWitnessErrorM": 0.00023207962447603777,
              "toeDownDegrees": [
                -0.5416093469593563,
                -0.6755741527982254,
                -0.6703989646444607
              ],
              "metatarsalTargetM": 0.008963541574556585,
              "metatarsalBeforeToeLockM": 0.009327430844971323,
              "footRockerCorrectionDegrees": 0.7821267174982609,
              "pivotLocalTranslationM": [
                8.886717342215432e-05,
                -0.000141961934649293,
                0.0006439169821639699
              ],
              "pivotWorldTranslationM": [
                -2.5844320243801277e-05,
                -2.6277856552278466e-06,
                -0.0006648342916530614
              ]
            },
            {
              "key": 73,
              "phase": 0.5983606557377049,
              "maxWitnessErrorM": 0.00023205993511209362,
              "toeDownDegrees": [
                -0.5416353648911194,
                -0.6756169353741255,
                -0.6704411417449058
              ],
              "metatarsalTargetM": 0.008963541574556585,
              "metatarsalBeforeToeLockM": 0.009327439435822073,
              "footRockerCorrectionDegrees": 0.782172211103239,
              "pivotLocalTranslationM": [
                0.00018661214418156643,
                0.0001799427911958891,
                0.000809838244598021
              ],
              "pivotWorldTranslationM": [
                -3.0276218755830974e-05,
                -0.00034037359415788114,
                -0.0007786336506474323
              ]
            },
            {
              "key": 74,
              "phase": 0.6065573770491802,
              "maxWitnessErrorM": 0.00023242306196883875,
              "toeDownDegrees": [
                -0.5417616822570194,
                -0.6755490136168748,
                -0.6704429566217446
              ],
              "metatarsalTargetM": 0.008963541574556585,
              "metatarsalBeforeToeLockM": 0.009327223152128071,
              "footRockerCorrectionDegrees": 0.7819362445574347,
              "pivotLocalTranslationM": [
                0.00029540487215905985,
                0.0005544688415241972,
                0.00097084536057891
              ],
              "pivotWorldTranslationM": [
                -3.5055278823999e-05,
                -0.0007236539474245802,
                -0.0009012967947121521
              ]
            },
            {
              "key": 75,
              "phase": 0.6147540983606558,
              "maxWitnessErrorM": 0.00023206910421445012,
              "toeDownDegrees": [
                -0.5416586393840855,
                -0.6756302358043103,
                -0.6704542842899587
              ],
              "metatarsalTargetM": 0.008963541574556585,
              "metatarsalBeforeToeLockM": 0.009327429351624398,
              "footRockerCorrectionDegrees": 0.7821802867900631,
              "pivotLocalTranslationM": [
                0.00041222121794954654,
                0.0009727100467329757,
                0.0011193124867091132
              ],
              "pivotWorldTranslationM": [
                -4.0081459581016985e-05,
                -0.0011427517151006885,
                -0.0010302729438427885
              ]
            },
            {
              "key": 76,
              "phase": 0.6229508196721312,
              "maxWitnessErrorM": 0.00022885851329516806,
              "toeDownDegrees": [
                -0.6022422249562808,
                -0.7364270790193905,
                -0.7308193970574653
              ],
              "metatarsalTargetM": 0.008963541574556585,
              "metatarsalBeforeToeLockM": 0.00931928126109104,
              "footRockerCorrectionDegrees": 0.8373944429448587,
              "pivotLocalTranslationM": [
                0.0005394986839280935,
                0.0014370579688202329,
                0.0012646567440348564
              ],
              "pivotWorldTranslationM": [
                -4.583066630322821e-05,
                -0.0016019782970852453,
                -0.0011777580002237924
              ]
            },
            {
              "key": 77,
              "phase": 0.6311475409836066,
              "maxWitnessErrorM": 0.00020677845191972117,
              "toeDownDegrees": [
                -0.8660315965545233,
                -0.9951333175543513,
                -0.9848276951550028
              ],
              "metatarsalTargetM": 0.008963541574556585,
              "metatarsalBeforeToeLockM": 0.009286787193854004,
              "footRockerCorrectionDegrees": 1.0786229819251256,
              "pivotLocalTranslationM": [
                0.0007021957075456992,
                0.0020366924610611963,
                0.001436726583055006
              ],
              "pivotWorldTranslationM": [
                -5.343974118706931e-05,
                -0.00219488247618046,
                -0.001372956388848603
              ]
            },
            {
              "key": 78,
              "phase": 0.6393442622950819,
              "maxWitnessErrorM": 0.00015778608603881825,
              "toeDownDegrees": [
                -1.4160312854114212,
                -1.5304576363143432,
                -1.5089407059217181
              ],
              "metatarsalTargetM": 0.008963541574556585,
              "metatarsalBeforeToeLockM": 0.009219811963586476,
              "footRockerCorrectionDegrees": 1.5806225940937217,
              "pivotLocalTranslationM": [
                0.000903913617900713,
                0.002779753533352175,
                0.0016432630516763518
              ],
              "pivotWorldTranslationM": [
                -6.358439919027854e-05,
                -0.002927964642154491,
                -0.0016332102914424745
              ]
            },
            {
              "key": 79,
              "phase": 0.6475409836065573,
              "maxWitnessErrorM": 5.006672944241064e-05,
              "toeDownDegrees": [
                -1.966031285411421,
                -2.033800644733932,
                -1.977678060647205
              ],
              "metatarsalTargetM": 0.009112526915408899,
              "metatarsalBeforeToeLockM": 0.00919091171029495,
              "footRockerCorrectionDegrees": 2.1037871278789098,
              "pivotLocalTranslationM": [
                0.0011493488933149284,
                0.003742037064001648,
                0.001815086195969812
              ],
              "pivotWorldTranslationM": [
                -7.390706378154174e-05,
                -0.003874332566880957,
                -0.0018980133445366681
              ]
            },
            {
              "key": 80,
              "phase": 0.6557377049180327,
              "maxWitnessErrorM": 0.000208157293357214,
              "toeDownDegrees": [
                -1.4342251445378646,
                -1.7092562611697213,
                -1.427678061025926
              ],
              "metatarsalTargetM": 0.01142571584929309,
              "metatarsalBeforeToeLockM": 0.011130181505032411,
              "footRockerCorrectionDegrees": 2.853787125462887,
              "pivotLocalTranslationM": [
                5.0453290352354254e-05,
                8.171799702535471e-05,
                0.00018137223314989258
              ],
              "pivotWorldTranslationM": [
                -7.268765502560922e-06,
                -8.336426990593545e-05,
                -0.00018739476577865312
              ]
            },
            {
              "key": 81,
              "phase": 0.6639344262295082,
              "maxWitnessErrorM": 0.0008225116013826817,
              "toeDownDegrees": [
                -0.8842251446439591,
                -1.3285407526347885,
                -0.877678061025926
              ],
              "metatarsalTargetM": 0.01600283955675029,
              "metatarsalBeforeToeLockM": 0.013469588831412537,
              "footRockerCorrectionDegrees": 3.603787125275078,
              "pivotLocalTranslationM": [
                -0.0011227065825305345,
                -0.003978342471011619,
                -0.0013319885396334103
              ],
              "pivotWorldTranslationM": [
                6.263651396837971e-05,
                0.004034296426825025,
                0.0016069810549825681
              ]
            },
            {
              "key": 82,
              "phase": 0.6721311475409836,
              "maxWitnessErrorM": 0.001865305067045193,
              "toeDownDegrees": [
                -0.3342254704388707,
                -0.9228354498119867,
                -0.3276780610259262
              ],
              "metatarsalTargetM": 0.022150503007589674,
              "metatarsalBeforeToeLockM": 0.016069560911563977,
              "footRockerCorrectionDegrees": 4.353787125275072,
              "pivotLocalTranslationM": [
                -0.0023548824324600834,
                -0.008361508772689461,
                -0.002735219805654807
              ],
              "pivotWorldTranslationM": [
                0.00013622325885785506,
                0.00840846166146977,
                0.003495838244989781
              ]
            },
            {
              "key": 83,
              "phase": 0.680327868852459,
              "maxWitnessErrorM": 0.0030384118059173957,
              "toeDownDegrees": [
                0.2157745295611099,
                -0.5109197263016321,
                0.22232193897407382
              ],
              "metatarsalTargetM": 0.029175311171620442,
              "metatarsalBeforeToeLockM": 0.018819427363281915,
              "footRockerCorrectionDegrees": 5.1037871252595775,
              "pivotLocalTranslationM": [
                -0.003640943812487612,
                -0.013022487450113092,
                -0.004061349588978991
              ],
              "pivotWorldTranslationM": [
                0.00021456538899749633,
                0.012998689047178859,
                0.005506733682664945
              ]
            },
            {
              "key": 84,
              "phase": 0.6885245901639344,
              "maxWitnessErrorM": 0.004147141470627165,
              "toeDownDegrees": [
                0.7657745295611055,
                -0.11066882811990678,
                0.7723219389740738
              ],
              "metatarsalTargetM": 0.036383869018651774,
              "metatarsalBeforeToeLockM": 0.02160875386332165,
              "footRockerCorrectionDegrees": 5.853787125257495,
              "pivotLocalTranslationM": [
                -0.004926969191299653,
                -0.017651291601845455,
                -0.005408914092297708
              ],
              "pivotWorldTranslationM": [
                0.00029889756577198006,
                0.017497435087609422,
                0.0076713519067112155
              ]
            },
            {
              "key": 85,
              "phase": 0.6967213114754097,
              "maxWitnessErrorM": 0.004985522596416173,
              "toeDownDegrees": [
                1.3157745295610888,
                0.20016717944625342,
                1.3223219389740737
              ],
              "metatarsalTargetM": 0.04308278151849279,
              "metatarsalBeforeToeLockM": 0.024363980000458432,
              "footRockerCorrectionDegrees": 6.603787125257487,
              "pivotLocalTranslationM": [
                -0.006337993054217645,
                -0.02291137159695495,
                -0.00665080034862785
              ],
              "pivotWorldTranslationM": [
                0.0003877162386776427,
                0.022586704445699404,
                0.00995109417278921
              ]
            },
            {
              "key": 86,
              "phase": 0.7049180327868853,
              "maxWitnessErrorM": 0.005354090538663275,
              "toeDownDegrees": [
                1.8657745294771835,
                0.29605776585343657,
                1.8723219389740726
              ],
              "metatarsalTargetM": 0.0485786536409529,
              "metatarsalBeforeToeLockM": 0.027039096994184404,
              "footRockerCorrectionDegrees": 7.353787125251104,
              "pivotLocalTranslationM": [
                -0.007720906076314328,
                -0.02814763150581804,
                -0.007766901658537611
              ],
              "pivotWorldTranslationM": [
                0.00047771692542048654,
                0.02759822936684602,
                0.012261124831741209
              ]
            },
            {
              "key": 87,
              "phase": 0.7131147540983607,
              "maxWitnessErrorM": 0.005735018780374406,
              "toeDownDegrees": [
                2.4157745294771833,
                0.32509954083872245,
                2.4223219389740724
              ],
              "metatarsalTargetM": 0.05217809035584105,
              "metatarsalBeforeToeLockM": 0.029412312782253962,
              "footRockerCorrectionDegrees": 8.103787125250038,
              "pivotLocalTranslationM": [
                -0.009079032527966456,
                -0.03327740816157074,
                -0.008887319642587745
              ],
              "pivotWorldTranslationM": [
                0.0005726686333440197,
                0.03244121728993649,
                0.014698222260586416
              ]
            },
            {
              "key": 88,
              "phase": 0.7213114754098361,
              "maxWitnessErrorM": 0.006065618796485389,
              "toeDownDegrees": [
                2.9657745294771827,
                0.26138562053893905,
                2.972321938974072
              ],
              "metatarsalTargetM": 0.053228775203608455,
              "metatarsalBeforeToeLockM": 0.03137177830904116,
              "footRockerCorrectionDegrees": 8.853787125250037,
              "pivotLocalTranslationM": [
                -0.010360482214521828,
                -0.03806321539431246,
                -0.010021146764105393
              ],
              "pivotWorldTranslationM": [
                0.0006705616278904858,
                0.0368769402539007,
                0.01721080400259605
              ]
            },
            {
              "key": 89,
              "phase": 0.7295081967213114,
              "maxWitnessErrorM": 0.006936658375754479,
              "toeDownDegrees": [
                3.5157745294771585,
                0.16581917818920283,
                3.522321938974071
              ],
              "metatarsalTargetM": 0.053228775203608455,
              "metatarsalBeforeToeLockM": 0.03324363993311978,
              "footRockerCorrectionDegrees": 9.603787125249962,
              "pivotLocalTranslationM": [
                -0.011831771386574643,
                -0.04337615503759841,
                -0.011553978004024797
              ],
              "pivotWorldTranslationM": [
                0.0007905022403601083,
                0.041745896428385804,
                0.020288660292411595
              ]
            },
            {
              "key": 90,
              "phase": 0.7377049180327868,
              "maxWitnessErrorM": 0.007608306607935398,
              "toeDownDegrees": [
                4.0657745294771575,
                -0.23993468978614674,
                2.9723231673320964
              ],
              "metatarsalTargetM": 0.053228775203608455,
              "metatarsalBeforeToeLockM": 0.03444222514363002,
              "footRockerCorrectionDegrees": 10.35378712524996,
              "pivotLocalTranslationM": [
                -0.013141318839510202,
                -0.047550025574771684,
                -0.013610438190957632
              ],
              "pivotWorldTranslationM": [
                0.0009185947346529904,
                0.045413580190329816,
                0.023573380485071217
              ]
            },
            {
              "key": 91,
              "phase": 0.7459016393442622,
              "maxWitnessErrorM": 0.008162642279555831,
              "toeDownDegrees": [
                4.615774529477134,
                -0.7420689826654293,
                2.422323167332097
              ],
              "metatarsalTargetM": 0.053228775203608455,
              "metatarsalBeforeToeLockM": 0.03585015837783018,
              "footRockerCorrectionDegrees": 11.103787125249957,
              "pivotLocalTranslationM": [
                -0.014146433872733719,
                -0.04945178870717318,
                -0.01682995968693619
              ],
              "pivotWorldTranslationM": [
                0.0010652863522640182,
                0.046697575183702836,
                0.027332181113033913
              ]
            },
            {
              "key": 92,
              "phase": 0.7540983606557378,
              "maxWitnessErrorM": 0.0076313046087642,
              "toeDownDegrees": [
                5.165774529477134,
                -1.2920689826627427,
                2.051320613847233
              ],
              "metatarsalTargetM": 0.053228775203608455,
              "metatarsalBeforeToeLockM": 0.03744144416286481,
              "footRockerCorrectionDegrees": 11.853787125249955,
              "pivotLocalTranslationM": [
                -0.014019209144287108,
                -0.047052137487824976,
                -0.019109405999898188
              ],
              "pivotWorldTranslationM": [
                0.0011291130132888216,
                0.04399565224499354,
                0.028960612122275013
              ]
            },
            {
              "key": 93,
              "phase": 0.7622950819672131,
              "maxWitnessErrorM": 0.008564319962012457,
              "toeDownDegrees": [
                5.715774529477133,
                -1.7460772631458379,
                1.9996050556605627
              ],
              "metatarsalTargetM": 0.053228775203608455,
              "metatarsalBeforeToeLockM": 0.039088777000783434,
              "footRockerCorrectionDegrees": 12.432881513117184,
              "pivotLocalTranslationM": [
                -0.012530312757746341,
                -0.04135247818897755,
                -0.01786653900451921
              ],
              "pivotWorldTranslationM": [
                0.0010183286954043207,
                0.038778450252715355,
                0.02610445805108262
              ]
            },
            {
              "key": 94,
              "phase": 0.7704918032786885,
              "maxWitnessErrorM": 0.009626118298655673,
              "toeDownDegrees": [
                6.265774529476288,
                -1.8587932166468162,
                2.289659979119974
              ],
              "metatarsalTargetM": 0.053228775203608455,
              "metatarsalBeforeToeLockM": 0.04093737305022804,
              "footRockerCorrectionDegrees": 12.581546562284274,
              "pivotLocalTranslationM": [
                -0.009341206968985846,
                -0.03335247818897767,
                -0.010486125661418287
              ],
              "pivotWorldTranslationM": [
                0.0007391522462693776,
                0.03221329897589856,
                0.01647303489689734
              ]
            },
            {
              "key": 95,
              "phase": 0.7786885245901639,
              "maxWitnessErrorM": 0.017388521368689958,
              "toeDownDegrees": [
                6.815774529476288,
                -2.408793216646816,
                2.8396599791199737
              ],
              "metatarsalTargetM": 0.053228775203608455,
              "metatarsalBeforeToeLockM": 0.043509166429941876,
              "footRockerCorrectionDegrees": 13.331546562284272,
              "pivotLocalTranslationM": [
                -0.005725147164763918,
                -0.027313201704641268,
                -0.0024861256614182874
              ],
              "pivotWorldTranslationM": [
                0.0011672212589795066,
                0.02725795831719243,
                0.006372584036221688
              ]
            },
            {
              "key": 171,
              "phase": 0.401639344262295,
              "maxWitnessErrorM": 0.00023311905849863514,
              "toeDownDegrees": [
                -0.5405139333822642,
                -0.6736407460160134,
                -0.6684931840765114
              ],
              "metatarsalTargetM": 0.008963589851539618,
              "metatarsalBeforeToeLockM": 0.009326943707446928,
              "footRockerCorrectionDegrees": 0.7799500897470935,
              "pivotLocalTranslationM": [
                -0.0003070659817068398,
                -0.0005873114979671296,
                -0.0009061476875502242
              ],
              "pivotWorldTranslationM": [
                1.6004326767698476e-05,
                0.0010446620602756443,
                0.00041079468950537356
              ]
            },
            {
              "key": 172,
              "phase": 0.4098360655737705,
              "maxWitnessErrorM": 0.0002328692488951171,
              "toeDownDegrees": [
                -0.5407859893948915,
                -0.6741089097842873,
                -0.668957583406455
              ],
              "metatarsalTargetM": 0.008963589851539618,
              "metatarsalBeforeToeLockM": 0.009327054050984785,
              "footRockerCorrectionDegrees": 0.7804715177071107,
              "pivotLocalTranslationM": [
                -0.00030586246119496466,
                -0.0006029345036615868,
                -0.0008900618018431074
              ],
              "pivotWorldTranslationM": [
                1.5465936662369643e-05,
                0.0010447434605333529,
                0.00039694214476191964
              ]
            },
            {
              "key": 173,
              "phase": 0.4180327868852458,
              "maxWitnessErrorM": 0.00023286473178906007,
              "toeDownDegrees": [
                -0.540795587263043,
                -0.6741229203900019,
                -0.6689716833150842
              ],
              "metatarsalTargetM": 0.008963589851539618,
              "metatarsalBeforeToeLockM": 0.009327055409174178,
              "footRockerCorrectionDegrees": 0.7804855468395414,
              "pivotLocalTranslationM": [
                -0.00030432572890031075,
                -0.0006199057643582293,
                -0.0008710402425150493
              ],
              "pivotWorldTranslationM": [
                1.4838283977816152e-05,
                0.0010442062813384764,
                0.000380815917046633
              ]
            },
            {
              "key": 174,
              "phase": 0.42622950819672134,
              "maxWitnessErrorM": 0.00023285468685199043,
              "toeDownDegrees": [
                -0.5407984866480513,
                -0.6741322348730813,
                -0.6689804280674139
              ],
              "metatarsalTargetM": 0.008963589851539618,
              "metatarsalBeforeToeLockM": 0.009327060839179495,
              "footRockerCorrectionDegrees": 0.7804983786219241,
              "pivotLocalTranslationM": [
                -0.00030261505947424996,
                -0.0006385372825079091,
                -0.0008494753433540825
              ],
              "pivotWorldTranslationM": [
                1.4128523572383905e-05,
                0.00104367064843322,
                0.0003625814934413057
              ]
            },
            {
              "key": 175,
              "phase": 0.43442622950819665,
              "maxWitnessErrorM": 0.0002327545141597926,
              "toeDownDegrees": [
                -0.5413482923636321,
                -0.6748406150635078,
                -0.6697378681242588
              ],
              "metatarsalTargetM": 0.008963589851539618,
              "metatarsalBeforeToeLockM": 0.009327060642262425,
              "footRockerCorrectionDegrees": 0.7811474870971431,
              "pivotLocalTranslationM": [
                -0.00030075138800815326,
                -0.0006589208514888004,
                -0.0008253032948999031
              ],
              "pivotWorldTranslationM": [
                1.3333227764401526e-05,
                0.0010433155558227272,
                0.00034215167687450817
              ]
            },
            {
              "key": 176,
              "phase": 0.4426229508196722,
              "maxWitnessErrorM": 0.00023273734317362884,
              "toeDownDegrees": [
                -0.5418409832540491,
                -0.6754450510987223,
                -0.6703841409560836
              ],
              "metatarsalTargetM": 0.008963589851539618,
              "metatarsalBeforeToeLockM": 0.009327034394185965,
              "footRockerCorrectionDegrees": 0.7816563794352053,
              "pivotLocalTranslationM": [
                -0.0002985808437982542,
                -0.0006808087711810364,
                -0.0007979349856845828
              ],
              "pivotWorldTranslationM": [
                1.2438778728367982e-05,
                0.0010427491981053571,
                0.00031917081244611014
              ]
            },
            {
              "key": 177,
              "phase": 0.45081967213114726,
              "maxWitnessErrorM": 0.00023286762259822373,
              "toeDownDegrees": [
                -0.5407866596850976,
                -0.674110632822997,
                -0.668959262282209
              ],
              "metatarsalTargetM": 0.008963589851539618,
              "metatarsalBeforeToeLockM": 0.009327054817083605,
              "footRockerCorrectionDegrees": 0.7804734501166098,
              "pivotLocalTranslationM": [
                -0.0002960505160317985,
                -0.0007040796346745553,
                -0.0007671334248228653
              ],
              "pivotWorldTranslationM": [
                1.1438893157899156e-05,
                0.0010419204260356718,
                0.00029349272911627047
              ]
            },
            {
              "key": 178,
              "phase": 0.4590163934426228,
              "maxWitnessErrorM": 0.00023275099223209303,
              "toeDownDegrees": [
                -0.5413537453270245,
                -0.6748491880878582,
                -0.6697460518063533
              ],
              "metatarsalTargetM": 0.008963589851539618,
              "metatarsalBeforeToeLockM": 0.009327061843520317,
              "footRockerCorrectionDegrees": 0.7811562413297929,
              "pivotLocalTranslationM": [
                -0.0002933418558428445,
                -0.0007291091492983852,
                -0.0007333296262092636
              ],
              "pivotWorldTranslationM": [
                1.0340610088610015e-05,
                0.0010416038262837245,
                0.00026528427379556485
              ]
            },
            {
              "key": 179,
              "phase": 0.4672131147540983,
              "maxWitnessErrorM": 0.00023263064537823886,
              "toeDownDegrees": [
                -0.5410817328500016,
                -0.6746005538821325,
                -0.6694476151173328
              ],
              "metatarsalTargetM": 0.008963589851539618,
              "metatarsalBeforeToeLockM": 0.00932715766556218,
              "footRockerCorrectionDegrees": 0.7810043142974689,
              "pivotLocalTranslationM": [
                -0.0002902770584668876,
                -0.0007555145531379659,
                -0.0006959270277543552
              ],
              "pivotWorldTranslationM": [
                9.131257033204946e-06,
                0.0010413610991272608,
                0.0002342229341843486
              ]
            },
            {
              "key": 180,
              "phase": 0.47540983606557363,
              "maxWitnessErrorM": 0.00023270281397069618,
              "toeDownDegrees": [
                -0.54117030558046,
                -0.6746601086963193,
                -0.6695299331432268
              ],
              "metatarsalTargetM": 0.008963589851539618,
              "metatarsalBeforeToeLockM": 0.00932710597596519,
              "footRockerCorrectionDegrees": 0.7810208410061076,
              "pivotLocalTranslationM": [
                -0.0002866281498785536,
                -0.000782820739782415,
                -0.0006541587586997115
              ],
              "pivotWorldTranslationM": [
                7.792714201922953e-06,
                0.0010406185757394495,
                0.00019984793971730225
              ]
            },
            {
              "key": 181,
              "phase": 0.48360655737704916,
              "maxWitnessErrorM": 0.0002328283747435602,
              "toeDownDegrees": [
                -0.5408144972610063,
                -0.6741657432869544,
                -0.6690127598778228
              ],
              "metatarsalTargetM": 0.008963589851539618,
              "metatarsalBeforeToeLockM": 0.009327072524387962,
              "footRockerCorrectionDegrees": 0.78054012038869,
              "pivotLocalTranslationM": [
                -0.00028245940344736215,
                -0.0008110676875960906,
                -0.0006081934821528863
              ],
              "pivotWorldTranslationM": [
                6.3283569356974135e-06,
                0.0010397835295255723,
                0.00016224313212752714
              ]
            },
            {
              "key": 182,
              "phase": 0.49180327868852447,
              "maxWitnessErrorM": 0.00023282580207046114,
              "toeDownDegrees": [
                -0.5408145047951257,
                -0.674167267997778,
                -0.6690141046345442
              ],
              "metatarsalTargetM": 0.008963589851539618,
              "metatarsalBeforeToeLockM": 0.0093270740168999,
              "footRockerCorrectionDegrees": 0.7805426089469083,
              "pivotLocalTranslationM": [
                -0.0002778275434635128,
                -0.0008402976086497378,
                -0.000558165711012233
              ],
              "pivotWorldTranslationM": [
                4.740663244826612e-06,
                0.0010392586102263236,
                0.00012147215464493316
              ]
            },
            {
              "key": 183,
              "phase": 0.5,
              "maxWitnessErrorM": 0.00023283085340141773,
              "toeDownDegrees": [
                -0.5408133490332008,
                -0.6741628593967941,
                -0.6690100221327369
              ],
              "metatarsalTargetM": 0.008963589851539618,
              "metatarsalBeforeToeLockM": 0.009327071111198997,
              "footRockerCorrectionDegrees": 0.7805363406404395,
              "pivotLocalTranslationM": [
                -0.00027257115041813193,
                -0.0008700729298150108,
                -0.0005035955725463699
              ],
              "pivotWorldTranslationM": [
                3.019037786253245e-06,
                0.0010387256063712964,
                7.7263617243156e-05
              ]
            },
            {
              "key": 184,
              "phase": 0.5081967213114755,
              "maxWitnessErrorM": 0.00023283018157457488,
              "toeDownDegrees": [
                -0.5408138113713667,
                -0.6741637938016077,
                -0.6690109384083556
              ],
              "metatarsalTargetM": 0.008963589851539618,
              "metatarsalBeforeToeLockM": 0.009327071425359018,
              "footRockerCorrectionDegrees": 0.7805373822006135,
              "pivotLocalTranslationM": [
                -0.000266663525255853,
                -0.0008999981530258839,
                -0.00044458233910304334
              ],
              "pivotWorldTranslationM": [
                1.1710083480427765e-06,
                0.001038204676487735,
                2.9807108240589256e-05
              ]
            },
            {
              "key": 185,
              "phase": 0.5163934426229506,
              "maxWitnessErrorM": 0.00023279935408245813,
              "toeDownDegrees": [
                -0.5408493833532512,
                -0.674224446479646,
                -0.6690709140090314
              ],
              "metatarsalTargetM": 0.008963589851539618,
              "metatarsalBeforeToeLockM": 0.009327085399322319,
              "footRockerCorrectionDegrees": 0.780603546877844,
              "pivotLocalTranslationM": [
                -0.0002602016056101873,
                -0.000929263176110831,
                -0.00038208157994687084
              ],
              "pivotWorldTranslationM": [
                -7.602737637637602e-07,
                0.0010377030478630337,
                -1.980579193125296e-05
              ]
            },
            {
              "key": 186,
              "phase": 0.5245901639344261,
              "maxWitnessErrorM": 0.00023282444948515587,
              "toeDownDegrees": [
                -0.5408241798721807,
                -0.6741794988671777,
                -0.669026699710048
              ],
              "metatarsalTargetM": 0.008963589851539618,
              "metatarsalBeforeToeLockM": 0.009327073497737346,
              "footRockerCorrectionDegrees": 0.7805532698220423,
              "pivotLocalTranslationM": [
                -0.0002530760498121096,
                -0.0009567306448439657,
                -0.0003163798927466123
              ],
              "pivotWorldTranslationM": [
                -2.7510170160434557e-06,
                0.0010365477364515764,
                -7.097647446946723e-05
              ]
            },
            {
              "key": 187,
              "phase": 0.5327868852459015,
              "maxWitnessErrorM": 0.00023277537863737358,
              "toeDownDegrees": [
                -0.5421244257412241,
                -0.67575159760935,
                -0.670734237321432
              ],
              "metatarsalTargetM": 0.008963589851539618,
              "metatarsalBeforeToeLockM": 0.009326977950497521,
              "footRockerCorrectionDegrees": 0.7819007574956981,
              "pivotLocalTranslationM": [
                -0.00024347132617852417,
                -0.0009760017870607924,
                -0.00024452795610330636
              ],
              "pivotWorldTranslationM": [
                -4.817077119603148e-06,
                0.0010277274209848039,
                -0.0001241129416362662
              ]
            },
            {
              "key": 188,
              "phase": 0.540983606557377,
              "maxWitnessErrorM": 0.0002320739660832819,
              "toeDownDegrees": [
                -0.5418484804054619,
                -0.6758375530917057,
                -0.6706903461124294
              ],
              "metatarsalTargetM": 0.008963589851539618,
              "metatarsalBeforeToeLockM": 0.009327390997604924,
              "footRockerCorrectionDegrees": 0.7823244796536196,
              "pivotLocalTranslationM": [
                -0.00022882221529201054,
                -0.0009777704082331018,
                -0.00016288344385317205
              ],
              "pivotWorldTranslationM": [
                -6.979399500181121e-06,
                0.0010012796302610173,
                -0.00017976424859205003
              ]
            },
            {
              "key": 189,
              "phase": 0.5491803278688525,
              "maxWitnessErrorM": 0.00023198380634726658,
              "toeDownDegrees": [
                -0.541842563311065,
                -0.6758906672336862,
                -0.6707223094035175
              ],
              "metatarsalTargetM": 0.008963589851539618,
              "metatarsalBeforeToeLockM": 0.009327448830794643,
              "footRockerCorrectionDegrees": 0.7824081852848769,
              "pivotLocalTranslationM": [
                -0.00020550146323835409,
                -0.000950313073551528,
                -6.502434876316366e-05
              ],
              "pivotWorldTranslationM": [
                -9.374344459541976e-06,
                0.0009440293891199423,
                -0.00024139977528725708
              ]
            },
            {
              "key": 190,
              "phase": 0.5573770491803278,
              "maxWitnessErrorM": 0.00023196346597376106,
              "toeDownDegrees": [
                -0.5418768310701534,
                -0.6759430368765441,
                -0.6707761533163928
              ],
              "metatarsalTargetM": 0.008963589851539618,
              "metatarsalBeforeToeLockM": 0.009327456633799386,
              "footRockerCorrectionDegrees": 0.7824626085479242,
              "pivotLocalTranslationM": [
                -0.00017178966947485697,
                -0.0008862470640017475,
                4.978341103498216e-05
              ],
              "pivotWorldTranslationM": [
                -1.203557605805716e-05,
                0.0008492667167315304,
                -0.00030987818942462635
              ]
            },
            {
              "key": 191,
              "phase": 0.5655737704918034,
              "maxWitnessErrorM": 0.00023193676376497452,
              "toeDownDegrees": [
                -0.5419155142852592,
                -0.6760043799374995,
                -0.6708386230597475
              ],
              "metatarsalTargetM": 0.008963589851539618,
              "metatarsalBeforeToeLockM": 0.00932746754081477,
              "footRockerCorrectionDegrees": 0.7825277826031587,
              "pivotLocalTranslationM": [
                -0.0001261266550076509,
                -0.0007784555465799024,
                0.00018138044910914113
              ],
              "pivotWorldTranslationM": [
                -1.5009946001699093e-05,
                0.000710828937778739,
                -0.000386388750933794
              ]
            },
            {
              "key": 192,
              "phase": 0.5737704918032784,
              "maxWitnessErrorM": 0.0002321503987173922,
              "toeDownDegrees": [
                -0.5416846190489967,
                -0.6756068823033623,
                -0.6704435742597631
              ],
              "metatarsalTargetM": 0.008963589851539618,
              "metatarsalBeforeToeLockM": 0.00932737413655136,
              "footRockerCorrectionDegrees": 0.7820839738226139,
              "pivotLocalTranslationM": [
                -6.727915116488197e-05,
                -0.0006205462651552293,
                0.00032831756110238857
              ],
              "pivotWorldTranslationM": [
                -1.834499624477969e-05,
                0.0005235901047014155,
                -0.00047213673116828077
              ]
            },
            {
              "key": 193,
              "phase": 0.581967213114754,
              "maxWitnessErrorM": 0.00023208607078941605,
              "toeDownDegrees": [
                -0.5417167143859436,
                -0.6756802121573505,
                -0.6705136599388603
              ],
              "metatarsalTargetM": 0.008963589851539618,
              "metatarsalBeforeToeLockM": 0.00932740345260327,
              "footRockerCorrectionDegrees": 0.782180163841565,
              "pivotLocalTranslationM": [
                4.800115145185137e-06,
                -0.0004093782538143105,
                0.00048608024761290886
              ],
              "pivotWorldTranslationM": [
                -2.2034133627139965e-05,
                0.0002863073449265798,
                -0.0005669479559538853
              ]
            },
            {
              "key": 194,
              "phase": 0.5901639344262295,
              "maxWitnessErrorM": 0.0002320630910322087,
              "toeDownDegrees": [
                -0.5417475578945998,
                -0.6757302786293322,
                -0.6705639960358836
              ],
              "metatarsalTargetM": 0.008963589851539618,
              "metatarsalBeforeToeLockM": 0.00932741316794058,
              "footRockerCorrectionDegrees": 0.7822337713207907,
              "pivotLocalTranslationM": [
                9.011011772166169e-05,
                -0.00014237836652838137,
                0.0006502925266410334
              ],
              "pivotWorldTranslationM": [
                -2.6094726074759613e-05,
                -2.109641892808603e-06,
                -0.0006712572072281064
              ]
            },
            {
              "key": 195,
              "phase": 0.5983606557377048,
              "maxWitnessErrorM": 0.00023203820580203313,
              "toeDownDegrees": [
                -0.5417690974618935,
                -0.6757708857614126,
                -0.6706034513104293
              ],
              "metatarsalTargetM": 0.008963589851539618,
              "metatarsalBeforeToeLockM": 0.009327425485557326,
              "footRockerCorrectionDegrees": 0.7822799513187338,
              "pivotLocalTranslationM": [
                0.00018769533980479887,
                0.00017971181950621505,
                0.0008150285146837384
              ],
              "pivotWorldTranslationM": [
                -3.0509320044886686e-05,
                -0.00033948337806853613,
                -0.0007846128248283306
              ]
            },
            {
              "key": 196,
              "phase": 0.6065573770491803,
              "maxWitnessErrorM": 0.0002320118360354395,
              "toeDownDegrees": [
                -0.5418005688801506,
                -0.6758239129179414,
                -0.6706561094886452
              ],
              "metatarsalTargetM": 0.008963589851539618,
              "metatarsalBeforeToeLockM": 0.009327437262346616,
              "footRockerCorrectionDegrees": 0.7823375336754774,
              "pivotLocalTranslationM": [
                0.00029597400782179037,
                0.0005533719468669761,
                0.0009741462347441692
              ],
              "pivotWorldTranslationM": [
                -3.524764273065998e-05,
                -0.0007213007481881387,
                -0.0009062362918125002
              ]
            },
            {
              "key": 197,
              "phase": 0.6147540983606556,
              "maxWitnessErrorM": 0.00023201586869442728,
              "toeDownDegrees": [
                -0.5418344942900093,
                -0.6758530892466842,
                -0.6706848759822155
              ],
              "metatarsalTargetM": 0.008963589851539618,
              "metatarsalBeforeToeLockM": 0.00932742900295057,
              "footRockerCorrectionDegrees": 0.782361513355798,
              "pivotLocalTranslationM": [
                0.0004127968105452587,
                0.0009722181843724001,
                0.001121887569284648
              ],
              "pivotWorldTranslationM": [
                -4.026840262853285e-05,
                -0.0011407241634946378,
                -0.0010350684496683677
              ]
            },
            {
              "key": 198,
              "phase": 0.6229508196721312,
              "maxWitnessErrorM": 0.00022883510786024172,
              "toeDownDegrees": [
                -0.6021869811351891,
                -0.7363581303988225,
                -0.7307509530749217
              ],
              "metatarsalTargetM": 0.008963589851539618,
              "metatarsalBeforeToeLockM": 0.009319292723929343,
              "footRockerCorrectionDegrees": 0.8373147647470088,
              "pivotLocalTranslationM": [
                0.0005397822126248269,
                0.001436242069129282,
                0.0012659810184283008
              ],
              "pivotWorldTranslationM": [
                -4.599219585951238e-05,
                -0.0015993298699023993,
                -0.0011819012016488454
              ]
            },
            {
              "key": 199,
              "phase": 0.6311475409836065,
              "maxWitnessErrorM": 0.00020675510938274817,
              "toeDownDegrees": [
                -0.8659761171411529,
                -0.9950640544305501,
                -0.9847589254485776
              ],
              "metatarsalTargetM": 0.008963589851539618,
              "metatarsalBeforeToeLockM": 0.009286798641125053,
              "footRockerCorrectionDegrees": 1.0785429929305475,
              "pivotLocalTranslationM": [
                0.0007021237403563822,
                0.002035392806491951,
                0.001436671901606689
              ],
              "pivotWorldTranslationM": [
                -5.357234767746635e-05,
                -0.0021914820381159494,
                -0.0013763575598644536
              ]
            },
            {
              "key": 200,
              "phase": 0.6393442622950818,
              "maxWitnessErrorM": 0.00015776283358788588,
              "toeDownDegrees": [
                -1.415975806385064,
                -1.5303883163783987,
                -1.5088718933626195
              ],
              "metatarsalTargetM": 0.008963589851539618,
              "metatarsalBeforeToeLockM": 0.00921982333590494,
              "footRockerCorrectionDegrees": 1.5805424889917525,
              "pivotLocalTranslationM": [
                0.0009034590357575277,
                0.00277789012367693,
                0.0016418038070364512
              ],
              "pivotWorldTranslationM": [
                -6.368650662847206e-05,
                -0.0029237701471286604,
                -0.0016358289840489025
              ]
            },
            {
              "key": 201,
              "phase": 0.6475409836065573,
              "maxWitnessErrorM": 4.998428420233125e-05,
              "toeDownDegrees": [
                -1.9659758063850639,
                -2.033727786541372,
                -1.9776062442693825
              ],
              "metatarsalTargetM": 0.009112553259643316,
              "metatarsalBeforeToeLockM": 0.009190919178580283,
              "footRockerCorrectionDegrees": 2.1037021093713633,
              "pivotLocalTranslationM": [
                0.0011484443353914353,
                0.0037394945779760163,
                0.0018121824169688076
              ],
              "pivotWorldTranslationM": [
                -7.397814951547589e-05,
                -0.0038693522589191543,
                -0.0018998360825004139
              ]
            },
            {
              "key": 202,
              "phase": 0.6557377049180326,
              "maxWitnessErrorM": 0.00020814743543962066,
              "toeDownDegrees": [
                -1.4341841514653977,
                -1.7091916046762314,
                -1.4276062446131526
              ],
              "metatarsalTargetM": 0.011425401659411175,
              "metatarsalBeforeToeLockM": 0.011130129524783539,
              "footRockerCorrectionDegrees": 2.853702107070535,
              "pivotLocalTranslationM": [
                4.9519836586371566e-05,
                7.637060098942766e-05,
                0.00018250695050881123
              ],
              "pivotWorldTranslationM": [
                -7.3089449784122915e-06,
                -7.769323453785404e-05,
                -0.00018842450266692523
              ]
            },
            {
              "key": 203,
              "phase": 0.6639344262295082,
              "maxWitnessErrorM": 0.0008223050262644671,
              "toeDownDegrees": [
                -0.8841841515673294,
                -1.3284853309382267,
                -0.8776062446131525
              ],
              "metatarsalTargetM": 0.01600185154954463,
              "metatarsalBeforeToeLockM": 0.013469417896604378,
              "footRockerCorrectionDegrees": 3.603702106811625,
              "pivotLocalTranslationM": [
                -0.0011235723276256453,
                -0.003985869357714976,
                -0.0013274271589159966
              ],
              "pivotWorldTranslationM": [
                6.262724626650778e-05,
                0.004040552996436606,
                0.0016067445944752334
              ]
            },
            {
              "key": 204,
              "phase": 0.6721311475409835,
              "maxWitnessErrorM": 0.0018649251465967917,
              "toeDownDegrees": [
                -0.33418448002582934,
                -0.9227924979705353,
                -0.32760624461315274
              ],
              "metatarsalTargetM": 0.0221486099774047,
              "metatarsalBeforeToeLockM": 0.016069230179086565,
              "footRockerCorrectionDegrees": 4.353702106811619,
              "pivotLocalTranslationM": [
                -0.0023556173262913103,
                -0.00837065620825425,
                -0.0027279365484224652
              ],
              "pivotWorldTranslationM": [
                0.00013624411750498262,
                0.008415176635551209,
                0.003496374909333368
              ]
            },
            {
              "key": 205,
              "phase": 0.680327868852459,
              "maxWitnessErrorM": 0.0030378339482691925,
              "toeDownDegrees": [
                0.21581551997415127,
                -0.5108911168955712,
                0.22239375538684733
              ],
              "metatarsalTargetM": 0.029172383990352966,
              "metatarsalBeforeToeLockM": 0.01881891402589236,
              "footRockerCorrectionDegrees": 5.103702106796065,
              "pivotLocalTranslationM": [
                -0.003641518670912383,
                -0.013032791248116104,
                -0.004052068287169382
              ],
              "pivotWorldTranslationM": [
                0.00021461524360970677,
                0.013005734929233197,
                0.005508014326575745
              ]
            },
            {
              "key": 206,
              "phase": 0.6885245901639345,
              "maxWitnessErrorM": 0.004146360716838196,
              "toeDownDegrees": [
                0.7658155199741468,
                -0.11065504286134034,
                0.7723937553868473
              ],
              "metatarsalTargetM": 0.036379880635750504,
              "metatarsalBeforeToeLockM": 0.02160805312544864,
              "footRockerCorrectionDegrees": 5.85370210679398,
              "pivotLocalTranslationM": [
                -0.004927463331051337,
                -0.017662722811907745,
                -0.00539805823612498
              ],
              "pivotWorldTranslationM": [
                0.0002989704850341337,
                0.017504933218530395,
                0.007673224637945955
              ]
            },
            {
              "key": 207,
              "phase": 0.6967213114754098,
              "maxWitnessErrorM": 0.004984511879888987,
              "toeDownDegrees": [
                1.3158155199740984,
                0.20007679602841497,
                1.3223937553868472
              ],
              "metatarsalTargetM": 0.04307780696095837,
              "metatarsalBeforeToeLockM": 0.02436316144308611,
              "footRockerCorrectionDegrees": 6.603702106793971,
              "pivotLocalTranslationM": [
                -0.006338187087644366,
                -0.022923198165784586,
                -0.006638660225454305
              ],
              "pivotWorldTranslationM": [
                0.0003878089041491179,
                0.022594135837575538,
                0.009953473570848867
              ]
            },
            {
              "key": 208,
              "phase": 0.7049180327868851,
              "maxWitnessErrorM": 0.005352918331995271,
              "toeDownDegrees": [
                1.8658155198889932,
                0.2959384145248072,
                1.872393755386846
              ],
              "metatarsalTargetM": 0.04857287001333806,
              "metatarsalBeforeToeLockM": 0.027038146310204174,
              "footRockerCorrectionDegrees": 7.353702106787545,
              "pivotLocalTranslationM": [
                -0.007720884619989242,
                -0.02815958918222936,
                -0.007754521557148617
              ],
              "pivotWorldTranslationM": [
                0.00047783275579574356,
                0.0276056158455019,
                0.01226409900600162
              ]
            },
            {
              "key": 209,
              "phase": 0.7131147540983604,
              "maxWitnessErrorM": 0.005733761285591554,
              "toeDownDegrees": [
                2.4158155198889926,
                0.3249607795934596,
                2.4223937553868455
              ],
              "metatarsalTargetM": 0.052171776840250844,
              "metatarsalBeforeToeLockM": 0.02941127544971858,
              "footRockerCorrectionDegrees": 8.103702106786477,
              "pivotLocalTranslationM": [
                -0.009078911353557465,
                -0.03328933606570555,
                -0.008875481128504292
              ],
              "pivotWorldTranslationM": [
                0.0005728072219259341,
                0.0324485641554399,
                0.014701780782327572
              ]
            },
            {
              "key": 210,
              "phase": 0.721311475409836,
              "maxWitnessErrorM": 0.0060652719391575795,
              "toeDownDegrees": [
                2.9658155198889924,
                0.26124060271008814,
                2.972393755386845
              ],
              "metatarsalTargetM": 0.05322230701235352,
              "metatarsalBeforeToeLockM": 0.031370715574145246,
              "footRockerCorrectionDegrees": 8.853702106786475,
              "pivotLocalTranslationM": [
                -0.01036039753462731,
                -0.038075003895811775,
                -0.010010506559305892
              ],
              "pivotWorldTranslationM": [
                0.0006707218431705611,
                0.03688427251526054,
                0.01721491743857287
              ]
            },
            {
              "key": 211,
              "phase": 0.7295081967213115,
              "maxWitnessErrorM": 0.006935368747434047,
              "toeDownDegrees": [
                3.5158155198889665,
                0.16567336472984576,
                3.5223937553868447
              ],
              "metatarsalTargetM": 0.05322230701235352,
              "metatarsalBeforeToeLockM": 0.033242576331180655,
              "footRockerCorrectionDegrees": 9.603702106786399,
              "pivotLocalTranslationM": [
                -0.011831828732869662,
                -0.043387772915470066,
                -0.011544737788447963
              ],
              "pivotWorldTranslationM": [
                0.0007906818661237813,
                0.04175318422777257,
                0.020293271294287048
              ]
            },
            {
              "key": 212,
              "phase": 0.7377049180327868,
              "maxWitnessErrorM": 0.007607015259074632,
              "toeDownDegrees": [
                4.065815519888966,
                -0.2400810208172138,
                2.9723945256416022
              ],
              "metatarsalTargetM": 0.05322230701235352,
              "metatarsalBeforeToeLockM": 0.034441159151463216,
              "footRockerCorrectionDegrees": 10.353702106786397,
              "pivotLocalTranslationM": [
                -0.013141857203124902,
                -0.04756129685457676,
                -0.013603093732910127
              ],
              "pivotWorldTranslationM": [
                0.0009187898290889699,
                0.04542073346864075,
                0.023578389527841335
              ]
            },
            {
              "key": 213,
              "phase": 0.7459016393442623,
              "maxWitnessErrorM": 0.00816135001288546,
              "toeDownDegrees": [
                4.61581551988894,
                -0.7422158747659446,
                2.422394525641603
              ],
              "metatarsalTargetM": 0.05322230701235352,
              "metatarsalBeforeToeLockM": 0.03584909058476121,
              "footRockerCorrectionDegrees": 11.103702106786393,
              "pivotLocalTranslationM": [
                -0.01414806859833408,
                -0.049462504839666896,
                -0.016824923426382005
              ],
              "pivotWorldTranslationM": [
                0.0010654928105521457,
                0.04670449687676674,
                0.02733748197753997
              ]
            },
            {
              "key": 214,
              "phase": 0.7540983606557377,
              "maxWitnessErrorM": 0.007630010219314015,
              "toeDownDegrees": [
                5.165815519888939,
                -1.292215874763535,
                2.05115443806032
              ],
              "metatarsalTargetM": 0.05322230701235352,
              "metatarsalBeforeToeLockM": 0.037440468364090304,
              "footRockerCorrectionDegrees": 11.85370210678639,
              "pivotLocalTranslationM": [
                -0.01402196127386178,
                -0.047061778535767776,
                -0.0191068234574505
              ],
              "pivotWorldTranslationM": [
                0.001129318426345293,
                0.04400224163444055,
                0.028965886351795506
              ]
            },
            {
              "key": 215,
              "phase": 0.762295081967213,
              "maxWitnessErrorM": 0.00856299127698712,
              "toeDownDegrees": [
                5.715815519888939,
                -1.7450545276230782,
                2.00009942513029
              ],
              "metatarsalTargetM": 0.05322230701235352,
              "metatarsalBeforeToeLockM": 0.0390854077401496,
              "footRockerCorrectionDegrees": 12.430913981935818,
              "pivotLocalTranslationM": [
                -0.012531566685895407,
                -0.04135495865878111,
                -0.01786373174416981
              ],
              "pivotWorldTranslationM": [
                0.0010183810675820008,
                0.038779300249838555,
                0.026105803461268885
              ]
            },
            {
              "key": 216,
              "phase": 0.7704918032786883,
              "maxWitnessErrorM": 0.009625083943287649,
              "toeDownDegrees": [
                6.265815519888138,
                -1.8580034820760123,
                2.29003661496138
              ],
              "metatarsalTargetM": 0.05322230701235352,
              "metatarsalBeforeToeLockM": 0.040934577158408404,
              "footRockerCorrectionDegrees": 12.579985001221083,
              "pivotLocalTranslationM": [
                -0.009341624249977823,
                -0.033354958658781235,
                -0.010486278286899029
              ],
              "pivotWorldTranslationM": [
                0.0007392194804003273,
                0.03221492773341851,
                0.016475202696444983
              ]
            },
            {
              "key": 217,
              "phase": 0.7786885245901638,
              "maxWitnessErrorM": 0.01738542099318563,
              "toeDownDegrees": [
                6.815815519888137,
                -2.408003482076012,
                2.8400366149613796
              ],
              "metatarsalTargetM": 0.05322230701235352,
              "metatarsalBeforeToeLockM": 0.04350633429510457,
              "footRockerCorrectionDegrees": 13.32998500122108,
              "pivotLocalTranslationM": [
                -0.005722812239687894,
                -0.027314827543908425,
                -0.002486278286899029
              ],
              "pivotWorldTranslationM": [
                0.0011680805374228807,
                0.02725908620445948,
                0.006372532984940155
              ]
            }
          ],
          "passiveIntegration": [
            {
              "cycle": 0,
              "bone": "Bone_044",
              "anchorKey": 95,
              "lagKeys": [
                96,
                97,
                98,
                99,
                100,
                101,
                102,
                103
              ],
              "restOrientation": "release_orientation",
              "activeTarget": null,
              "translationCorrection": false,
              "initialAngularSpeedRadS": 0.5046219432917728,
              "finalAngularSpeedRadS": 0.15720552433504983,
              "mechanics": {
                "springK": 14.0,
                "dampingC": 7.0
              }
            },
            {
              "cycle": 0,
              "bone": "Bone_050",
              "anchorKey": 95,
              "lagKeys": [
                96,
                97,
                98,
                99,
                100,
                101,
                102,
                103
              ],
              "restOrientation": "release_orientation",
              "activeTarget": null,
              "translationCorrection": false,
              "initialAngularSpeedRadS": 0.6526424294701298,
              "finalAngularSpeedRadS": 0.20331853715847975,
              "mechanics": {
                "springK": 14.0,
                "dampingC": 7.0
              }
            },
            {
              "cycle": 0,
              "bone": "Bone_047",
              "anchorKey": 95,
              "lagKeys": [
                96,
                97,
                98,
                99,
                100,
                101,
                102,
                103
              ],
              "restOrientation": "release_orientation",
              "activeTarget": null,
              "translationCorrection": false,
              "initialAngularSpeedRadS": 0.502309123195224,
              "finalAngularSpeedRadS": 0.15648500850968008,
              "mechanics": {
                "springK": 14.0,
                "dampingC": 7.0
              }
            },
            {
              "cycle": 0,
              "bone": "Bone_008",
              "anchorKey": 95,
              "lagKeys": [
                96,
                97,
                98,
                99,
                100,
                101,
                102,
                103
              ],
              "restOrientation": "release_orientation",
              "activeTarget": null,
              "translationCorrection": false,
              "initialAngularSpeedRadS": 2.4,
              "finalAngularSpeedRadS": 0.747675093046773,
              "mechanics": {
                "springK": 14.0,
                "dampingC": 7.0
              }
            },
            {
              "cycle": 0,
              "bone": "Bone_008",
              "anchorKey": 95,
              "lagKeys": [
                96,
                97,
                98,
                99,
                100,
                101,
                102,
                103
              ],
              "restOrientation": "rest_local_translation",
              "activeTarget": null,
              "translationCorrection": "passive_decay_only",
              "initialLinearSpeedMps": 0.6389001505999939,
              "finalLinearSpeedMps": 0.22364678037549474,
              "mechanics": {
                "springK": 14.0,
                "dampingC": 7.0
              }
            },
            {
              "cycle": 1,
              "bone": "Bone_044",
              "anchorKey": 217,
              "lagKeys": [
                218,
                219,
                220,
                221,
                222,
                223,
                224,
                225
              ],
              "restOrientation": "release_orientation",
              "activeTarget": null,
              "translationCorrection": false,
              "initialAngularSpeedRadS": 0.504621943291769,
              "finalAngularSpeedRadS": 0.15720552433504867,
              "mechanics": {
                "springK": 14.0,
                "dampingC": 7.0
              }
            },
            {
              "cycle": 1,
              "bone": "Bone_050",
              "anchorKey": 217,
              "lagKeys": [
                218,
                219,
                220,
                221,
                222,
                223,
                224,
                225
              ],
              "restOrientation": "release_orientation",
              "activeTarget": null,
              "translationCorrection": false,
              "initialAngularSpeedRadS": 0.6526424294701344,
              "finalAngularSpeedRadS": 0.2033185371584811,
              "mechanics": {
                "springK": 14.0,
                "dampingC": 7.0
              }
            },
            {
              "cycle": 1,
              "bone": "Bone_047",
              "anchorKey": 217,
              "lagKeys": [
                218,
                219,
                220,
                221,
                222,
                223,
                224,
                225
              ],
              "restOrientation": "release_orientation",
              "activeTarget": null,
              "translationCorrection": false,
              "initialAngularSpeedRadS": 0.502309123195248,
              "finalAngularSpeedRadS": 0.15648500850968752,
              "mechanics": {
                "springK": 14.0,
                "dampingC": 7.0
              }
            },
            {
              "cycle": 1,
              "bone": "Bone_008",
              "anchorKey": 217,
              "lagKeys": [
                218,
                219,
                220,
                221,
                222,
                223,
                224,
                225
              ],
              "restOrientation": "release_orientation",
              "activeTarget": null,
              "translationCorrection": false,
              "initialAngularSpeedRadS": 2.4000000000000004,
              "finalAngularSpeedRadS": 0.7476750930467732,
              "mechanics": {
                "springK": 14.0,
                "dampingC": 7.0
              }
            },
            {
              "cycle": 1,
              "bone": "Bone_008",
              "anchorKey": 217,
              "lagKeys": [
                218,
                219,
                220,
                221,
                222,
                223,
                224,
                225
              ],
              "restOrientation": "rest_local_translation",
              "activeTarget": null,
              "translationCorrection": "passive_decay_only",
              "initialLinearSpeedMps": 0.6389852067759544,
              "finalLinearSpeedMps": 0.22367476574389691,
              "mechanics": {
                "springK": 14.0,
                "dampingC": 7.0
              }
            }
          ]
        },
        "r": {
          "activeToeContactKeys": 34,
          "rockerOnset": 0.614,
          "visibleRockerRiseEnd": 0.72,
          "release": 0.78,
          "passiveLagEnd": 0.85,
          "receivingArm": 0.85,
          "flatten": 0.88,
          "witnessVertexIndices": [
            41588,
            41368,
            41936
          ],
          "metatarsalWitnessVertexIndices": [
            43528,
            43526,
            43554,
            43668,
            43810,
            43805,
            43889,
            43851,
            43900
          ],
          "contactLock": [
            {
              "key": 0,
              "phase": 0.5,
              "maxWitnessErrorM": 0.0,
              "toeDownDegrees": [
                0.0,
                0.0,
                0.0
              ],
              "metatarsalTargetM": 0.054904076099327265,
              "metatarsalBeforeToeLockM": 0.054904076099327265,
              "footRockerCorrectionDegrees": 0.0,
              "pivotLocalTranslationM": [
                0.0,
                0.0,
                0.0
              ],
              "pivotWorldTranslationM": [
                0.0,
                0.0,
                0.0
              ]
            },
            {
              "key": 1,
              "phase": 0.5081967213114754,
              "maxWitnessErrorM": 1.9675461928603255e-06,
              "toeDownDegrees": [
                -0.05052374676296094,
                -0.04869448509986832,
                -0.05019505525266832
              ],
              "metatarsalTargetM": 0.054904076099327265,
              "metatarsalBeforeToeLockM": 0.05490410999858463,
              "footRockerCorrectionDegrees": 0.032190174241519966,
              "pivotLocalTranslationM": [
                -2.4020017177066458e-05,
                1.9353044659721758e-05,
                7.334887935105138e-05
              ],
              "pivotWorldTranslationM": [
                -2.3343275975369256e-06,
                -5.2331096872468134e-05,
                -5.9896277873071047e-05
              ]
            },
            {
              "key": 2,
              "phase": 0.5163934426229508,
              "maxWitnessErrorM": 3.991447677487159e-06,
              "toeDownDegrees": [
                -0.11203159823309575,
                -0.10809259980374578,
                -0.11075426957824232
              ],
              "metatarsalTargetM": 0.054904076099327265,
              "metatarsalBeforeToeLockM": 0.05490412385853655,
              "footRockerCorrectionDegrees": 0.07222394115220965,
              "pivotLocalTranslationM": [
                -5.0685713266200585e-05,
                4.068140942547234e-05,
                0.00015560688973609735
              ],
              "pivotWorldTranslationM": [
                -5.032063315000421e-06,
                -0.00010836107002900531,
                -0.0001291126143340871
              ]
            },
            {
              "key": 3,
              "phase": 0.5245901639344261,
              "maxWitnessErrorM": 6.0609690780699665e-06,
              "toeDownDegrees": [
                -0.17723139066270582,
                -0.17108138113346605,
                -0.17483026224026363
              ],
              "metatarsalTargetM": 0.054904076099327265,
              "metatarsalBeforeToeLockM": 0.05490413567693286,
              "footRockerCorrectionDegrees": 0.11484150054014859,
              "pivotLocalTranslationM": [
                -7.87517388730555e-05,
                6.624832116147985e-05,
                0.00024078375174635234
              ],
              "pivotWorldTranslationM": [
                -7.858442418969371e-06,
                -0.00016692535122775237,
                -0.0002015977024398759
              ]
            },
            {
              "key": 4,
              "phase": 0.5327868852459017,
              "maxWitnessErrorM": 1.1211446584780127e-05,
              "toeDownDegrees": [
                -0.24431882611471217,
                -0.23590411154159852,
                -0.24071378012984923
              ],
              "metatarsalTargetM": 0.054904076099327265,
              "metatarsalBeforeToeLockM": 0.05490414814633718,
              "footRockerCorrectionDegrees": 0.1587647185130616,
              "pivotLocalTranslationM": [
                -0.00010948334057003507,
                0.00010240315766804926,
                0.0003290590718390894
              ],
              "pivotWorldTranslationM": [
                -1.07455701782909e-05,
                -0.00023387656241211205,
                -0.00027557051725193935
              ]
            },
            {
              "key": 5,
              "phase": 0.540983606557377,
              "maxWitnessErrorM": 1.9186761145206788e-05,
              "toeDownDegrees": [
                -0.31504159979140123,
                -0.30424184070687044,
                -0.31015709321611806
              ],
              "metatarsalTargetM": 0.054904076099327265,
              "metatarsalBeforeToeLockM": 0.05490416391518546,
              "footRockerCorrectionDegrees": 0.20508219092636737,
              "pivotLocalTranslationM": [
                -0.00014652201310680742,
                0.0001603377892900479,
                0.00042588024133483683
              ],
              "pivotWorldTranslationM": [
                -1.3779747083791469e-05,
                -0.0003218000716643654,
                -0.00035327838368311886
              ]
            },
            {
              "key": 6,
              "phase": 0.5491803278688525,
              "maxWitnessErrorM": 2.848006971795103e-05,
              "toeDownDegrees": [
                -0.3909560722172708,
                -0.37759931335319824,
                -0.38468462264359754
              ],
              "metatarsalTargetM": 0.054904076099327265,
              "metatarsalBeforeToeLockM": 0.05490418282687741,
              "footRockerCorrectionDegrees": 0.254818796047382,
              "pivotLocalTranslationM": [
                -0.00019279139195041802,
                0.0002499340543943397,
                0.0005348570626171541
              ],
              "pivotWorldTranslationM": [
                -1.7043380845938613e-05,
                -0.00044111352445852633,
                -0.0004368476071426378
              ]
            },
            {
              "key": 7,
              "phase": 0.5573770491803278,
              "maxWitnessErrorM": 3.839091950141871e-05,
              "toeDownDegrees": [
                -0.4733267458406007,
                -0.4572002530061132,
                -0.4655296427383774
              ],
              "metatarsalTargetM": 0.054904076099327265,
              "metatarsalBeforeToeLockM": 0.05490420467526947,
              "footRockerCorrectionDegrees": 0.3088151579635182,
              "pivotLocalTranslationM": [
                -0.00025058160886909755,
                0.0003799107767362595,
                0.0006579112414696182
              ],
              "pivotWorldTranslationM": [
                -2.0615606372577453e-05,
                -0.0006003487480714432,
                -0.0005283243422410602
              ]
            },
            {
              "key": 8,
              "phase": 0.5655737704918034,
              "maxWitnessErrorM": 4.817268380324924e-05,
              "toeDownDegrees": [
                -0.5630759234956664,
                -0.5439410603164747,
                -0.5535736897868976
              ],
              "metatarsalTargetM": 0.054904076099327265,
              "metatarsalBeforeToeLockM": 0.054904228724265744,
              "footRockerCorrectionDegrees": 0.3677118864533662,
              "pivotLocalTranslationM": [
                -0.00032148603461949857,
                0.0005577370752887983,
                0.0007950652312935621
              ],
              "pivotWorldTranslationM": [
                -2.4561299243446738e-05,
                -0.0008061125361798552,
                -0.0006293897309940322
              ]
            },
            {
              "key": 9,
              "phase": 0.5737704918032787,
              "maxWitnessErrorM": 5.713232205373231e-05,
              "toeDownDegrees": [
                -0.6604379440872046,
                -0.6380477241473191,
                -0.6490497752754701
              ],
              "metatarsalTargetM": 0.054904076099327265,
              "metatarsalBeforeToeLockM": 0.054904255052045735,
              "footRockerCorrectionDegrees": 0.43165748176323593,
              "pivotLocalTranslationM": [
                -0.0004063640782860011,
                0.0007893982998908327,
                0.0009444577742813773
              ],
              "pivotWorldTranslationM": [
                -2.8926430649979626e-05,
                -0.0010630191712922758,
                -0.0007412385285912832
              ]
            },
            {
              "key": 10,
              "phase": 0.5819672131147541,
              "maxWitnessErrorM": 6.4694751676031e-05,
              "toeDownDegrees": [
                -0.7653441475798396,
                -0.7394579964737428,
                -0.7518717350425923
              ],
              "metatarsalTargetM": 0.054904076099327265,
              "metatarsalBeforeToeLockM": 0.05490428290638042,
              "footRockerCorrectionDegrees": 0.5006353030679208,
              "pivotLocalTranslationM": [
                -0.0005052938729273978,
                0.001078980203881516,
                0.00110248468400026
              ],
              "pivotWorldTranslationM": [
                -3.3735080635831225e-05,
                -0.0013734959247910397,
                -0.0008645010886272963
              ]
            },
            {
              "key": 11,
              "phase": 0.5901639344262295,
              "maxWitnessErrorM": 7.043309086218752e-05,
              "toeDownDegrees": [
                -0.8772557767994099,
                -0.847654155346289,
                -0.8614976525633338
              ],
              "metatarsalTargetM": 0.054904076099327265,
              "metatarsalBeforeToeLockM": 0.05490431162752502,
              "footRockerCorrectionDegrees": 0.5743119334799267,
              "pivotLocalTranslationM": [
                -0.000617563298635858,
                0.001428229652629142,
                0.0012641363041805459
              ],
              "pivotWorldTranslationM": [
                -3.898888346449617e-05,
                -0.0017376090125020669,
                -0.0009992284713072753
              ]
            },
            {
              "key": 12,
              "phase": 0.5983606557377049,
              "maxWitnessErrorM": 7.407684822213767e-05,
              "toeDownDegrees": [
                -0.9952409759476427,
                -0.9617380135284492,
                -0.9770024699558204
              ],
              "metatarsalTargetM": 0.054904076099327265,
              "metatarsalBeforeToeLockM": 0.05490434049808512,
              "footRockerCorrectionDegrees": 0.6520922687226841,
              "pivotLocalTranslationM": [
                -0.0007416917314443658,
                0.0018361320437488764,
                0.0014234748883539632
              ],
              "pivotWorldTranslationM": [
                -4.4667457049596e-05,
                -0.002152897161266244,
                -0.0011449032925336237
              ]
            },
            {
              "key": 13,
              "phase": 0.6065573770491803,
              "maxWitnessErrorM": 7.533897939338008e-05,
              "toeDownDegrees": [
                -0.9580621541204746,
                -0.9198416957585047,
                -0.9597945390952587
              ],
              "metatarsalTargetM": 0.054904076099327265,
              "metatarsalBeforeToeLockM": 0.05490554600027128,
              "footRockerCorrectionDegrees": 0.5945508092364764,
              "pivotLocalTranslationM": [
                -0.0008797418103742262,
                0.002309486290854176,
                0.0015820623136213053
              ],
              "pivotWorldTranslationM": [
                -5.098501526792595e-05,
                -0.0026267224979023536,
                -0.001307026495192864
              ]
            },
            {
              "key": 14,
              "phase": 0.6147540983606558,
              "maxWitnessErrorM": 7.584274701488702e-05,
              "toeDownDegrees": [
                -0.8418921868669994,
                -0.7986601524832576,
                -0.8752193296824953
              ],
              "metatarsalTargetM": 0.054904076099327265,
              "metatarsalBeforeToeLockM": 0.054907277856752944,
              "footRockerCorrectionDegrees": 0.46811610431083966,
              "pivotLocalTranslationM": [
                -0.0010268394802492764,
                0.0028365190420511954,
                0.0017292922442069534
              ],
              "pivotWorldTranslationM": [
                -5.7758183539075145e-05,
                -0.0031455224112814663,
                -0.0014808906040710635
              ]
            },
            {
              "key": 15,
              "phase": 0.6229508196721312,
              "maxWitnessErrorM": 8.937069276815368e-05,
              "toeDownDegrees": [
                -0.8305745875557853,
                -0.7851539257173134,
                -0.8847443239450835
              ],
              "metatarsalTargetM": 0.054904076099327265,
              "metatarsalBeforeToeLockM": 0.05490840597183869,
              "footRockerCorrectionDegrees": 0.4468908747754838,
              "pivotLocalTranslationM": [
                -0.0011661474389045479,
                0.0033595665558559676,
                0.0018447458536930675
              ],
              "pivotWorldTranslationM": [
                -6.44548783947213e-05,
                -0.0036487868975749447,
                -0.0016528354006283344
              ]
            },
            {
              "key": 16,
              "phase": 0.6311475409836066,
              "maxWitnessErrorM": 8.289360910818111e-05,
              "toeDownDegrees": [
                -1.1926808746627153,
                -1.1604558379513907,
                -1.235280255796594
              ],
              "metatarsalTargetM": 0.054904076099327265,
              "metatarsalBeforeToeLockM": 0.05490591926071195,
              "footRockerCorrectionDegrees": 0.8128089475273904,
              "pivotLocalTranslationM": [
                -0.001268392785455784,
                0.0037716906012653408,
                0.0019001959705145144
              ],
              "pivotWorldTranslationM": [
                -7.001990810458404e-05,
                -0.004026896987354567,
                -0.0017956618055185803
              ]
            },
            {
              "key": 17,
              "phase": 0.639344262295082,
              "maxWitnessErrorM": 8.194370548464391e-05,
              "toeDownDegrees": [
                -1.7199854012293991,
                -1.7104558379513906,
                -1.7477302400851478
              ],
              "metatarsalTargetM": 0.054904076099327265,
              "metatarsalBeforeToeLockM": 0.05490573122431633,
              "footRockerCorrectionDegrees": 1.404843444919448,
              "pivotLocalTranslationM": [
                -0.001340378478315792,
                0.004089295388049625,
                0.001910615312911472
              ],
              "pivotWorldTranslationM": [
                -7.455006361193256e-05,
                -0.004302023585248919,
                -0.0019121778845912604
              ]
            },
            {
              "key": 18,
              "phase": 0.6475409836065573,
              "maxWitnessErrorM": 0.0001188106843678094,
              "toeDownDegrees": [
                -2.2308540985437664,
                -2.2604558379513904,
                -2.2742701482964947
              ],
              "metatarsalTargetM": 0.05491271633671322,
              "metatarsalBeforeToeLockM": 0.05491500821123322,
              "footRockerCorrectionDegrees": 2.0736873902391895,
              "pivotLocalTranslationM": [
                -0.0014221209860869773,
                0.004494624049623079,
                0.0018863907320412787
              ],
              "pivotWorldTranslationM": [
                -7.81636942487554e-05,
                -0.004664339473532277,
                -0.0020050824513919434
              ]
            },
            {
              "key": 19,
              "phase": 0.6557377049180328,
              "maxWitnessErrorM": 7.76675034211971e-05,
              "toeDownDegrees": [
                -1.7940647052855874,
                -1.945190660265026,
                -1.7243816298057568
              ],
              "metatarsalTargetM": 0.056988505018135696,
              "metatarsalBeforeToeLockM": 0.05698738320917297,
              "footRockerCorrectionDegrees": 2.460053987427152,
              "pivotLocalTranslationM": [
                -0.0008503286891261447,
                0.0028257863684488303,
                0.0010070862504588849
              ],
              "pivotWorldTranslationM": [
                -4.4796954635726856e-05,
                -0.0028983787002021377,
                -0.0011487986726978407
              ]
            },
            {
              "key": 20,
              "phase": 0.6639344262295082,
              "maxWitnessErrorM": 0.0014889005367499232,
              "toeDownDegrees": [
                -1.2440651271069632,
                -1.4798668269297852,
                -1.1743816298135794
              ],
              "metatarsalTargetM": 0.062096657097414444,
              "metatarsalBeforeToeLockM": 0.06134169295417597,
              "footRockerCorrectionDegrees": 3.2100536864359586,
              "pivotLocalTranslationM": [
                0.000350006489770148,
                -0.0011368337749835557,
                -0.0004319598812025794
              ],
              "pivotWorldTranslationM": [
                2.011324259718224e-05,
                0.0011548578530142337,
                0.0005170906527081987
              ]
            },
            {
              "key": 21,
              "phase": 0.6721311475409836,
              "maxWitnessErrorM": 0.004073733747227271,
              "toeDownDegrees": [
                -0.6940651271069632,
                -0.929866826938188,
                -0.6243816298135794
              ],
              "metatarsalTargetM": 0.06934187780104611,
              "metatarsalBeforeToeLockM": 0.06665806131090452,
              "footRockerCorrectionDegrees": 3.9600536864359577,
              "pivotLocalTranslationM": [
                0.0017293794242401327,
                -0.006096250227350119,
                -0.001727807523862673
              ],
              "pivotWorldTranslationM": [
                8.961941264829372e-05,
                0.006151263025046974,
                0.0023009223347286666
              ]
            },
            {
              "key": 22,
              "phase": 0.680327868852459,
              "maxWitnessErrorM": 0.007267003135458298,
              "toeDownDegrees": [
                -0.14406512710703948,
                -0.37986682693818796,
                -0.07438162981369116
              ],
              "metatarsalTargetM": 0.07782887235552716,
              "metatarsalBeforeToeLockM": 0.07254572159949757,
              "footRockerCorrectionDegrees": 4.710053686435957,
              "pivotLocalTranslationM": [
                0.0032097012019311768,
                -0.011679292854907247,
                -0.0028794801275680145
              ],
              "pivotWorldTranslationM": [
                0.0001637590634585072,
                0.011717570848165815,
                0.004203699356686595
              ]
            },
            {
              "key": 23,
              "phase": 0.6885245901639344,
              "maxWitnessErrorM": 0.010632434373715286,
              "toeDownDegrees": [
                0.4059348728929439,
                0.1701331730618121,
                0.4756183701863087
              ],
              "metatarsalTargetM": 0.08666234598735405,
              "metatarsalBeforeToeLockM": 0.07869540241079061,
              "footRockerCorrectionDegrees": 5.460053686435953,
              "pivotLocalTranslationM": [
                0.004661167171144957,
                -0.017082437438776667,
                -0.004047474735179151
              ],
              "pivotWorldTranslationM": [
                0.0002446017630727426,
                0.0170422404245356,
                0.006278551096346778
              ]
            },
            {
              "key": 24,
              "phase": 0.6967213114754098,
              "maxWitnessErrorM": 0.013797704199611658,
              "toeDownDegrees": [
                0.9559348728929437,
                0.7201331730618121,
                1.0256183701863084
              ],
              "metatarsalTargetM": 0.09494700392302328,
              "metatarsalBeforeToeLockM": 0.0847036527375056,
              "footRockerCorrectionDegrees": 6.210053686435952,
              "pivotLocalTranslationM": [
                0.006268784223659681,
                -0.023301951058445198,
                -0.005140783100955912
              ],
              "pivotWorldTranslationM": [
                0.00033314694417678026,
                0.023140289621096342,
                0.008551131769128728
              ]
            },
            {
              "key": 25,
              "phase": 0.7049180327868853,
              "maxWitnessErrorM": 0.016304206823399482,
              "toeDownDegrees": [
                1.5059348728928843,
                1.270133173061812,
                1.5756183701863045
              ],
              "metatarsalTargetM": 0.10178755138903137,
              "metatarsalBeforeToeLockM": 0.09023870284320314,
              "footRockerCorrectionDegrees": 6.960053686435938,
              "pivotLocalTranslationM": [
                0.00780581150236114,
                -0.029082683602146393,
                -0.006321025383719017
              ],
              "pivotWorldTranslationM": [
                0.00043006921063698956,
                0.028716700082312672,
                0.011038755313019202
              ]
            },
            {
              "key": 26,
              "phase": 0.7131147540983607,
              "maxWitnessErrorM": 0.017724924022170074,
              "toeDownDegrees": [
                2.055934872892884,
                1.8201331730618115,
                2.125618370186304
              ],
              "metatarsalTargetM": 0.1062886936118748,
              "metatarsalBeforeToeLockM": 0.09488816711496267,
              "footRockerCorrectionDegrees": 7.710053686435936,
              "pivotLocalTranslationM": [
                0.009207256711890127,
                -0.033987342802459276,
                -0.00770542029208976
              ],
              "pivotWorldTranslationM": [
                0.0005354342570734754,
                0.03331855582874604,
                0.013743102883238448
              ]
            },
            {
              "key": 27,
              "phase": 0.721311475409836,
              "maxWitnessErrorM": 0.017652241794192107,
              "toeDownDegrees": [
                2.6059348728928833,
                2.3701331255421962,
                2.675618370186304
              ],
              "metatarsalTargetM": 0.10760677737556686,
              "metatarsalBeforeToeLockM": 0.0982167812067119,
              "footRockerCorrectionDegrees": 8.460053686435934,
              "pivotLocalTranslationM": [
                0.010400298466916733,
                -0.03755293887521244,
                -0.009395589335949474
              ],
              "pivotWorldTranslationM": [
                0.000647841743873992,
                0.03646571058825156,
                0.01662822211867665
              ]
            },
            {
              "key": 28,
              "phase": 0.7295081967213115,
              "maxWitnessErrorM": 0.016668620984921962,
              "toeDownDegrees": [
                2.8773929376360483,
                1.828389238492997,
                3.2256183701863033
              ],
              "metatarsalTargetM": 0.10760677737556686,
              "metatarsalBeforeToeLockM": 0.1012746753463513,
              "footRockerCorrectionDegrees": 9.210053686435932,
              "pivotLocalTranslationM": [
                0.01138013227706925,
                -0.040387477357173414,
                -0.010859537333212379
              ],
              "pivotWorldTranslationM": [
                0.0007464474402969464,
                0.03887071255868928,
                0.01915971395457179
              ]
            },
            {
              "key": 29,
              "phase": 0.7377049180327868,
              "maxWitnessErrorM": 0.01589431024949168,
              "toeDownDegrees": [
                2.3273929376360485,
                1.2783892384962943,
                3.7756183701863026
              ],
              "metatarsalTargetM": 0.10760677737556686,
              "metatarsalBeforeToeLockM": 0.10428484685356108,
              "footRockerCorrectionDegrees": 9.315333981022377,
              "pivotLocalTranslationM": [
                0.011904655643590865,
                -0.04135413735544995,
                -0.012083501757838443
              ],
              "pivotWorldTranslationM": [
                0.0008154734587660657,
                0.03948396764212104,
                0.020934339758504172
              ]
            },
            {
              "key": 30,
              "phase": 0.7459016393442623,
              "maxWitnessErrorM": 0.013632384964491602,
              "toeDownDegrees": [
                1.7773929376360507,
                0.7283892384963881,
                4.3256183701862785
              ],
              "metatarsalTargetM": 0.10760677737556686,
              "metatarsalBeforeToeLockM": 0.10482379784786854,
              "footRockerCorrectionDegrees": 8.8276044948415,
              "pivotLocalTranslationM": [
                0.011351247069846832,
                -0.03702138226168802,
                -0.013490183465127347
              ],
              "pivotWorldTranslationM": [
                0.0008396921268135453,
                0.03486808928299096,
                0.021562208905460494
              ]
            },
            {
              "key": 31,
              "phase": 0.7540983606557377,
              "maxWitnessErrorM": 0.011220016656107858,
              "toeDownDegrees": [
                1.2273929376360508,
                0.17838923849638805,
                4.875618370186278
              ],
              "metatarsalTargetM": 0.10760677737556686,
              "metatarsalBeforeToeLockM": 0.10532043865800876,
              "footRockerCorrectionDegrees": 8.762878468867102,
              "pivotLocalTranslationM": [
                0.010025331645260758,
                -0.029824113236944828,
                -0.01426044633197625
              ],
              "pivotWorldTranslationM": [
                0.0008068833552704359,
                0.027621923958103433,
                0.020729758685280333
              ]
            },
            {
              "key": 32,
              "phase": 0.7622950819672132,
              "maxWitnessErrorM": 0.009766105456604049,
              "toeDownDegrees": [
                0.6773929376364779,
                -0.3716107615009504,
                5.425618370186276
              ],
              "metatarsalTargetM": 0.10760677737556686,
              "metatarsalBeforeToeLockM": 0.10756087375381883,
              "footRockerCorrectionDegrees": 9.073466320848334,
              "pivotLocalTranslationM": [
                0.007927460724278319,
                -0.02182411323694483,
                -0.013080044923697801
              ],
              "pivotWorldTranslationM": [
                0.0005920429671259367,
                0.01998623582724426,
                0.01761884196909024
              ]
            },
            {
              "key": 33,
              "phase": 0.7704918032786885,
              "maxWitnessErrorM": 0.009487444171417645,
              "toeDownDegrees": [
                0.12739293763647783,
                -0.9216107615009502,
                5.975618370186275
              ],
              "metatarsalTargetM": 0.10760677737556686,
              "metatarsalBeforeToeLockM": 0.11176072498723319,
              "footRockerCorrectionDegrees": 9.625234322179502,
              "pivotLocalTranslationM": [
                0.004513683254482998,
                -0.013824113236944833,
                -0.0072430298779924155
              ],
              "pivotWorldTranslationM": [
                8.387650706831408e-05,
                0.012970988016707789,
                0.009781983816342028
              ]
            },
            {
              "key": 34,
              "phase": 0.7786885245901639,
              "maxWitnessErrorM": 0.01726782499973112,
              "toeDownDegrees": [
                -0.42260706236352225,
                -1.471610761495429,
                6.525618370186275
              ],
              "metatarsalTargetM": 0.10760677737556686,
              "metatarsalBeforeToeLockM": 0.11618622251011586,
              "footRockerCorrectionDegrees": 10.121172243621677,
              "pivotLocalTranslationM": [
                0.0004515367566287749,
                -0.005824113236944833,
                0.0007569701220075845
              ],
              "pivotWorldTranslationM": [
                -0.0005792797778467416,
                0.005861575814098273,
                -5.9368325583648114e-05
              ]
            },
            {
              "key": 110,
              "phase": 0.4016393442622951,
              "maxWitnessErrorM": 0.0,
              "toeDownDegrees": [
                0.0,
                0.0,
                0.0
              ],
              "metatarsalTargetM": 0.05438306689638002,
              "metatarsalBeforeToeLockM": 0.05438306689638002,
              "footRockerCorrectionDegrees": 0.0,
              "pivotLocalTranslationM": [
                0.0,
                0.0,
                0.0
              ],
              "pivotWorldTranslationM": [
                0.0,
                0.0,
                0.0
              ]
            },
            {
              "key": 111,
              "phase": 0.4098360655737705,
              "maxWitnessErrorM": 1.055730961763146e-06,
              "toeDownDegrees": [
                -0.027040020049435606,
                -0.026060441582493196,
                -0.026866742051129544
              ],
              "metatarsalTargetM": 0.05438306689638002,
              "metatarsalBeforeToeLockM": 0.054383084638806055,
              "footRockerCorrectionDegrees": 0.017224070275277552,
              "pivotLocalTranslationM": [
                -1.1919818542732354e-05,
                3.3727739156651814e-06,
                3.834352804946454e-05
              ],
              "pivotWorldTranslationM": [
                -1.1869585007409747e-06,
                -2.6361688638865184e-05,
                -3.0452186271663312e-05
              ]
            },
            {
              "key": 112,
              "phase": 0.4180327868852458,
              "maxWitnessErrorM": 2.0939735021485717e-06,
              "toeDownDegrees": [
                -0.05878961534473274,
                -0.056722303985128945,
                -0.0581202903334119
              ],
              "metatarsalTargetM": 0.05438306689638002,
              "metatarsalBeforeToeLockM": 0.054383091429300326,
              "footRockerCorrectionDegrees": 0.03789923999235504,
              "pivotLocalTranslationM": [
                -2.490748873700844e-05,
                7.900582061542598e-06,
                7.992587476082716e-05
              ],
              "pivotWorldTranslationM": [
                -2.472744291683352e-06,
                -5.5139334270364726e-05,
                -6.343882128447803e-05
              ]
            },
            {
              "key": 113,
              "phase": 0.42622950819672123,
              "maxWitnessErrorM": 3.2117508368401104e-06,
              "toeDownDegrees": [
                -0.09369121478107234,
                -0.09043542644146398,
                -0.09244280031683628
              ],
              "metatarsalTargetM": 0.05438306689638002,
              "metatarsalBeforeToeLockM": 0.054383098282367814,
              "footRockerCorrectionDegrees": 0.06067862842461261,
              "pivotLocalTranslationM": [
                -3.904953003334207e-05,
                1.3816166749955133e-05,
                0.0001249503604270377
              ],
              "pivotWorldTranslationM": [
                -3.8645365051528265e-06,
                -8.650765319760767e-05,
                -9.914549330423713e-05
              ]
            },
            {
              "key": 114,
              "phase": 0.43442622950819676,
              "maxWitnessErrorM": 4.421695520839819e-06,
              "toeDownDegrees": [
                -0.13162234451136573,
                -0.12707731648624634,
                -0.12973363633554444
              ],
              "metatarsalTargetM": 0.05438306689638002,
              "metatarsalBeforeToeLockM": 0.054383105586487644,
              "footRockerCorrectionDegrees": 0.0854517120553008,
              "pivotLocalTranslationM": [
                -5.4388618403706805e-05,
                2.1279464018601992e-05,
                0.00017351779234912193
              ],
              "pivotWorldTranslationM": [
                -5.36860967735696e-06,
                -0.00012049922589290604,
                -0.0001377333005642608
              ]
            },
            {
              "key": 115,
              "phase": 0.44262295081967207,
              "maxWitnessErrorM": 5.725125393762909e-06,
              "toeDownDegrees": [
                -0.17258552611694938,
                -0.16665035101369652,
                -0.16999564337125878
              ],
              "metatarsalTargetM": 0.05438306689638002,
              "metatarsalBeforeToeLockM": 0.054383113374056324,
              "footRockerCorrectionDegrees": 0.1122194668998556,
              "pivotLocalTranslationM": [
                -7.09587965379605e-05,
                3.045768512433362e-05,
                0.00022569544056402047
              ],
              "pivotWorldTranslationM": [
                -6.990766376566672e-06,
                -0.0001571161731984961,
                -0.00017935123755983103
              ]
            },
            {
              "key": 116,
              "phase": 0.4508196721311475,
              "maxWitnessErrorM": 7.121812708010822e-06,
              "toeDownDegrees": [
                -0.21658130092458372,
                -0.20915541370680896,
                -0.21322775038578015
              ],
              "metatarsalTargetM": 0.05438306689638002,
              "metatarsalBeforeToeLockM": 0.054383121641752644,
              "footRockerCorrectionDegrees": 0.14098459972169716,
              "pivotLocalTranslationM": [
                -8.879026930620492e-05,
                4.1533391052104595e-05,
                0.00028152729141744926
              ],
              "pivotWorldTranslationM": [
                -8.736492151057706e-06,
                -0.0001963445185846934,
                -0.00022414017068513563
              ]
            },
            {
              "key": 117,
              "phase": 0.4590163934426229,
              "maxWitnessErrorM": 8.611071372399692e-06,
              "toeDownDegrees": [
                -0.26359877268559545,
                -0.2545823852785737,
                -0.25941743230800574
              ],
              "metatarsalTargetM": 0.05438306689638002,
              "metatarsalBeforeToeLockM": 0.05438313038336541,
              "footRockerCorrectionDegrees": 0.17174266383259823,
              "pivotLocalTranslationM": [
                -0.00010791080290332063,
                5.470663822622669e-05,
                0.00034103643344740716
              ],
              "pivotWorldTranslationM": [
                -1.0610987022709043e-05,
                -0.00023815876994013902,
                -0.00027223364549993246
              ]
            },
            {
              "key": 118,
              "phase": 0.4672131147540983,
              "maxWitnessErrorM": 1.0195245456756652e-05,
              "toeDownDegrees": [
                -0.3135743189860473,
                -0.3028689864776385,
                -0.3085061302080269
              ],
              "metatarsalTargetM": 0.05438306689638002,
              "metatarsalBeforeToeLockM": 0.05438313980763002,
              "footRockerCorrectionDegrees": 0.20444582377789536,
              "pivotLocalTranslationM": [
                -0.00012834805896920666,
                7.01988767001753e-05,
                0.0004042296074134364
              ],
              "pivotWorldTranslationM": [
                -1.2619250557677425e-05,
                -0.00028252924431678225,
                -0.0003237600704258327
              ]
            },
            {
              "key": 119,
              "phase": 0.47540983606557363,
              "maxWitnessErrorM": 1.1863568341041741e-05,
              "toeDownDegrees": [
                -0.36661082047994314,
                -0.3541186650397227,
                -0.3605758943317562
              ],
              "metatarsalTargetM": 0.05438306689638002,
              "metatarsalBeforeToeLockM": 0.0543831492725833,
              "footRockerCorrectionDegrees": 0.2391905835433521,
              "pivotLocalTranslationM": [
                -0.00015012395463050252,
                8.824255653902046e-05,
                0.00047108306025455576
              ],
              "pivotWorldTranslationM": [
                -1.4765804898940723e-05,
                -0.00032940650887930905,
                -0.00037883560327449096
              ]
            },
            {
              "key": 120,
              "phase": 0.48360655737704916,
              "maxWitnessErrorM": 1.3623735574341822e-05,
              "toeDownDegrees": [
                -0.42255899514823636,
                -0.40818430168111325,
                -0.4154938614027831
              ],
              "metatarsalTargetM": 0.05438306689638002,
              "metatarsalBeforeToeLockM": 0.05438315938608708,
              "footRockerCorrectionDegrees": 0.2758578692416441,
              "pivotLocalTranslationM": [
                -0.00017326709814791257,
                0.000109103765315805,
                0.0005415703921046096
              ],
              "pivotWorldTranslationM": [
                -1.7055242222154367e-05,
                -0.00037875836116310255,
                -0.000437578205658155
              ]
            },
            {
              "key": 121,
              "phase": 0.4918032786885246,
              "maxWitnessErrorM": 1.547182750627485e-05,
              "toeDownDegrees": [
                -0.48141557793878764,
                -0.46506412979539924,
                -0.47325038787594137
              ],
              "metatarsalTargetM": 0.05438306689638002,
              "metatarsalBeforeToeLockM": 0.05438316995399713,
              "footRockerCorrectionDegrees": 0.31445533511052476,
              "pivotLocalTranslationM": [
                -0.0001978001377697078,
                0.0001330595672614346,
                0.0006156317277717854
              ],
              "pivotWorldTranslationM": [
                -1.9491600393929973e-05,
                -0.00043053505575329555,
                -0.0005000916130632928
              ]
            },
            {
              "key": 122,
              "phase": 0.5,
              "maxWitnessErrorM": 1.7405798407033046e-05,
              "toeDownDegrees": [
                -0.5431383411872985,
                -0.5247179437622309,
                -0.5338013226883357
              ],
              "metatarsalTargetM": 0.05438306689638002,
              "metatarsalBeforeToeLockM": 0.05438318095716188,
              "footRockerCorrectionDegrees": 0.35495932641328876,
              "pivotLocalTranslationM": [
                -0.0002237429058779726,
                0.0001604035897908961,
                0.0006931798669015228
              ],
              "pivotWorldTranslationM": [
                -2.2078436586294136e-05,
                -0.00048468103956326677,
                -0.0005664672260142298
              ]
            },
            {
              "key": 123,
              "phase": 0.5081967213114755,
              "maxWitnessErrorM": 1.9419604329939943e-05,
              "toeDownDegrees": [
                -0.6075710573138059,
                -0.5869955544070171,
                -0.5969897670528377
              ],
              "metatarsalTargetM": 0.05438306689638002,
              "metatarsalBeforeToeLockM": 0.05438319229930147,
              "footRockerCorrectionDegrees": 0.3972727945279601,
              "pivotLocalTranslationM": [
                -0.00025104338692635614,
                0.00019149951477412532,
                0.0007738008975250161
              ],
              "pivotWorldTranslationM": [
                -2.4807229811197858e-05,
                -0.0005410482554134289,
                -0.000636485473261091
              ]
            },
            {
              "key": 124,
              "phase": 0.5163934426229508,
              "maxWitnessErrorM": 2.1494417196343818e-05,
              "toeDownDegrees": [
                -0.6741817726858603,
                -0.6513840278325461,
                -0.662288398255834
              ],
              "metatarsalTargetM": 0.05438306689638002,
              "metatarsalBeforeToeLockM": 0.05438320368799011,
              "footRockerCorrectionDegrees": 0.4410549971029484,
              "pivotLocalTranslationM": [
                -0.0002794215548259052,
                0.0002268521499250068,
                0.0008560816693126565
              ],
              "pivotWorldTranslationM": [
                -2.763178069419071e-05,
                -0.0005991919546867485,
                -0.000708956442432117
              ]
            },
            {
              "key": 125,
              "phase": 0.5245901639344261,
              "maxWitnessErrorM": 2.35959185599377e-05,
              "toeDownDegrees": [
                -0.7419892785484371,
                -0.7169364392082886,
                -0.7287281253071521
              ],
              "metatarsalTargetM": 0.05438306689638002,
              "metatarsalBeforeToeLockM": 0.05438321480722595,
              "footRockerCorrectionDegrees": 0.48567203786795077,
              "pivotLocalTranslationM": [
                -0.0003085316377643285,
                0.0002668376650023402,
                0.0009383711521556491
              ],
              "pivotWorldTranslationM": [
                -3.0496504773031886e-05,
                -0.0006586456317184501,
                -0.000782425693991394
              ]
            },
            {
              "key": 126,
              "phase": 0.5327868852459015,
              "maxWitnessErrorM": 2.5727115584128768e-05,
              "toeDownDegrees": [
                -0.810927121134527,
                -0.7835873801358393,
                -0.7962491894349245
              ],
              "metatarsalTargetM": 0.05438306689638002,
              "metatarsalBeforeToeLockM": 0.05438322718942217,
              "footRockerCorrectionDegrees": 0.5310717927210747,
              "pivotLocalTranslationM": [
                -0.00034011339488184474,
                0.0003177325361793678,
                0.0010225063265863533
              ],
              "pivotWorldTranslationM": [
                -3.3393079309934295e-05,
                -0.0007260858888699752,
                -0.0008566410579057753
              ]
            },
            {
              "key": 127,
              "phase": 0.540983606557377,
              "maxWitnessErrorM": 2.9739391609606702e-05,
              "toeDownDegrees": [
                -0.8833088115378752,
                -0.8535688580917558,
                -0.8671399099007928
              ],
              "metatarsalTargetM": 0.05438306689638002,
              "metatarsalBeforeToeLockM": 0.05438324311434114,
              "footRockerCorrectionDegrees": 0.5787431592106803,
              "pivotLocalTranslationM": [
                -0.00037798904688001784,
                0.0003910519684889876,
                0.0011143203720792576
              ],
              "pivotWorldTranslationM": [
                -3.642663263535908e-05,
                -0.0008143718221025409,
                -0.0009343330263494762
              ]
            },
            {
              "key": 128,
              "phase": 0.5491803278688525,
              "maxWitnessErrorM": 3.9030422295138756e-05,
              "toeDownDegrees": [
                -0.9608888843757799,
                -0.928579059177301,
                -0.9431103675181576
              ],
              "metatarsalTargetM": 0.05438306689638002,
              "metatarsalBeforeToeLockM": 0.05438326228740473,
              "footRockerCorrectionDegrees": 0.6298543100862952,
              "pivotLocalTranslationM": [
                -0.00042513734127673795,
                0.0004968459946256342,
                0.0012174633843218396
              ],
              "pivotWorldTranslationM": [
                -3.968527689143255e-05,
                -0.0009340098930392274,
                -0.0010177743000886479
              ]
            },
            {
              "key": 129,
              "phase": 0.5573770491803278,
              "maxWitnessErrorM": 4.888117613460752e-05,
              "toeDownDegrees": [
                -1.0267654854057846,
                -0.9917706618140238,
                -1.009963135638765
              ],
              "metatarsalTargetM": 0.05438306689638002,
              "metatarsalBeforeToeLockM": 0.05438334195488233,
              "footRockerCorrectionDegrees": 0.6696294447500278,
              "pivotLocalTranslationM": [
                -0.0004843665422385356,
                0.0006450854639037335,
                0.0013348539725671737
              ],
              "pivotWorldTranslationM": [
                -4.327638512449498e-05,
                -0.0010950771262817666,
                -0.0011097357536371101
              ]
            },
            {
              "key": 130,
              "phase": 0.5655737704918034,
              "maxWitnessErrorM": 5.8694987906560137e-05,
              "toeDownDegrees": [
                -0.946495683096365,
                -0.9076005912677592,
                -0.9518971528613989
              ],
              "metatarsalTargetM": 0.05438306689638002,
              "metatarsalBeforeToeLockM": 0.0543846982802655,
              "footRockerCorrectionDegrees": 0.5810366392505216,
              "pivotLocalTranslationM": [
                -0.0005608915791484945,
                0.0008510957529354064,
                0.0014743175344196376
              ],
              "pivotWorldTranslationM": [
                -4.748773784579865e-05,
                -0.0013144276506298828,
                -0.001217620164527138
              ]
            },
            {
              "key": 131,
              "phase": 0.5737704918032787,
              "maxWitnessErrorM": 6.866732548382881e-05,
              "toeDownDegrees": [
                -0.8535909868482405,
                -0.8107788707508182,
                -0.8841736782340913
              ],
              "metatarsalTargetM": 0.05438306689638002,
              "metatarsalBeforeToeLockM": 0.054386052904689536,
              "footRockerCorrectionDegrees": 0.48018090238270705,
              "pivotLocalTranslationM": [
                -0.0006519454005309305,
                0.0011137559656309941,
                0.0016255584276697575
              ],
              "pivotWorldTranslationM": [
                -5.214474779953422e-05,
                -0.0015867389733360611,
                -0.0013369605777334343
              ]
            },
            {
              "key": 132,
              "phase": 0.581967213114754,
              "maxWitnessErrorM": 9.134551967604487e-05,
              "toeDownDegrees": [
                -0.7541188072361993,
                -0.7070869213215066,
                -0.8116751348066278
              ],
              "metatarsalTargetM": 0.05438306689638002,
              "metatarsalBeforeToeLockM": 0.054387510819917474,
              "footRockerCorrectionDegrees": 0.3721214780838211,
              "pivotLocalTranslationM": [
                -0.0007573611898036296,
                0.0014364910814176374,
                0.0017844872682260876
              ],
              "pivotWorldTranslationM": [
                -5.726537219016294e-05,
                -0.001913769651285739,
                -0.0014682305144529068
              ]
            },
            {
              "key": 133,
              "phase": 0.5901639344262295,
              "maxWitnessErrorM": 0.00012414402748572861,
              "toeDownDegrees": [
                -0.6488581539674174,
                -0.5973202557536946,
                -0.7349812911992276
              ],
              "metatarsalTargetM": 0.05438306689638002,
              "metatarsalBeforeToeLockM": 0.05438906614075001,
              "footRockerCorrectionDegrees": 0.2576577917019854,
              "pivotLocalTranslationM": [
                -0.0008763406298489639,
                0.0018207969325477582,
                0.0019459166015282484
              ],
              "pivotWorldTranslationM": [
                -6.284922418285156e-05,
                -0.0022954754805636314,
                -0.0016114291663168892
              ]
            },
            {
              "key": 134,
              "phase": 0.5983606557377048,
              "maxWitnessErrorM": 0.00015855468515790783,
              "toeDownDegrees": [
                -0.5388290151757398,
                -0.4825363925181984,
                -0.6548386467355475
              ],
              "metatarsalTargetM": 0.05438306689638002,
              "metatarsalBeforeToeLockM": 0.054390705359215114,
              "footRockerCorrectionDegrees": 0.1378814679604105,
              "pivotLocalTranslationM": [
                -0.0010073024068829675,
                0.0022653091805499136,
                0.0021037620598446647
              ],
              "pivotWorldTranslationM": [
                -6.887293650724392e-05,
                -0.002729235389961552,
                -0.0017659625270432175
              ]
            },
            {
              "key": 135,
              "phase": 0.6065573770491803,
              "maxWitnessErrorM": 0.0001941853405535987,
              "toeDownDegrees": [
                -0.42533100762008375,
                -0.36408585885292877,
                -0.5721966576784278
              ],
              "metatarsalTargetM": 0.05438306689638002,
              "metatarsalBeforeToeLockM": 0.05439241039353046,
              "footRockerCorrectionDegrees": 0.014192255401679139,
              "pivotLocalTranslationM": [
                -0.0011479559794201216,
                0.002765519610961802,
                0.0022516505252010433
              ],
              "pivotWorldTranslationM": [
                -7.529188549132735e-05,
                -0.00320976632423701,
                -0.001930687777340852
              ]
            },
            {
              "key": 136,
              "phase": 0.6147540983606556,
              "maxWitnessErrorM": 0.00023056721101766264,
              "toeDownDegrees": [
                -0.30993610304691765,
                -0.24360444018018096,
                -0.48821379490270883
              ],
              "metatarsalTargetM": 0.05438306689638002,
              "metatarsalBeforeToeLockM": 0.054394159061704805,
              "footRockerCorrectionDegrees": -0.11171315419397515,
              "pivotLocalTranslationM": [
                -0.0012954166480588886,
                0.0033136754963643484,
                0.0023835707993131493
              ],
              "pivotWorldTranslationM": [
                -8.204277302365978e-05,
                -0.003729140243020292,
                -0.002103979821555011
              ]
            },
            {
              "key": 137,
              "phase": 0.6229508196721312,
              "maxWitnessErrorM": 0.0002562272591335457,
              "toeDownDegrees": [
                -0.2998578706302326,
                -0.2312561260137312,
                -0.49870872866894767
              ],
              "metatarsalTargetM": 0.05438306689638002,
              "metatarsalBeforeToeLockM": 0.05439530781386772,
              "footRockerCorrectionDegrees": -0.13197528015344404,
              "pivotLocalTranslationM": [
                -0.0014348964942330997,
                0.0038567267570347665,
                0.002483448297360234
              ],
              "pivotWorldTranslationM": [
                -8.87239658342203e-05,
                -0.004232597069974866,
                -0.0022755266688346256
              ]
            },
            {
              "key": 138,
              "phase": 0.6311475409836065,
              "maxWitnessErrorM": 0.0002893132920891439,
              "toeDownDegrees": [
                -0.4360985855513114,
                -0.39193914008835096,
                -0.6667283905550703
              ],
              "metatarsalTargetM": 0.05438306689638002,
              "metatarsalBeforeToeLockM": 0.05438893248729716,
              "footRockerCorrectionDegrees": 0.04738866016329698,
              "pivotLocalTranslationM": [
                -0.0015436049705230544,
                0.004312136649434368,
                0.0025288565670043366
              ],
              "pivotWorldTranslationM": [
                -9.445645298608444e-05,
                -0.00463612540548328,
                -0.0024227582980544797
              ]
            },
            {
              "key": 139,
              "phase": 0.639344262295082,
              "maxWitnessErrorM": 0.0002883873636103651,
              "toeDownDegrees": [
                -0.9636480064088647,
                -0.9419391400883508,
                -1.1798445003588869
              ],
              "metatarsalTargetM": 0.05438306689638002,
              "metatarsalBeforeToeLockM": 0.05438853914697695,
              "footRockerCorrectionDegrees": 0.6397280856293162,
              "pivotLocalTranslationM": [
                -0.0016154721232110169,
                0.004647423833545254,
                0.002523669323127659
              ],
              "pivotWorldTranslationM": [
                -9.90017330855437e-05,
                -0.00491101266821572,
                -0.0025395552402899635
              ]
            },
            {
              "key": 140,
              "phase": 0.6475409836065573,
              "maxWitnessErrorM": 0.00032635653908341666,
              "toeDownDegrees": [
                -1.47454782667041,
                -1.4919391400883506,
                -1.7064945652420191
              ],
              "metatarsalTargetM": 0.05439179246282278,
              "metatarsalBeforeToeLockM": 0.0543979151143536,
              "footRockerCorrectionDegrees": 1.3084703441160732,
              "pivotLocalTranslationM": [
                -0.0016968279932318045,
                0.005070345831060665,
                0.0024827426132823945
              ],
              "pivotWorldTranslationM": [
                -0.00010257274566142572,
                -0.005274183889525648,
                -0.002631365748394247
              ]
            },
            {
              "key": 141,
              "phase": 0.6557377049180326,
              "maxWitnessErrorM": 0.0001247071179635295,
              "toeDownDegrees": [
                -1.4561006743905613,
                -1.5937127267993616,
                -1.5095844770395725
              ],
              "metatarsalTargetM": 0.05648808117015881,
              "metatarsalBeforeToeLockM": 0.05648930598163845,
              "footRockerCorrectionDegrees": 2.058470327869897,
              "pivotLocalTranslationM": [
                -0.0011087128564059054,
                0.003361106546101656,
                0.0015719311962191522
              ],
              "pivotWorldTranslationM": [
                -6.841315947766336e-05,
                -0.0034515906334066336,
                -0.0017547313229422038
              ]
            },
            {
              "key": 142,
              "phase": 0.6639344262295082,
              "maxWitnessErrorM": 0.0014966726866652135,
              "toeDownDegrees": [
                -0.9061006743905615,
                -1.1220027563130128,
                -0.9595844770395726
              ],
              "metatarsalTargetM": 0.06164668021975468,
              "metatarsalBeforeToeLockM": 0.060872831500812574,
              "footRockerCorrectionDegrees": 2.8084703278654857,
              "pivotLocalTranslationM": [
                9.718412294286719e-05,
                -0.0006186004843677094,
                0.0001243606589531861
              ],
              "pivotWorldTranslationM": [
                -3.519760537187296e-06,
                0.0006321347909784716,
                -8.927389860903168e-05
              ]
            },
            {
              "key": 143,
              "phase": 0.6721311475409835,
              "maxWitnessErrorM": 0.004111114175641917,
              "toeDownDegrees": [
                -0.35610067439056153,
                -0.572002756314199,
                -0.4095844770395725
              ],
              "metatarsalTargetM": 0.06896345310666188,
              "metatarsalBeforeToeLockM": 0.06622260773763705,
              "footRockerCorrectionDegrees": 3.558470327865485,
              "pivotLocalTranslationM": [
                0.001481816228480453,
                -0.0056006510152363876,
                -0.001174364537163344
              ],
              "pivotWorldTranslationM": [
                6.584352403007861e-05,
                0.0056638092470260295,
                0.0016908904179002895
              ]
            },
            {
              "key": 144,
              "phase": 0.680327868852459,
              "maxWitnessErrorM": 0.0073397705478414985,
              "toeDownDegrees": [
                0.19389932560934153,
                -0.022002756314198933,
                0.14041552296029122
              ],
              "metatarsalTargetM": 0.07753426332593252,
              "metatarsalBeforeToeLockM": 0.07214904317137355,
              "footRockerCorrectionDegrees": 4.308470327865484,
              "pivotLocalTranslationM": [
                0.0029681123056512068,
                -0.011213044257852474,
                -0.0023261326400640034
              ],
              "pivotWorldTranslationM": [
                0.00013983000693513066,
                0.011271517065757046,
                0.0035897363340800163
              ]
            },
            {
              "key": 145,
              "phase": 0.6885245901639345,
              "maxWitnessErrorM": 0.010742160906583925,
              "toeDownDegrees": [
                0.7438993256093229,
                0.527997243685801,
                0.690415522960291
              ],
              "metatarsalTargetM": 0.08645497437261815,
              "metatarsalBeforeToeLockM": 0.07833888513068628,
              "footRockerCorrectionDegrees": 5.058470327865479,
              "pivotLocalTranslationM": [
                0.0044255353261340395,
                -0.016649136592555028,
                -0.003490804653907468
              ],
              "pivotWorldTranslationM": [
                0.00022048647515806664,
                0.016639789356416138,
                0.005659808246764474
              ]
            },
            {
              "key": 146,
              "phase": 0.6967213114754098,
              "maxWitnessErrorM": 0.013941757128599358,
              "toeDownDegrees": [
                1.293899325609323,
                1.077997243685801,
                1.240415522960291
              ],
              "metatarsalTargetM": 0.09482144974177026,
              "metatarsalBeforeToeLockM": 0.0843847093366422,
              "footRockerCorrectionDegrees": 5.808470327865479,
              "pivotLocalTranslationM": [
                0.006038103222130332,
                -0.022900083179292735,
                -0.004578121802088398
              ],
              "pivotWorldTranslationM": [
                0.0003087987114006775,
                0.02277955213156305,
                0.007926410135848449
              ]
            },
            {
              "key": 147,
              "phase": 0.7049180327868851,
              "maxWitnessErrorM": 0.01647573176849416,
              "toeDownDegrees": [
                1.843899325609273,
                1.6279972436858008,
                1.7904155229602874
              ],
              "metatarsalTargetM": 0.10172955292844088,
              "metatarsalBeforeToeLockM": 0.08995083223329765,
              "footRockerCorrectionDegrees": 6.558470327865467,
              "pivotLocalTranslationM": [
                0.0075786547235508275,
                -0.02870607907446435,
                -0.005751502493626057
              ],
              "pivotWorldTranslationM": [
                0.0004054359868046317,
                0.028391724282979463,
                0.01040671883361061
              ]
            },
            {
              "key": 148,
              "phase": 0.7131147540983604,
              "maxWitnessErrorM": 0.01791282334734262,
              "toeDownDegrees": [
                2.3938993256092727,
                2.1779972436858004,
                2.340415522960287
              ],
              "metatarsalTargetM": 0.10627514742768178,
              "metatarsalBeforeToeLockM": 0.09462104224526398,
              "footRockerCorrectionDegrees": 7.308470327865466,
              "pivotLocalTranslationM": [
                0.008981678396709313,
                -0.03362593136727645,
                -0.007129200558876373
              ],
              "pivotWorldTranslationM": [
                0.0005104694059363641,
                0.03301910031834263,
                0.01310255483355891
              ]
            },
            {
              "key": 149,
              "phase": 0.721311475409836,
              "maxWitnessErrorM": 0.01784140832646731,
              "toeDownDegrees": [
                2.943899325609272,
                2.7279963594335426,
                2.8904155229602866
              ],
              "metatarsalTargetM": 0.10760624829256243,
              "metatarsalBeforeToeLockM": 0.09795654795862192,
              "footRockerCorrectionDegrees": 8.05847032786531,
              "pivotLocalTranslationM": [
                0.010173989755466342,
                -0.03719260475709073,
                -0.008814587988548568
              ],
              "pivotWorldTranslationM": [
                0.0006225189153050911,
                0.03617729048001618,
                0.015978486060166656
              ]
            },
            {
              "key": 150,
              "phase": 0.7295081967213115,
              "maxWitnessErrorM": 0.016970390911302553,
              "toeDownDegrees": [
                3.309720014370955,
                2.2661624570869745,
                3.4404155229602864
              ],
              "metatarsalTargetM": 0.10760624829256243,
              "metatarsalBeforeToeLockM": 0.10114987014961507,
              "footRockerCorrectionDegrees": 8.80847032786521,
              "pivotLocalTranslationM": [
                0.011207538283978847,
                -0.04015888839602167,
                -0.010377750684940078
              ],
              "pivotWorldTranslationM": [
                0.0007259297471076229,
                0.03870806606846622,
                0.018633315135147176
              ]
            },
            {
              "key": 151,
              "phase": 0.7377049180327868,
              "maxWitnessErrorM": 0.016225675423387872,
              "toeDownDegrees": [
                2.7597200143709557,
                1.7161624570973073,
                3.990415522960286
              ],
              "metatarsalTargetM": 0.10760624829256243,
              "metatarsalBeforeToeLockM": 0.10422062752721835,
              "footRockerCorrectionDegrees": 8.926812401517958,
              "pivotLocalTranslationM": [
                0.011748403063486897,
                -0.041196659457573254,
                -0.01160527518939525
              ],
              "pivotWorldTranslationM": [
                0.0007955752955804375,
                0.03939676182160124,
                0.020423837298483745
              ]
            },
            {
              "key": 152,
              "phase": 0.7459016393442623,
              "maxWitnessErrorM": 0.013962367545058014,
              "toeDownDegrees": [
                2.209720014370957,
                1.1661624570973894,
                4.540415522960264
              ],
              "metatarsalTargetM": 0.10760624829256243,
              "metatarsalBeforeToeLockM": 0.10475843839482367,
              "footRockerCorrectionDegrees": 8.43953423328032,
              "pivotLocalTranslationM": [
                0.011194208001793798,
                -0.03686936052170451,
                -0.013001206480844973
              ],
              "pivotWorldTranslationM": [
                0.0008193171311021148,
                0.03479022802399533,
                0.021039466620101595
              ]
            },
            {
              "key": 153,
              "phase": 0.7540983606557377,
              "maxWitnessErrorM": 0.011545073661175001,
              "toeDownDegrees": [
                1.6597200143709574,
                0.6161624570973895,
                5.090415522960263
              ],
              "metatarsalTargetM": 0.10760624829256243,
              "metatarsalBeforeToeLockM": 0.10525451872985397,
              "footRockerCorrectionDegrees": 8.374930026676996,
              "pivotLocalTranslationM": [
                0.009868767815600858,
                -0.029675645915428473,
                -0.013767012707898296
              ],
              "pivotWorldTranslationM": [
                0.0007862828506285855,
                0.027547388477830514,
                0.020201228699340466
              ]
            },
            {
              "key": 154,
              "phase": 0.7622950819672132,
              "maxWitnessErrorM": 0.010079695069113223,
              "toeDownDegrees": [
                1.1097200143728512,
                0.06616245713770164,
                5.640415522958467
              ],
              "metatarsalTargetM": 0.10760624829256243,
              "metatarsalBeforeToeLockM": 0.10748878087969649,
              "footRockerCorrectionDegrees": 8.684623836127676,
              "pivotLocalTranslationM": [
                0.007768904953489645,
                -0.021675645915428476,
                -0.012575951762465865
              ],
              "pivotWorldTranslationM": [
                0.0005714230238116793,
                0.019908427573606145,
                0.017078397820791135
              ]
            },
            {
              "key": 155,
              "phase": 0.7704918032786883,
              "maxWitnessErrorM": 0.009783974623494519,
              "toeDownDegrees": [
                0.5597200143728511,
                -0.4838375428622982,
                6.190415522958466
              ],
              "metatarsalTargetM": 0.10760624829256243,
              "metatarsalBeforeToeLockM": 0.11167737556111167,
              "footRockerCorrectionDegrees": 9.234694940583804,
              "pivotLocalTranslationM": [
                0.004350146084740951,
                -0.013675645915428478,
                -0.006721022239495193
              ],
              "pivotWorldTranslationM": [
                6.34365549545986e-05,
                0.012885989959456062,
                0.009223139058234825
              ]
            },
            {
              "key": 156,
              "phase": 0.7786885245901638,
              "maxWitnessErrorM": 0.017110500627649294,
              "toeDownDegrees": [
                0.009720014372851053,
                -1.0338375428558964,
                6.740415522958465
              ],
              "metatarsalTargetM": 0.10760624829256243,
              "metatarsalBeforeToeLockM": 0.11608324332707011,
              "footRockerCorrectionDegrees": 9.727321853233947,
              "pivotLocalTranslationM": [
                0.0002869445943205471,
                -0.005675645915428479,
                0.001278977760504807
              ],
              "pivotWorldTranslationM": [
                -0.0005986364569568174,
                0.005761254668784502,
                -0.0006169554453671447
              ]
            },
            {
              "key": 232,
              "phase": 0.401639344262295,
              "maxWitnessErrorM": 0.0,
              "toeDownDegrees": [
                0.0,
                0.0,
                0.0
              ],
              "metatarsalTargetM": 0.054385800885975555,
              "metatarsalBeforeToeLockM": 0.054385800885975555,
              "footRockerCorrectionDegrees": 0.0,
              "pivotLocalTranslationM": [
                0.0,
                0.0,
                0.0
              ],
              "pivotWorldTranslationM": [
                0.0,
                0.0,
                0.0
              ]
            },
            {
              "key": 233,
              "phase": 0.4098360655737705,
              "maxWitnessErrorM": 1.0510083900960865e-06,
              "toeDownDegrees": [
                -0.026921195759941823,
                -0.025945924016653518,
                -0.026748668134317723
              ],
              "metatarsalTargetM": 0.054385800885975555,
              "metatarsalBeforeToeLockM": 0.05438581855633848,
              "footRockerCorrectionDegrees": 0.017148396654605085,
              "pivotLocalTranslationM": [
                -1.187957309354471e-05,
                3.3393245986980814e-06,
                3.8236252381613083e-05
              ],
              "pivotWorldTranslationM": [
                -1.1849190594552295e-06,
                -2.6243519284389678e-05,
                -3.0399989056369633e-05
              ]
            },
            {
              "key": 234,
              "phase": 0.4180327868852458,
              "maxWitnessErrorM": 2.0842537518106496e-06,
              "toeDownDegrees": [
                -0.058520458650143325,
                -0.0564626242730464,
                -0.0578541376299881
              ],
              "metatarsalTargetM": 0.054385800885975555,
              "metatarsalBeforeToeLockM": 0.0543858253092671,
              "footRockerCorrectionDegrees": 0.037725819153816904,
              "pivotLocalTranslationM": [
                -2.4817810646126682e-05,
                7.83078870267987e-06,
                7.967871817122471e-05
              ],
              "pivotWorldTranslationM": [
                -2.4675941868570336e-06,
                -5.488245818193784e-05,
                -6.330692644857917e-05
              ]
            },
            {
              "key": 235,
              "phase": 0.42622950819672134,
              "maxWitnessErrorM": 3.19640481238892e-06,
              "toeDownDegrees": [
                -0.09324740392495505,
                -0.09000704177835948,
                -0.09200487991327351
              ],
              "metatarsalTargetM": 0.054385800885975555,
              "metatarsalBeforeToeLockM": 0.05438583212431708,
              "footRockerCorrectionDegrees": 0.06039123691974583,
              "pivotLocalTranslationM": [
                -3.89012525977311e-05,
                1.3705656568058634e-05,
                0.00012453128954465436
              ],
              "pivotWorldTranslationM": [
                -3.855192085369847e-06,
                -8.609246468891606e-05,
                -9.890607838545255e-05
              ]
            },
            {
              "key": 236,
              "phase": 0.43442622950819665,
              "maxWitnessErrorM": 4.400040956475948e-06,
              "toeDownDegrees": [
                -0.13098248427077178,
                -0.12645954724441702,
                -0.12910296493515652
              ],
              "metatarsalTargetM": 0.054385800885975555,
              "metatarsalBeforeToeLockM": 0.054385839386729015,
              "footRockerCorrectionDegrees": 0.08503630283517033,
              "pivotLocalTranslationM": [
                -5.417271631798472e-05,
                2.1122277801064896e-05,
                0.00017289589096795635
              ],
              "pivotWorldTranslationM": [
                -5.353982872042599e-06,
                -0.00011990748908937757,
                -0.00013735842821331983
              ]
            },
            {
              "key": 237,
              "phase": 0.4426229508196722,
              "maxWitnessErrorM": 5.6965924066787466e-06,
              "toeDownDegrees": [
                -0.1717290176632797,
                -0.16582326018809213,
                -0.16915214530086814
              ],
              "metatarsalTargetM": 0.054385800885975555,
              "metatarsalBeforeToeLockM": 0.05438584713121278,
              "footRockerCorrectionDegrees": 0.11166232250024029,
              "pivotLocalTranslationM": [
                -7.066644637923333e-05,
                3.0246136875551442e-05,
                0.00022484130773239456
              ],
              "pivotWorldTranslationM": [
                -6.969773223591777e-06,
                -0.00015633128825308452,
                -0.00017881307477096508
              ]
            },
            {
              "key": 238,
              "phase": 0.45081967213114726,
              "maxWitnessErrorM": 7.085834256237433e-06,
              "toeDownDegrees": [
                -0.21548994060521265,
                -0.20810139443880915,
                -0.2121536260573025
              ],
              "metatarsalTargetM": 0.054385800885975555,
              "metatarsalBeforeToeLockM": 0.05438585535281129,
              "footRockerCorrectionDegrees": 0.14027368912402707,
              "pivotLocalTranslationM": [
                -8.841280971916724e-05,
                4.125776757717333e-05,
                0.0002804132173619019
              ],
              "pivotWorldTranslationM": [
                -8.708058755534006e-06,
                -0.00019535146459048817,
                -0.00022341114158213539
              ]
            },
            {
              "key": 239,
              "phase": 0.4590163934426228,
              "maxWitnessErrorM": 8.567205496579078e-06,
              "toeDownDegrees": [
                -0.2622552297942477,
                -0.2532846445902323,
                -0.2580958798395801
              ],
              "metatarsalTargetM": 0.054385800885975555,
              "metatarsalBeforeToeLockM": 0.05438586404858173,
              "footRockerCorrectionDegrees": 0.1708663136516624,
              "pivotLocalTranslationM": [
                -0.00010743980998787926,
                5.4355117211008454e-05,
                0.0003396368526842362
              ],
              "pivotWorldTranslationM": [
                -1.0574061724656823e-05,
                -0.00023694433810507494,
                -0.00027128674404741627
              ]
            },
            {
              "key": 240,
              "phase": 0.4672131147540983,
              "maxWitnessErrorM": 1.0142851052830082e-05,
              "toeDownDegrees": [
                -0.3119667575556793,
                -0.3013161367610574,
                -0.3069252864081165
              ],
              "metatarsalTargetM": 0.054385800885975555,
              "metatarsalBeforeToeLockM": 0.05438587341408094,
              "footRockerCorrectionDegrees": 0.20339666256769573,
              "pivotLocalTranslationM": [
                -0.00012777526615166186,
                6.975717333267444e-05,
                0.0004025211996609898
              ],
              "pivotWorldTranslationM": [
                -1.2572811044992926e-05,
                -0.0002810817614501723,
                -0.00032256904239515323
              ]
            },
            {
              "key": 241,
              "phase": 0.4754098360655734,
              "maxWitnessErrorM": 1.1802561423301938e-05,
              "toeDownDegrees": [
                -0.36472277929714786,
                -0.352294657258109,
                -0.35872026175425936
              ],
              "metatarsalTargetM": 0.054385800885975555,
              "metatarsalBeforeToeLockM": 0.054385882835412486,
              "footRockerCorrectionDegrees": 0.23795681413025252,
              "pivotLocalTranslationM": [
                -0.00014944164093275375,
                8.769445678301273e-05,
                0.00046904593132863115
              ],
              "pivotWorldTranslationM": [
                -1.4708886928654105e-05,
                -0.0003277168605347923,
                -0.0003773756850358958
              ]
            },
            {
              "key": 242,
              "phase": 0.48360655737704916,
              "maxWitnessErrorM": 1.355374230493922e-05,
              "toeDownDegrees": [
                -0.42038128753170956,
                -0.40608025199354525,
                -0.4133544430969905
              ],
              "metatarsalTargetM": 0.054385800885975555,
              "metatarsalBeforeToeLockM": 0.054385892898607485,
              "footRockerCorrectionDegrees": 0.27443345101486966,
              "pivotLocalTranslationM": [
                -0.00017246786615298114,
                0.00010843056829645859,
                0.0005391878344872994
              ],
              "pivotWorldTranslationM": [
                -1.6986943419218807e-05,
                -0.0003768191606066736,
                -0.00043582622012682594
              ]
            },
            {
              "key": 243,
              "phase": 0.49180327868852425,
              "maxWitnessErrorM": 1.5392687361170942e-05,
              "toeDownDegrees": [
                -0.47893974090520935,
                -0.4626717985881286,
                -0.4708191535908679
              ],
              "metatarsalTargetM": 0.054385800885975555,
              "metatarsalBeforeToeLockM": 0.054385903416655355,
              "footRockerCorrectionDegrees": 0.3128343060645633,
              "pivotLocalTranslationM": [
                -0.0001968772736694048,
                0.00013224064994614182,
                0.000612891303892707
              ],
              "pivotWorldTranslationM": [
                -1.9411110662336168e-05,
                -0.0004283414244379262,
                -0.0004980267527212347
              ]
            }
          ],
          "passiveIntegration": [
            {
              "cycle": 0,
              "bone": "Bone_053",
              "anchorKey": 34,
              "lagKeys": [
                35,
                36,
                37,
                38,
                39,
                40,
                41,
                42
              ],
              "restOrientation": "release_orientation",
              "activeTarget": null,
              "translationCorrection": false,
              "initialAngularSpeedRadS": 0.6464749092127201,
              "finalAngularSpeedRadS": 0.2013971616241769,
              "mechanics": {
                "springK": 14.0,
                "dampingC": 7.0
              }
            },
            {
              "cycle": 0,
              "bone": "Bone_059",
              "anchorKey": 34,
              "lagKeys": [
                35,
                36,
                37,
                38,
                39,
                40,
                41,
                42
              ],
              "restOrientation": "release_orientation",
              "activeTarget": null,
              "translationCorrection": false,
              "initialAngularSpeedRadS": 0.6526424294643584,
              "finalAngularSpeedRadS": 0.20331853715668177,
              "mechanics": {
                "springK": 14.0,
                "dampingC": 7.0
              }
            },
            {
              "cycle": 0,
              "bone": "Bone_056",
              "anchorKey": 34,
              "lagKeys": [
                35,
                36,
                37,
                38,
                39,
                40,
                41,
                42
              ],
              "restOrientation": "release_orientation",
              "activeTarget": null,
              "translationCorrection": false,
              "initialAngularSpeedRadS": 0.5023091231952298,
              "finalAngularSpeedRadS": 0.15648500850968178,
              "mechanics": {
                "springK": 14.0,
                "dampingC": 7.0
              }
            },
            {
              "cycle": 0,
              "bone": "Bone_012",
              "anchorKey": 34,
              "lagKeys": [
                35,
                36,
                37,
                38,
                39,
                40,
                41,
                42
              ],
              "restOrientation": "release_orientation",
              "activeTarget": null,
              "translationCorrection": false,
              "initialAngularSpeedRadS": 2.4,
              "finalAngularSpeedRadS": 0.747675093046773,
              "mechanics": {
                "springK": 14.0,
                "dampingC": 7.0
              }
            },
            {
              "cycle": 0,
              "bone": "Bone_012",
              "anchorKey": 34,
              "lagKeys": [
                35,
                36,
                37,
                38,
                39,
                40,
                41,
                42
              ],
              "restOrientation": "rest_local_translation",
              "activeTarget": null,
              "translationCorrection": "passive_decay_only",
              "initialLinearSpeedMps": 0.7207377859297548,
              "finalLinearSpeedMps": 0.22885409968343,
              "mechanics": {
                "springK": 14.0,
                "dampingC": 7.0
              }
            },
            {
              "cycle": 1,
              "bone": "Bone_053",
              "anchorKey": 156,
              "lagKeys": [
                157,
                158,
                159,
                160,
                161,
                162,
                163,
                164
              ],
              "restOrientation": "release_orientation",
              "activeTarget": null,
              "translationCorrection": false,
              "initialAngularSpeedRadS": 0.6464749092127177,
              "finalAngularSpeedRadS": 0.20139716162417615,
              "mechanics": {
                "springK": 14.0,
                "dampingC": 7.0
              }
            },
            {
              "cycle": 1,
              "bone": "Bone_059",
              "anchorKey": 156,
              "lagKeys": [
                157,
                158,
                159,
                160,
                161,
                162,
                163,
                164
              ],
              "restOrientation": "release_orientation",
              "activeTarget": null,
              "translationCorrection": false,
              "initialAngularSpeedRadS": 0.6526424294634429,
              "finalAngularSpeedRadS": 0.20331853715639653,
              "mechanics": {
                "springK": 14.0,
                "dampingC": 7.0
              }
            },
            {
              "cycle": 1,
              "bone": "Bone_056",
              "anchorKey": 156,
              "lagKeys": [
                157,
                158,
                159,
                160,
                161,
                162,
                163,
                164
              ],
              "restOrientation": "release_orientation",
              "activeTarget": null,
              "translationCorrection": false,
              "initialAngularSpeedRadS": 0.5023091231952328,
              "finalAngularSpeedRadS": 0.15648500850968278,
              "mechanics": {
                "springK": 14.0,
                "dampingC": 7.0
              }
            },
            {
              "cycle": 1,
              "bone": "Bone_012",
              "anchorKey": 156,
              "lagKeys": [
                157,
                158,
                159,
                160,
                161,
                162,
                163,
                164
              ],
              "restOrientation": "release_orientation",
              "activeTarget": null,
              "translationCorrection": false,
              "initialAngularSpeedRadS": 2.4,
              "finalAngularSpeedRadS": 0.7476750930467732,
              "mechanics": {
                "springK": 14.0,
                "dampingC": 7.0
              }
            },
            {
              "cycle": 1,
              "bone": "Bone_012",
              "anchorKey": 156,
              "lagKeys": [
                157,
                158,
                159,
                160,
                161,
                162,
                163,
                164
              ],
              "restOrientation": "rest_local_translation",
              "activeTarget": null,
              "translationCorrection": "passive_decay_only",
              "initialLinearSpeedMps": 0.7207591636440641,
              "finalLinearSpeedMps": 0.22826369110790432,
              "mechanics": {
                "springK": 14.0,
                "dampingC": 7.0
              }
            }
          ]
        }
      },
      "PROC_WALK_RELAXED_V8_1_RESPIN_INPLACE": {
        "l": {
          "activeToeContactKeys": 34,
          "rockerOnset": 0.614,
          "visibleRockerRiseEnd": 0.72,
          "release": 0.78,
          "passiveLagEnd": 0.85,
          "receivingArm": 0.85,
          "flatten": 0.88,
          "witnessVertexIndices": [
            51119,
            49877,
            50149
          ],
          "metatarsalWitnessVertexIndices": [
            50706,
            50684,
            50129,
            50180,
            50703,
            50111,
            50685,
            50604,
            50218,
            50149,
            49845,
            51482,
            50126,
            50964,
            49718,
            49844,
            51010,
            50449,
            51119,
            50681,
            50097,
            51549,
            50265,
            49876,
            50536,
            50465,
            50440,
            50629,
            50585,
            50666,
            50757,
            50772,
            50723,
            52424,
            50839,
            50799,
            50833,
            52495,
            50881,
            50895,
            50992,
            50965,
            50966,
            49711,
            52656,
            52742,
            52727,
            51080,
            49951,
            51029,
            49719,
            49754,
            52805,
            52850,
            52939,
            51094,
            49953,
            49946,
            49877,
            52980,
            53020,
            51186,
            51112,
            49998
          ],
          "contactLock": [
            {
              "key": 49,
              "phase": 0.4016393442622951,
              "maxWitnessErrorM": 0.00023313721051121524,
              "toeDownDegrees": [
                -0.5403831933548223,
                -0.6734924986848589,
                -0.668336487457134
              ],
              "metatarsalTargetM": 0.008963541574556585,
              "metatarsalBeforeToeLockM": 0.009326959469296358,
              "footRockerCorrectionDegrees": 0.7798488828793237,
              "pivotLocalTranslationM": [
                -0.00030714598839214204,
                -0.0005850867160552355,
                -0.0009077326772532136
              ],
              "pivotWorldTranslationM": [
                1.6006317030713553e-05,
                0.001044793073478192,
                0.0004108457852079193
              ]
            },
            {
              "key": 50,
              "phase": 0.40983606557377045,
              "maxWitnessErrorM": 0.0006705735027639692,
              "toeDownDegrees": [
                -0.4612708169158866,
                -0.3336408160657008,
                -0.3707429324544099
              ],
              "metatarsalTargetM": 0.008963541574556585,
              "metatarsalBeforeToeLockM": 0.00910533544993282,
              "footRockerCorrectionDegrees": 0.2641062868762503,
              "pivotLocalTranslationM": [
                -0.000622470128175104,
                0.00606900512815892,
                -0.00844957283744872
              ],
              "pivotWorldTranslationM": [
                0.000399793089597283,
                -5.765318819390096e-05,
                0.010414046535674897
              ]
            },
            {
              "key": 51,
              "phase": 0.41803278688524587,
              "maxWitnessErrorM": 0.0015264624191452894,
              "toeDownDegrees": [
                -1.028311050357143,
                -0.5369860635689552,
                -0.7262481879850238
              ],
              "metatarsalTargetM": 0.008963541574556585,
              "metatarsalBeforeToeLockM": 0.008611268812259362,
              "footRockerCorrectionDegrees": -0.024597360191978945,
              "pivotLocalTranslationM": [
                -0.0006359936497770202,
                0.013127569002019907,
                -0.014980222020932526
              ],
              "pivotWorldTranslationM": [
                0.0007456555785270084,
                -0.002282194694351772,
                0.0197833262389583
              ]
            },
            {
              "key": 52,
              "phase": 0.4262295081967213,
              "maxWitnessErrorM": 0.0014703289741620292,
              "toeDownDegrees": [
                -0.5650209337174181,
                -0.0014561749424562968,
                -0.15161599922154462
              ],
              "metatarsalTargetM": 0.008963541574556585,
              "metatarsalBeforeToeLockM": 0.008665280930322379,
              "footRockerCorrectionDegrees": -0.4307891029199474,
              "pivotLocalTranslationM": [
                -0.0013827656786313623,
                0.01893067884321465,
                -0.02412249824476822
              ],
              "pivotWorldTranslationM": [
                0.0011837865477769662,
                -0.0021062461053704302,
                0.030599664924426125
              ]
            },
            {
              "key": 53,
              "phase": 0.4344262295081967,
              "maxWitnessErrorM": 0.001257442476194835,
              "toeDownDegrees": [
                -0.19213477252228223,
                0.3305117138710659,
                0.23730781151664482
              ],
              "metatarsalTargetM": 0.008963541574556585,
              "metatarsalBeforeToeLockM": 0.008803702947407085,
              "footRockerCorrectionDegrees": -0.5902887655423866,
              "pivotLocalTranslationM": [
                -0.0022925390667259994,
                0.024269541271433905,
                -0.033685635281276924
              ],
              "pivotWorldTranslationM": [
                0.0016132488745314207,
                -0.0015358037548446647,
                0.04152139603599
              ]
            },
            {
              "key": 54,
              "phase": 0.44262295081967207,
              "maxWitnessErrorM": 0.0019787275312904955,
              "toeDownDegrees": [
                -0.6746462813464011,
                0.12562852517441778,
                -0.07016339838085826
              ],
              "metatarsalTargetM": 0.008963541574556585,
              "metatarsalBeforeToeLockM": 0.00841396598238321,
              "footRockerCorrectionDegrees": -0.830683172482284,
              "pivotLocalTranslationM": [
                -0.0025334945458176583,
                0.030539452585242703,
                -0.040807623322682014
              ],
              "pivotWorldTranslationM": [
                0.0019338370637773609,
                -0.0034282128922718466,
                0.050880696611788276
              ]
            },
            {
              "key": 55,
              "phase": 0.45081967213114754,
              "maxWitnessErrorM": 0.0019753881754716878,
              "toeDownDegrees": [
                -0.7046391167989892,
                0.11116799340586413,
                -0.11068748167932542
              ],
              "metatarsalTargetM": 0.008963541574556585,
              "metatarsalBeforeToeLockM": 0.008387197882633979,
              "footRockerCorrectionDegrees": -0.7964254808349568,
              "pivotLocalTranslationM": [
                -0.0033605941613476494,
                0.035794304639346984,
                -0.05027969279186994
              ],
              "pivotWorldTranslationM": [
                0.0023790177244882877,
                -0.0034186591876675734,
                0.06167028959517476
              ]
            },
            {
              "key": 56,
              "phase": 0.4590163934426229,
              "maxWitnessErrorM": 0.0023299752749047346,
              "toeDownDegrees": [
                -0.7645280472914642,
                0.21912815062071309,
                -0.032923092020878626
              ],
              "metatarsalTargetM": 0.008963541574556585,
              "metatarsalBeforeToeLockM": 0.008211958401273749,
              "footRockerCorrectionDegrees": -1.092470895183793,
              "pivotLocalTranslationM": [
                -0.004007648505079807,
                0.04107266834033588,
                -0.05864971532794361
              ],
              "pivotWorldTranslationM": [
                0.0027094941636821163,
                -0.004345919990071868,
                0.0715302990464385
              ]
            },
            {
              "key": 57,
              "phase": 0.4672131147540984,
              "maxWitnessErrorM": 0.0031516254416198656,
              "toeDownDegrees": [
                -0.9767745510905852,
                0.2978329107520782,
                0.012783614251113252
              ],
              "metatarsalTargetM": 0.008963541574556585,
              "metatarsalBeforeToeLockM": 0.0081594792975456,
              "footRockerCorrectionDegrees": -1.3433730921992029,
              "pivotLocalTranslationM": [
                -0.004846780243322088,
                0.045596483651081564,
                -0.06642732913612193
              ],
              "pivotWorldTranslationM": [
                0.002819648666829863,
                -0.005205362540707921,
                0.08049889088967083
              ]
            },
            {
              "key": 58,
              "phase": 0.47540983606557374,
              "maxWitnessErrorM": 0.004069372873612106,
              "toeDownDegrees": [
                -1.1930134826496552,
                0.3784876061593811,
                0.07345379080315315
              ],
              "metatarsalTargetM": 0.008963541574556585,
              "metatarsalBeforeToeLockM": 0.008155367217112113,
              "footRockerCorrectionDegrees": -1.6294075642338617,
              "pivotLocalTranslationM": [
                -0.005711952938623207,
                0.049882454258830304,
                -0.07435803907990243
              ],
              "pivotWorldTranslationM": [
                0.0029536885290735657,
                -0.006116441809682981,
                0.08946432132505977
              ]
            },
            {
              "key": 59,
              "phase": 0.48360655737704916,
              "maxWitnessErrorM": 0.0052959052105066295,
              "toeDownDegrees": [
                -1.3983093739787862,
                0.6167684200379451,
                0.24697127628437002
              ],
              "metatarsalTargetM": 0.008963541574556585,
              "metatarsalBeforeToeLockM": 0.008125469223560758,
              "footRockerCorrectionDegrees": -2.093554896028627,
              "pivotLocalTranslationM": [
                -0.006536469219371916,
                0.05411042270336754,
                -0.08230862340182056
              ],
              "pivotWorldTranslationM": [
                0.0031143231818030522,
                -0.007333040108443267,
                0.0983966249829725
              ]
            },
            {
              "key": 60,
              "phase": 0.4918032786885246,
              "maxWitnessErrorM": 0.0065209738490623744,
              "toeDownDegrees": [
                -1.6611850465096905,
                0.7620385407354157,
                0.34101996862007317
              ],
              "metatarsalTargetM": 0.008963541574556585,
              "metatarsalBeforeToeLockM": 0.008114314427013533,
              "footRockerCorrectionDegrees": -2.500506474610289,
              "pivotLocalTranslationM": [
                -0.007440193126200931,
                0.05796178737811935,
                -0.09028589061371962
              ],
              "pivotWorldTranslationM": [
                0.0032429472206854867,
                -0.008567490983003308,
                0.10715663031309479
              ]
            },
            {
              "key": 61,
              "phase": 0.5,
              "maxWitnessErrorM": 0.00784778145113485,
              "toeDownDegrees": [
                -1.9304030333077662,
                0.9146414225722161,
                0.43601871293299604
              ],
              "metatarsalTargetM": 0.008963541574556585,
              "metatarsalBeforeToeLockM": 0.008096439615019196,
              "footRockerCorrectionDegrees": -2.9205327742540477,
              "pivotLocalTranslationM": [
                -0.008418455405040241,
                0.061448127069196765,
                -0.098273941747631
              ],
              "pivotWorldTranslationM": [
                0.003339339731072949,
                -0.009850570174932828,
                0.11574246959327525
              ]
            },
            {
              "key": 62,
              "phase": 0.5081967213114754,
              "maxWitnessErrorM": 0.015270431031406906,
              "toeDownDegrees": [
                -2.480403033307766,
                1.0670639573547611,
                0.5061372202888355
              ],
              "metatarsalTargetM": 0.008963541574556585,
              "metatarsalBeforeToeLockM": 0.00814240346557764,
              "footRockerCorrectionDegrees": -3.670532774254047,
              "pivotLocalTranslationM": [
                -0.009640995211227736,
                0.0630224377411373,
                -0.09999999999999999
              ],
              "pivotWorldTranslationM": [
                0.0021086277321447806,
                -0.012333419049966161,
                0.11793307623573518
              ]
            },
            {
              "key": 63,
              "phase": 0.5163934426229507,
              "maxWitnessErrorM": 0.0245308842562596,
              "toeDownDegrees": [
                -3.030403033307765,
                1.1075462199322121,
                0.348696781460729
              ],
              "metatarsalTargetM": 0.008963541574556585,
              "metatarsalBeforeToeLockM": 0.00839855494348528,
              "footRockerCorrectionDegrees": -4.420532774254046,
              "pivotLocalTranslationM": [
                -0.011004689669598281,
                0.06375585872836267,
                -0.09999999999999999
              ],
              "pivotWorldTranslationM": [
                0.000494699548882413,
                -0.014874396622723024,
                0.11817112073061628
              ]
            },
            {
              "key": 64,
              "phase": 0.5245901639344263,
              "maxWitnessErrorM": 0.0339566419396814,
              "toeDownDegrees": [
                -3.580403033307765,
                1.1659373971971239,
                0.2215850950988552
              ],
              "metatarsalTargetM": 0.008963541574556585,
              "metatarsalBeforeToeLockM": 0.008605976396493221,
              "footRockerCorrectionDegrees": -5.1705327742540454,
              "pivotLocalTranslationM": [
                -0.01236728185183806,
                0.06443130990963358,
                -0.09999999999999999
              ],
              "pivotWorldTranslationM": [
                -0.0011157092561397824,
                -0.017453923204316456,
                0.11831505600807321
              ]
            },
            {
              "key": 65,
              "phase": 0.5327868852459017,
              "maxWitnessErrorM": 0.043551041219095143,
              "toeDownDegrees": [
                -4.130403033307764,
                1.2415987811983973,
                0.12318886817720165
              ],
              "metatarsalTargetM": 0.008963541574556585,
              "metatarsalBeforeToeLockM": 0.0087662783566339,
              "footRockerCorrectionDegrees": -5.920532774254045,
              "pivotLocalTranslationM": [
                -0.013730980784549792,
                0.06504196638927842,
                -0.09999999999999999
              ],
              "pivotWorldTranslationM": [
                -0.0027243275749603488,
                -0.020077658266014584,
                0.11835732411619145
              ]
            },
            {
              "key": 66,
              "phase": 0.540983606557377,
              "maxWitnessErrorM": 0.05419460877607407,
              "toeDownDegrees": [
                -4.354241094636944,
                1.134877216372861,
                -0.11692785445227971
              ],
              "metatarsalTargetM": 0.008963541574556585,
              "metatarsalBeforeToeLockM": 0.009077159502871995,
              "footRockerCorrectionDegrees": -6.2369717471984405,
              "pivotLocalTranslationM": [
                -0.015427181313414395,
                0.06398199147898072,
                -0.09999999999973441
              ],
              "pivotWorldTranslationM": [
                -0.004359218077996531,
                -0.02123026043586814,
                0.11773682407350737
              ]
            },
            {
              "key": 67,
              "phase": 0.5491803278688524,
              "maxWitnessErrorM": 0.06552910548143653,
              "toeDownDegrees": [
                -4.242721935950444,
                1.114250138874608,
                -0.30466241895572815
              ],
              "metatarsalTargetM": 0.008963541574556585,
              "metatarsalBeforeToeLockM": 0.009401995642316953,
              "footRockerCorrectionDegrees": -6.353651014658564,
              "pivotLocalTranslationM": [
                -0.01777400174671696,
                0.061811039989613355,
                -0.09999999999997024
              ],
              "pivotWorldTranslationM": [
                -0.006417951701998294,
                -0.0213332416152126,
                0.11679133521358609
              ]
            },
            {
              "key": 68,
              "phase": 0.5573770491803278,
              "maxWitnessErrorM": 0.07671455153250795,
              "toeDownDegrees": [
                -3.692721935950445,
                1.6642501388746076,
                0.026645203693105204
              ],
              "metatarsalTargetM": 0.008963541574556585,
              "metatarsalBeforeToeLockM": 0.010140261577183916,
              "footRockerCorrectionDegrees": -7.103651014658563,
              "pivotLocalTranslationM": [
                -0.01992517752102598,
                0.05967583708602007,
                -0.09999999999999999
              ],
              "pivotWorldTranslationM": [
                -0.008292559207981748,
                -0.021642772250579635,
                0.11584919389042513
              ]
            },
            {
              "key": 69,
              "phase": 0.5655737704918032,
              "maxWitnessErrorM": 0.08792258493504834,
              "toeDownDegrees": [
                -3.142721935950445,
                2.2142501388746076,
                0.4880467442756098
              ],
              "metatarsalTargetM": 0.008963541574556585,
              "metatarsalBeforeToeLockM": 0.010819497226186012,
              "footRockerCorrectionDegrees": -7.853651014640732,
              "pivotLocalTranslationM": [
                -0.022033256062962882,
                0.05744061401003591,
                -0.09999999999999999
              ],
              "pivotWorldTranslationM": [
                -0.010102221862949089,
                -0.021991951298660887,
                0.11488769067393109
              ]
            },
            {
              "key": 70,
              "phase": 0.5737704918032787,
              "maxWitnessErrorM": 0.0991293684820097,
              "toeDownDegrees": [
                -2.592721935950448,
                2.764250138874607,
                0.9635396802328313
              ],
              "metatarsalTargetM": 0.008963541574556585,
              "metatarsalBeforeToeLockM": 0.011497093369560818,
              "footRockerCorrectionDegrees": -8.60365101464073,
              "pivotLocalTranslationM": [
                -0.02412758488577737,
                0.05513721374436954,
                -0.09999999999999999
              ],
              "pivotWorldTranslationM": [
                -0.011878465393901572,
                -0.022386535750017308,
                0.11392976642010881
              ]
            },
            {
              "key": 71,
              "phase": 0.5819672131147541,
              "maxWitnessErrorM": 0.11031270415512295,
              "toeDownDegrees": [
                -2.1502670115932396,
                3.314250138874607,
                1.4489549071742966
              ],
              "metatarsalTargetM": 0.008963541574556585,
              "metatarsalBeforeToeLockM": 0.012251910670677584,
              "footRockerCorrectionDegrees": -9.353651014640727,
              "pivotLocalTranslationM": [
                -0.026194738945000358,
                0.052821027767786806,
                -0.09999999999999999
              ],
              "pivotWorldTranslationM": [
                -0.01361669843079348,
                -0.022857129509299363,
                0.11299715270661802
              ]
            },
            {
              "key": 72,
              "phase": 0.5901639344262295,
              "maxWitnessErrorM": 0.12145924575255374,
              "toeDownDegrees": [
                -1.7838966612406326,
                3.8642501388746058,
                1.9448354262920824
              ],
              "metatarsalTargetM": 0.008963541574556585,
              "metatarsalBeforeToeLockM": 0.013060684801813022,
              "footRockerCorrectionDegrees": -10.103651014640725,
              "pivotLocalTranslationM": [
                -0.028237414269674157,
                0.05051707817509808,
                -0.09999999999999999
              ],
              "pivotWorldTranslationM": [
                -0.015322580775477743,
                -0.02339697072461469,
                0.11210317212714792
              ]
            },
            {
              "key": 73,
              "phase": 0.5983606557377049,
              "maxWitnessErrorM": 0.1325600600797331,
              "toeDownDegrees": [
                -1.3770632928385915,
                4.414250138874605,
                2.454679738950733
              ],
              "metatarsalTargetM": 0.008963541574556585,
              "metatarsalBeforeToeLockM": 0.013838289718447291,
              "footRockerCorrectionDegrees": -10.853651014640457,
              "pivotLocalTranslationM": [
                -0.030267638920155132,
                0.048228541276674954,
                -0.09999999999999999
              ],
              "pivotWorldTranslationM": [
                -0.017006847867583823,
                -0.02397347326250826,
                0.11125716226211295
              ]
            },
            {
              "key": 74,
              "phase": 0.6065573770491802,
              "maxWitnessErrorM": 0.1436035148892646,
              "toeDownDegrees": [
                -0.93252229534311,
                4.964250138874604,
                2.9777377506871776
              ],
              "metatarsalTargetM": 0.008963541574556585,
              "metatarsalBeforeToeLockM": 0.014586801432628922,
              "footRockerCorrectionDegrees": -11.603651014640453,
              "pivotLocalTranslationM": [
                -0.03228414843199708,
                0.045985850265579824,
                -0.09999999999999999
              ],
              "pivotWorldTranslationM": [
                -0.018673152851126994,
                -0.024582702103952497,
                0.11047154921567917
              ]
            },
            {
              "key": 75,
              "phase": 0.6147540983606558,
              "maxWitnessErrorM": 0.15458164517742146,
              "toeDownDegrees": [
                -0.45357348734796493,
                5.514250138874603,
                3.513227034439394
              ],
              "metatarsalTargetM": 0.008963541574556585,
              "metatarsalBeforeToeLockM": 0.015308503040753096,
              "footRockerCorrectionDegrees": -12.353635112924689,
              "pivotLocalTranslationM": [
                -0.0342862225760277,
                0.04381578061984834,
                -0.09999999999999999
              ],
              "pivotWorldTranslationM": [
                -0.0203254406951013,
                -0.025218681449433386,
                0.10975544068891789
              ]
            },
            {
              "key": 76,
              "phase": 0.6229508196721312,
              "maxWitnessErrorM": 0.1656141578455207,
              "toeDownDegrees": [
                -0.051973632186004155,
                6.064250138861051,
                3.9384296030301957
              ],
              "metatarsalTargetM": 0.008963541574556585,
              "metatarsalBeforeToeLockM": 0.015858314545808105,
              "footRockerCorrectionDegrees": -12.985508959376228,
              "pivotLocalTranslationM": [
                -0.036289945095245794,
                0.041702022286955256,
                -0.09999999999999999
              ],
              "pivotWorldTranslationM": [
                -0.021975406470678926,
                -0.025834272095574307,
                0.10911317644733218
              ]
            },
            {
              "key": 77,
              "phase": 0.6311475409836066,
              "maxWitnessErrorM": 0.17662853346353535,
              "toeDownDegrees": [
                0.328379479677104,
                6.6142501344135605,
                4.355032304919745
              ],
              "metatarsalTargetM": 0.008963541574556585,
              "metatarsalBeforeToeLockM": 0.016395809481298814,
              "footRockerCorrectionDegrees": -13.558308072057159,
              "pivotLocalTranslationM": [
                -0.038280127250915,
                0.03970898029716957,
                -0.09999999999999999
              ],
              "pivotWorldTranslationM": [
                -0.02362151703731744,
                -0.02646937550609693,
                0.10855211669795478
              ]
            },
            {
              "key": 78,
              "phase": 0.6393442622950819,
              "maxWitnessErrorM": 0.18761788071048924,
              "toeDownDegrees": [
                0.48627893240830516,
                6.9378257456586025,
                4.550356105333901
              ],
              "metatarsalTargetM": 0.008963541574556585,
              "metatarsalBeforeToeLockM": 0.016947929681564795,
              "footRockerCorrectionDegrees": -13.85963822314811,
              "pivotLocalTranslationM": [
                -0.0402765529453699,
                0.037767744665945714,
                -0.09999999999999999
              ],
              "pivotWorldTranslationM": [
                -0.02526864073499977,
                -0.027031877134996125,
                0.10807114064237518
              ]
            },
            {
              "key": 79,
              "phase": 0.6475409836065573,
              "maxWitnessErrorM": 0.19844685614594748,
              "toeDownDegrees": [
                -0.06372100238766477,
                6.387825745658604,
                4.000356105333902
              ],
              "metatarsalTargetM": 0.009112526915408899,
              "metatarsalBeforeToeLockM": 0.017571793387025393,
              "footRockerCorrectionDegrees": -13.3678706649331,
              "pivotLocalTranslationM": [
                -0.04226476173379107,
                0.03594823960544701,
                -0.09999999999999999
              ],
              "pivotWorldTranslationM": [
                -0.02691769766109793,
                -0.027569525430703973,
                0.10767515814902437
              ]
            },
            {
              "key": 80,
              "phase": 0.6557377049180327,
              "maxWitnessErrorM": 0.20923624259403117,
              "toeDownDegrees": [
                -0.6137210023523257,
                5.837825745658605,
                3.450356105333902
              ],
              "metatarsalTargetM": 0.01142571584929309,
              "metatarsalBeforeToeLockM": 0.018301391544040355,
              "footRockerCorrectionDegrees": -12.85499050405714,
              "pivotLocalTranslationM": [
                -0.044214976676179456,
                0.034370333813403826,
                -0.09999999999999999
              ],
              "pivotWorldTranslationM": [
                -0.02856657440940687,
                -0.028198655252720115,
                0.10735485823622076
              ]
            },
            {
              "key": 81,
              "phase": 0.6639344262295082,
              "maxWitnessErrorM": 0.21998483663900348,
              "toeDownDegrees": [
                -1.1637209984767167,
                5.287825745658605,
                2.900356105333904
              ],
              "metatarsalTargetM": 0.01600283955675029,
              "metatarsalBeforeToeLockM": 0.01912473532316112,
              "footRockerCorrectionDegrees": -12.338224264534906,
              "pivotLocalTranslationM": [
                -0.0461387937515523,
                0.032983026106696296,
                -0.09999999999999999
              ],
              "pivotWorldTranslationM": [
                -0.03021697304275025,
                -0.028861318241343203,
                0.10710099025179634
              ]
            },
            {
              "key": 82,
              "phase": 0.6721311475409836,
              "maxWitnessErrorM": 0.2306902296097758,
              "toeDownDegrees": [
                -1.713720998366765,
                4.737825745658626,
                2.35035610533393
              ],
              "metatarsalTargetM": 0.022150503007589674,
              "metatarsalBeforeToeLockM": 0.019991287453273377,
              "footRockerCorrectionDegrees": -11.82645397721974,
              "pivotLocalTranslationM": [
                -0.048047529763828464,
                0.03173566697902137,
                -0.09999999999999999
              ],
              "pivotWorldTranslationM": [
                -0.031870040966351224,
                -0.029504153886090116,
                0.10690892422941935
              ]
            },
            {
              "key": 83,
              "phase": 0.680327868852459,
              "maxWitnessErrorM": 0.24134022483380413,
              "toeDownDegrees": [
                -2.2637209983547293,
                4.187825745658635,
                1.8003561053339363
              ],
              "metatarsalTargetM": 0.029175311171620442,
              "metatarsalBeforeToeLockM": 0.020853207590937367,
              "footRockerCorrectionDegrees": -11.33035903539158,
              "pivotLocalTranslationM": [
                -0.04994555770596084,
                0.030601943915054608,
                -0.09999999999999999
              ],
              "pivotWorldTranslationM": [
                -0.03352532324822838,
                -0.030104220562792775,
                0.10677462887030492
              ]
            },
            {
              "key": 84,
              "phase": 0.6885245901639344,
              "maxWitnessErrorM": 0.2519299455043097,
              "toeDownDegrees": [
                -2.813720997679678,
                3.637825745680239,
                1.2503561053352497
              ],
              "metatarsalTargetM": 0.036383869018651774,
              "metatarsalBeforeToeLockM": 0.021677711025025095,
              "footRockerCorrectionDegrees": -10.864465193457926,
              "pivotLocalTranslationM": [
                -0.05174405725228704,
                0.029950546582866347,
                -0.09999999999999999
              ],
              "pivotWorldTranslationM": [
                -0.035178522461447356,
                -0.030904141152955582,
                0.10668591005517888
              ]
            },
            {
              "key": 85,
              "phase": 0.6967213114754097,
              "maxWitnessErrorM": 0.26237372997201414,
              "toeDownDegrees": [
                -3.363720997327429,
                3.087825745680252,
                0.7003561053352532
              ],
              "metatarsalTargetM": 0.04308278151849279,
              "metatarsalBeforeToeLockM": 0.022416690542325653,
              "footRockerCorrectionDegrees": -10.427470474121455,
              "pivotLocalTranslationM": [
                -0.053654340376367654,
                0.028804128633572335,
                -0.09999999999999999
              ],
              "pivotWorldTranslationM": [
                -0.03681962766301316,
                -0.031095768018062034,
                0.10670440216502562
              ]
            },
            {
              "key": 86,
              "phase": 0.7049180327868853,
              "maxWitnessErrorM": 0.2727201053496292,
              "toeDownDegrees": [
                -3.9137209971365645,
                2.537825745680252,
                0.15035610533525318
              ],
              "metatarsalTargetM": 0.0485786536409529,
              "metatarsalBeforeToeLockM": 0.023051663247212324,
              "footRockerCorrectionDegrees": -10.019438349619765,
              "pivotLocalTranslationM": [
                -0.05560045592578065,
                0.027559414904183448,
                -0.09999999999999999
              ],
              "pivotWorldTranslationM": [
                -0.038464230460262316,
                -0.031178530214795292,
                0.10676764249579107
              ]
            },
            {
              "key": 87,
              "phase": 0.7131147540983607,
              "maxWitnessErrorM": 0.28263556753383023,
              "toeDownDegrees": [
                -4.463720997125282,
                1.9878257456802524,
                -0.39964389466474687
              ],
              "metatarsalTargetM": 0.05217809035584105,
              "metatarsalBeforeToeLockM": 0.026246564583644164,
              "footRockerCorrectionDegrees": -9.269438349619767,
              "pivotLocalTranslationM": [
                -0.05837183578968692,
                0.02247830599195072,
                -0.09999999999999999
              ],
              "pivotWorldTranslationM": [
                -0.0400334703872457,
                -0.02733826648553605,
                0.10752897896321545
              ]
            },
            {
              "key": 88,
              "phase": 0.7213114754098361,
              "maxWitnessErrorM": 0.2921096695858354,
              "toeDownDegrees": [
                -4.546639851006367,
                1.4378259698921396,
                -0.6567477601495815
              ],
              "metatarsalTargetM": 0.053228775203608455,
              "metatarsalBeforeToeLockM": 0.030193764084447974,
              "footRockerCorrectionDegrees": -8.519438349680563,
              "pivotLocalTranslationM": [
                -0.061471155024975584,
                0.015905944031614987,
                -0.09999999999999999
              ],
              "pivotWorldTranslationM": [
                -0.04156842014510563,
                -0.02196074454519616,
                0.10872667453222293
              ]
            },
            {
              "key": 89,
              "phase": 0.7295081967213114,
              "maxWitnessErrorM": 0.3012892773060488,
              "toeDownDegrees": [
                -4.655057120915755,
                0.887827529354614,
                -1.1409882548445442
              ],
              "metatarsalTargetM": 0.053228775203608455,
              "metatarsalBeforeToeLockM": 0.03377025752946574,
              "footRockerCorrectionDegrees": -7.769438350041518,
              "pivotLocalTranslationM": [
                -0.06458077265152574,
                0.009223544752525471,
                -0.09999999999999999
              ],
              "pivotWorldTranslationM": [
                -0.04307144940875118,
                -0.0163232953851587,
                0.11015509999921454
              ]
            },
            {
              "key": 90,
              "phase": 0.7377049180327868,
              "maxWitnessErrorM": 0.3103967991860417,
              "toeDownDegrees": [
                -4.7199055900239255,
                0.33782974607272503,
                -1.690987598989422
              ],
              "metatarsalTargetM": 0.053228775203608455,
              "metatarsalBeforeToeLockM": 0.03669761519191369,
              "footRockerCorrectionDegrees": -7.264400327416879,
              "pivotLocalTranslationM": [
                -0.06745519742263645,
                0.00368403756482479,
                -0.09999999999999999
              ],
              "pivotWorldTranslationM": [
                -0.04458683622806222,
                -0.011376515107232654,
                0.1115632583119739
              ]
            },
            {
              "key": 91,
              "phase": 0.7459016393442622,
              "maxWitnessErrorM": 0.32054512989735995,
              "toeDownDegrees": [
                -4.327118165227124,
                0.3301254234145669,
                -1.9999692896621566
              ],
              "metatarsalTargetM": 0.053228775203608455,
              "metatarsalBeforeToeLockM": 0.03777163822701509,
              "footRockerCorrectionDegrees": -8.014396228336897,
              "pivotLocalTranslationM": [
                -0.06876687941042328,
                0.0055992511114760155,
                -0.09999999999999999
              ],
              "pivotWorldTranslationM": [
                -0.046266884534217734,
                -0.013290929381079732,
                0.11154800650236266
              ]
            },
            {
              "key": 92,
              "phase": 0.7540983606557378,
              "maxWitnessErrorM": 0.33053115707748837,
              "toeDownDegrees": [
                -4.174767982225178,
                0.48437251213126165,
                -1.92573299072943
              ],
              "metatarsalTargetM": 0.053228775203608455,
              "metatarsalBeforeToeLockM": 0.03793690625733277,
              "footRockerCorrectionDegrees": -8.764389537559408,
              "pivotLocalTranslationM": [
                -0.0686594644568146,
                0.013371176457191882,
                -0.09999999999999999
              ],
              "pivotWorldTranslationM": [
                -0.04789654743718798,
                -0.020411951238847308,
                0.11037290932380726
              ]
            },
            {
              "key": 93,
              "phase": 0.7622950819672131,
              "maxWitnessErrorM": 0.3367458433548648,
              "toeDownDegrees": [
                -3.6359880090044276,
                1.0255120493383196,
                -1.3974551850734118
              ],
              "metatarsalTargetM": 0.053228775203608455,
              "metatarsalBeforeToeLockM": 0.039731992028505025,
              "footRockerCorrectionDegrees": -9.51438953753136,
              "pivotLocalTranslationM": [
                -0.06699934281554532,
                0.02137117645714088,
                -0.09999999999999999
              ],
              "pivotWorldTranslationM": [
                -0.04808442861595444,
                -0.02721631847408745,
                0.10905408890523183
              ]
            },
            {
              "key": 94,
              "phase": 0.7704918032786885,
              "maxWitnessErrorM": 0.3366775000714157,
              "toeDownDegrees": [
                -3.0859880090044713,
                1.5194699406603265,
                -0.8862072973440407
              ],
              "metatarsalTargetM": 0.053228775203608455,
              "metatarsalBeforeToeLockM": 0.042354119080581745,
              "footRockerCorrectionDegrees": -10.05837769954817,
              "pivotLocalTranslationM": [
                -0.06344282901529415,
                0.029371176457139474,
                -0.09999999999999999
              ],
              "pivotWorldTranslationM": [
                -0.046447157445960424,
                -0.03349185227278034,
                0.10774326452442909
              ]
            },
            {
              "key": 95,
              "phase": 0.7786885245901639,
              "maxWitnessErrorM": 0.3285037240655212,
              "toeDownDegrees": [
                -2.7108159252530593,
                1.695268774068466,
                -0.6618204639458865
              ],
              "metatarsalTargetM": 0.053228775203608455,
              "metatarsalBeforeToeLockM": 0.04493672635977465,
              "footRockerCorrectionDegrees": -10.204743715827238,
              "pivotLocalTranslationM": [
                -0.057862279178894506,
                0.037371176457139464,
                -0.09999999999999999
              ],
              "pivotWorldTranslationM": [
                -0.04285716961717307,
                -0.03926266730097584,
                0.10661307975444703
              ]
            },
            {
              "key": 171,
              "phase": 0.401639344262295,
              "maxWitnessErrorM": 0.00023311909185123728,
              "toeDownDegrees": [
                -0.5405151980895304,
                -0.6736422249896886,
                -0.6684947179089696
              ],
              "metatarsalTargetM": 0.008963589851539618,
              "metatarsalBeforeToeLockM": 0.00932694352519831,
              "footRockerCorrectionDegrees": 0.7799513219085383,
              "pivotLocalTranslationM": [
                -0.00030706593393785395,
                -0.0005873114028208188,
                -0.0009061475478792914
              ],
              "pivotWorldTranslationM": [
                1.6004323966192947e-05,
                0.0010446618954799744,
                0.00041079462886555926
              ]
            },
            {
              "key": 172,
              "phase": 0.4098360655737705,
              "maxWitnessErrorM": 0.0007225261748579181,
              "toeDownDegrees": [
                -0.7263235682076418,
                -0.6185104614819973,
                -0.6909885077638099
              ],
              "metatarsalTargetM": 0.008963589851539618,
              "metatarsalBeforeToeLockM": 0.009052466157302486,
              "footRockerCorrectionDegrees": 0.47691735499102667,
              "pivotLocalTranslationM": [
                -0.0005812294820423299,
                0.006113177831380306,
                -0.008306803667791617
              ],
              "pivotWorldTranslationM": [
                0.0003961807262960334,
                -0.0002079423562146819,
                0.010320441343073614
              ]
            },
            {
              "key": 173,
              "phase": 0.4180327868852458,
              "maxWitnessErrorM": 0.0009745416202968941,
              "toeDownDegrees": [
                -0.4694957123127358,
                -0.16668382635510642,
                -0.2466249596619857
              ],
              "metatarsalTargetM": 0.008963589851539618,
              "metatarsalBeforeToeLockM": 0.008937680593110772,
              "footRockerCorrectionDegrees": -0.031081193379187303,
              "pivotLocalTranslationM": [
                -0.0010712174361275691,
                0.01241973608624694,
                -0.01651278195018308
              ],
              "pivotWorldTranslationM": [
                0.0008006318239725399,
                -0.0008316293409398635,
                0.020657601513700642
              ]
            },
            {
              "key": 174,
              "phase": 0.42622950819672134,
              "maxWitnessErrorM": 0.0011951686028694572,
              "toeDownDegrees": [
                -0.23089117339746057,
                0.23584358100393557,
                0.1598803091283959
              ],
              "metatarsalTargetM": 0.008963589851539618,
              "metatarsalBeforeToeLockM": 0.00884849832625918,
              "footRockerCorrectionDegrees": -0.48984339389944387,
              "pivotLocalTranslationM": [
                -0.0016223484625647923,
                0.018451547774684177,
                -0.024807772087933472
              ],
              "pivotWorldTranslationM": [
                0.0011878218893352395,
                -0.001380041280472994,
                0.03090633112774112
              ]
            },
            {
              "key": 175,
              "phase": 0.43442622950819665,
              "maxWitnessErrorM": 0.0018695268852332023,
              "toeDownDegrees": [
                -0.6792448629980748,
                0.06264455618033078,
                -0.12391893022218378
              ],
              "metatarsalTargetM": 0.008963589851539618,
              "metatarsalBeforeToeLockM": 0.008468337745086638,
              "footRockerCorrectionDegrees": -0.7164212778320369,
              "pivotLocalTranslationM": [
                -0.0018530158868490904,
                0.024896449664913552,
                -0.03202339084266411
              ],
              "pivotWorldTranslationM": [
                0.0015364866698729003,
                -0.0031441429901598768,
                0.04045389011218711
              ]
            },
            {
              "key": 176,
              "phase": 0.4426229508196722,
              "maxWitnessErrorM": 0.0012363176957706087,
              "toeDownDegrees": [
                -0.29624881021546395,
                0.1909322471131794,
                0.09331415600909111
              ],
              "metatarsalTargetM": 0.008963589851539618,
              "metatarsalBeforeToeLockM": 0.008809664403880679,
              "footRockerCorrectionDegrees": -0.4654859477693367,
              "pivotLocalTranslationM": [
                -0.0031278141857980887,
                0.029496424043695582,
                -0.04292757780932242
              ],
              "pivotWorldTranslationM": [
                0.002021859744586624,
                -0.0014901055848402338,
                0.05211803539373445
              ]
            },
            {
              "key": 177,
              "phase": 0.45081967213114726,
              "maxWitnessErrorM": 0.0009612868852083188,
              "toeDownDegrees": [
                -0.42840574040339685,
                -0.12787257201628155,
                -0.19915041822359952
              ],
              "metatarsalTargetM": 0.008963589851539618,
              "metatarsalBeforeToeLockM": 0.008951188563886731,
              "footRockerCorrectionDegrees": -0.059174812673146976,
              "pivotLocalTranslationM": [
                -0.004182814932548805,
                0.03420037680214378,
                -0.0528413276896059
              ],
              "pivotWorldTranslationM": [
                0.0024413338713130655,
                -0.0007983887659708984,
                0.0630299000392647
              ]
            },
            {
              "key": 178,
              "phase": 0.4590163934426228,
              "maxWitnessErrorM": 0.0011441763057091546,
              "toeDownDegrees": [
                -0.7131576512443829,
                -0.3665178135477982,
                -0.48683458939464663
              ],
              "metatarsalTargetM": 0.008963589851539618,
              "metatarsalBeforeToeLockM": 0.008831195787846939,
              "footRockerCorrectionDegrees": 0.04222660986989171,
              "pivotLocalTranslationM": [
                -0.0049429176604100025,
                0.03927429290658841,
                -0.06181381797949828
              ],
              "pivotWorldTranslationM": [
                0.0028352430901932898,
                -0.0012860517823976916,
                0.07333590974756875
              ]
            },
            {
              "key": 179,
              "phase": 0.4672131147540983,
              "maxWitnessErrorM": 0.0019152291407731404,
              "toeDownDegrees": [
                -1.0540604359238999,
                -0.37699912083238035,
                -0.5872573055868574
              ],
              "metatarsalTargetM": 0.008963589851539618,
              "metatarsalBeforeToeLockM": 0.008429341440568335,
              "footRockerCorrectionDegrees": -0.391069157126193,
              "pivotLocalTranslationM": [
                -0.005364366146634607,
                0.044724101545834886,
                -0.06915169267394027
              ],
              "pivotWorldTranslationM": [
                0.00308710601421517,
                -0.003300777378886323,
                0.08240479258419611
              ]
            },
            {
              "key": 180,
              "phase": 0.47540983606557363,
              "maxWitnessErrorM": 0.002622290898338757,
              "toeDownDegrees": [
                -1.2991766362382633,
                -0.32538852041486166,
                -0.6071420050002834
              ],
              "metatarsalTargetM": 0.008963589851539618,
              "metatarsalBeforeToeLockM": 0.008173954438386706,
              "footRockerCorrectionDegrees": -0.7339471274623591,
              "pivotLocalTranslationM": [
                -0.006071058365201108,
                0.04939575976612619,
                -0.07691365781787556
              ],
              "pivotWorldTranslationM": [
                0.003267897135061301,
                -0.004720089531400858,
                0.09143056045128649
              ]
            },
            {
              "key": 181,
              "phase": 0.48360655737704916,
              "maxWitnessErrorM": 0.0037206212261933777,
              "toeDownDegrees": [
                -1.5369246433770953,
                -0.17959421917342092,
                -0.5092213232616044
              ],
              "metatarsalTargetM": 0.008963589851539618,
              "metatarsalBeforeToeLockM": 0.008146735067661887,
              "footRockerCorrectionDegrees": -1.0961075994851601,
              "pivotLocalTranslationM": [
                -0.006967007092263065,
                0.05339605618131298,
                -0.08483552983931879
              ],
              "pivotWorldTranslationM": [
                0.0033918901365831457,
                -0.005800311838802301,
                0.10025762822206685
              ]
            },
            {
              "key": 182,
              "phase": 0.49180327868852447,
              "maxWitnessErrorM": 0.004972267105565103,
              "toeDownDegrees": [
                -1.803746664597231,
                -0.021814817312069416,
                -0.4062983843875192
              ],
              "metatarsalTargetM": 0.008963589851539618,
              "metatarsalBeforeToeLockM": 0.00813266524104459,
              "footRockerCorrectionDegrees": -1.512997955178658,
              "pivotLocalTranslationM": [
                -0.00788227125042068,
                0.057175002037341924,
                -0.09278647663621613
              ],
              "pivotWorldTranslationM": [
                0.003515984064789389,
                -0.007043082470134375,
                0.10898838815664122
              ]
            },
            {
              "key": 183,
              "phase": 0.5,
              "maxWitnessErrorM": 0.007131816856881912,
              "toeDownDegrees": [
                -2.1265616760988886,
                0.15696299619582219,
                -0.2883728654458666
              ],
              "metatarsalTargetM": 0.008963589851539618,
              "metatarsalBeforeToeLockM": 0.00811904586996537,
              "footRockerCorrectionDegrees": -2.0145652452232943,
              "pivotLocalTranslationM": [
                -0.008860823436694665,
                0.06047871253468658,
                -0.09997986351994373
              ],
              "pivotWorldTranslationM": [
                0.0034657431914148634,
                -0.008561096661827847,
                0.11681974157062289
              ]
            },
            {
              "key": 184,
              "phase": 0.5081967213114755,
              "maxWitnessErrorM": 0.01626539939967042,
              "toeDownDegrees": [
                -2.676561676098888,
                0.24502648098812674,
                -0.32252228638167835
              ],
              "metatarsalTargetM": 0.008963589851539618,
              "metatarsalBeforeToeLockM": 0.008291733957280417,
              "footRockerCorrectionDegrees": -2.764565245223294,
              "pivotLocalTranslationM": [
                -0.010236108397897362,
                0.06127184732647221,
                -0.09999999999999999
              ],
              "pivotWorldTranslationM": [
                0.0018451459017093282,
                -0.01103058784341155,
                0.1171918617482539
              ]
            },
            {
              "key": 185,
              "phase": 0.5163934426229506,
              "maxWitnessErrorM": 0.025500879513985275,
              "toeDownDegrees": [
                -3.2265616760988873,
                0.2909418732226864,
                -0.4727891758209872
              ],
              "metatarsalTargetM": 0.008963589851539618,
              "metatarsalBeforeToeLockM": 0.0085520879350705,
              "footRockerCorrectionDegrees": -3.5145652452232934,
              "pivotLocalTranslationM": [
                -0.011593623782258507,
                0.06199211981080429,
                -0.09999999999999999
              ],
              "pivotWorldTranslationM": [
                0.00024387353089999272,
                -0.013545113353397302,
                0.11744743108160226
              ]
            },
            {
              "key": 186,
              "phase": 0.5245901639344261,
              "maxWitnessErrorM": 0.0348972499650666,
              "toeDownDegrees": [
                -3.776561676098887,
                0.35442184036864854,
                -0.5932413043314135
              ],
              "metatarsalTargetM": 0.008963589851539618,
              "metatarsalBeforeToeLockM": 0.008763981748804661,
              "footRockerCorrectionDegrees": -4.2645652452232925,
              "pivotLocalTranslationM": [
                -0.012949686088423064,
                0.06265772159903413,
                -0.09999999999999999
              ],
              "pivotWorldTranslationM": [
                -0.0013538392431823865,
                -0.016098920729991223,
                0.11761237107513924
              ]
            },
            {
              "key": 187,
              "phase": 0.5327868852459015,
              "maxWitnessErrorM": 0.044457797523957954,
              "toeDownDegrees": [
                -4.326561676098886,
                0.4348340397738545,
                -0.685471361084306
              ],
              "metatarsalTargetM": 0.008963589851539618,
              "metatarsalBeforeToeLockM": 0.008929013450023435,
              "footRockerCorrectionDegrees": -5.014565245223292,
              "pivotLocalTranslationM": [
                -0.014306582755507837,
                0.06326168294202386,
                -0.09999999999999999
              ],
              "pivotWorldTranslationM": [
                -0.0029497368254054503,
                -0.018697693662778438,
                0.11767925715956272
              ]
            },
            {
              "key": 188,
              "phase": 0.540983606557377,
              "maxWitnessErrorM": 0.054356618319328476,
              "toeDownDegrees": [
                -4.816614965392854,
                0.5158700655529911,
                -0.776393364138116
              ],
              "metatarsalTargetM": 0.008963589851539618,
              "metatarsalBeforeToeLockM": 0.009070259120437478,
              "footRockerCorrectionDegrees": -5.697370399172778,
              "pivotLocalTranslationM": [
                -0.015703496985452488,
                0.06351511530160527,
                -0.09999999999997126
              ],
              "pivotWorldTranslationM": [
                -0.0045294188340378495,
                -0.02109700761810953,
                0.11753792444703591
              ]
            },
            {
              "key": 189,
              "phase": 0.5491803278688525,
              "maxWitnessErrorM": 0.06569910081352637,
              "toeDownDegrees": [
                -4.705401858417005,
                0.4958384966634132,
                -0.9478897382124316
              ],
              "metatarsalTargetM": 0.008963589851539618,
              "metatarsalBeforeToeLockM": 0.009387185779586277,
              "footRockerCorrectionDegrees": -5.813735069093979,
              "pivotLocalTranslationM": [
                -0.01794254282483748,
                0.06133189988675299,
                -0.09999999999994733
              ],
              "pivotWorldTranslationM": [
                -0.00647924092554265,
                -0.021198318354570454,
                0.11658550954672267
              ]
            },
            {
              "key": 190,
              "phase": 0.5573770491803278,
              "maxWitnessErrorM": 0.07686525475941663,
              "toeDownDegrees": [
                -4.155401858417005,
                1.0458384966634129,
                -0.585238385599576
              ],
              "metatarsalTargetM": 0.008963589851539618,
              "metatarsalBeforeToeLockM": 0.010112420426289598,
              "footRockerCorrectionDegrees": -6.563735069092163,
              "pivotLocalTranslationM": [
                -0.020078929578283392,
                0.05920823430082739,
                -0.09999999999999999
              ],
              "pivotWorldTranslationM": [
                -0.008338438621130147,
                -0.021503801815955296,
                0.11565824235838837
              ]
            },
            {
              "key": 191,
              "phase": 0.5655737704918034,
              "maxWitnessErrorM": 0.08805023389003419,
              "toeDownDegrees": [
                -3.6054018584170064,
                1.595838496663413,
                -0.12061744509779972
              ],
              "metatarsalTargetM": 0.008963589851539618,
              "metatarsalBeforeToeLockM": 0.010792389654125125,
              "footRockerCorrectionDegrees": -7.313735069092154,
              "pivotLocalTranslationM": [
                -0.022185058826417806,
                0.05698944822743068,
                -0.09999999999999999
              ],
              "pivotWorldTranslationM": [
                -0.010145980732579718,
                -0.02184937171670701,
                0.11471543867749881
              ]
            },
            {
              "key": 192,
              "phase": 0.5737704918032784,
              "maxWitnessErrorM": 0.09923362567143956,
              "toeDownDegrees": [
                -3.0554018584399087,
                2.1458384966634125,
                0.3579195042104019
              ],
              "metatarsalTargetM": 0.008963589851539618,
              "metatarsalBeforeToeLockM": 0.011470758569918145,
              "footRockerCorrectionDegrees": -8.063735069092152,
              "pivotLocalTranslationM": [
                -0.024277757369499955,
                0.05470333006603221,
                -0.09999999999999999
              ],
              "pivotWorldTranslationM": [
                -0.011920684915353499,
                -0.022240371887151663,
                0.11377662716029084
              ]
            },
            {
              "key": 193,
              "phase": 0.581967213114754,
              "maxWitnessErrorM": 0.11039159170238422,
              "toeDownDegrees": [
                -2.660147210317411,
                2.6958384966634124,
                0.8445867689177682
              ],
              "metatarsalTargetM": 0.008963589851539618,
              "metatarsalBeforeToeLockM": 0.01226089753738183,
              "footRockerCorrectionDegrees": -8.81373506909215,
              "pivotLocalTranslationM": [
                -0.026338256566495206,
                0.052416569943043674,
                -0.09999999999999999
              ],
              "pivotWorldTranslationM": [
                -0.013655038800034606,
                -0.022719670893257986,
                0.11286518994229297
              ]
            },
            {
              "key": 194,
              "phase": 0.5901639344262295,
              "maxWitnessErrorM": 0.12151546535473379,
              "toeDownDegrees": [
                -2.2927772138368345,
                3.2458384966634117,
                1.343220487501655
              ],
              "metatarsalTargetM": 0.008963589851539618,
              "metatarsalBeforeToeLockM": 0.013069754021068244,
              "footRockerCorrectionDegrees": -9.563735069092145,
              "pivotLocalTranslationM": [
                -0.028380171245795168,
                0.05013042698522166,
                -0.09999999999999999
              ],
              "pivotWorldTranslationM": [
                -0.015360666605427512,
                -0.023255707969566775,
                0.11198977627679374
              ]
            },
            {
              "key": 195,
              "phase": 0.5983606557377048,
              "maxWitnessErrorM": 0.13259410802888505,
              "toeDownDegrees": [
                -1.8852605340524626,
                3.795838496663411,
                1.85565894516266
              ],
              "metatarsalTargetM": 0.008963589851539618,
              "metatarsalBeforeToeLockM": 0.013847694679917187,
              "footRockerCorrectionDegrees": -10.313735069091718,
              "pivotLocalTranslationM": [
                -0.030409910522453253,
                0.04785969477252004,
                -0.09999999999999999
              ],
              "pivotWorldTranslationM": [
                -0.017045136310267765,
                -0.0238284682808864,
                0.11116193044471234
              ]
            },
            {
              "key": 196,
              "phase": 0.6065573770491803,
              "maxWitnessErrorM": 0.1436161319338699,
              "toeDownDegrees": [
                -1.4403311287492988,
                4.3458384966634105,
                2.38111500290895
              ],
              "metatarsalTargetM": 0.008963589851539618,
              "metatarsalBeforeToeLockM": 0.014596800300883317,
              "footRockerCorrectionDegrees": -11.063735069091715,
              "pivotLocalTranslationM": [
                -0.032426196764556846,
                0.045634487452814745,
                -0.09999999999999999
              ],
              "pivotWorldTranslationM": [
                -0.018712043173512424,
                -0.024434008986962324,
                0.11039383020764729
              ]
            },
            {
              "key": 197,
              "phase": 0.6147540983606556,
              "maxWitnessErrorM": 0.15457374421016223,
              "toeDownDegrees": [
                -0.9612226347363415,
                4.895838496663409,
                2.918880675466688
              ],
              "metatarsalTargetM": 0.008963589851539618,
              "metatarsalBeforeToeLockM": 0.015319312234284992,
              "footRockerCorrectionDegrees": -11.813733541782069,
              "pivotLocalTranslationM": [
                -0.034428294494117405,
                0.04348128952599091,
                -0.09999999999999999
              ],
              "pivotWorldTranslationM": [
                -0.020365271631255098,
                -0.025066346046687796,
                0.10969438695911474
              ]
            },
            {
              "key": 198,
              "phase": 0.6229508196721312,
              "maxWitnessErrorM": 0.16558391815299434,
              "toeDownDegrees": [
                -0.5574290070939312,
                5.445838496650562,
                3.348936743775483
              ],
              "metatarsalTargetM": 0.008963589851539618,
              "metatarsalBeforeToeLockM": 0.015873478514616922,
              "footRockerCorrectionDegrees": -12.448066294702059,
              "pivotLocalTranslationM": [
                -0.036431954439822396,
                0.04138425097264144,
                -0.09999999999999999
              ],
              "pivotWorldTranslationM": [
                -0.022016299995046174,
                -0.025679058783220562,
                0.109067899149376
              ]
            },
            {
              "key": 199,
              "phase": 0.6311475409836065,
              "maxWitnessErrorM": 0.1765767357765965,
              "toeDownDegrees": [
                -0.1756276945090731,
                5.995838496650511,
                3.7692036283194583
              ],
              "metatarsalTargetM": 0.008963589851539618,
              "metatarsalBeforeToeLockM": 0.01641464448384802,
              "footRockerCorrectionDegrees": -13.02253128751604,
              "pivotLocalTranslationM": [
                -0.03842235280096097,
                0.03940617501376858,
                -0.09999999999999999
              ],
              "pivotWorldTranslationM": [
                -0.02366362177412569,
                -0.026310595688772465,
                0.10852144528273752
              ]
            },
            {
              "key": 200,
              "phase": 0.6393442622950818,
              "maxWitnessErrorM": 0.18757767584430862,
              "toeDownDegrees": [
                0.16806435529387076,
                6.545838496639237,
                4.179497009117435
              ],
              "metatarsalTargetM": 0.008963589851539618,
              "metatarsalBeforeToeLockM": 0.0169598992476857,
              "footRockerCorrectionDegrees": -13.519530111563345,
              "pivotLocalTranslationM": [
                -0.04040727572893815,
                0.037533273174248344,
                -0.09999999999999999
              ],
              "pivotWorldTranslationM": [
                -0.02531215168361964,
                -0.02692533822381571,
                0.10805466416645802
              ]
            },
            {
              "key": 201,
              "phase": 0.6475409836065573,
              "maxWitnessErrorM": 0.19839509539216682,
              "toeDownDegrees": [
                -0.38193563653934715,
                5.995838496639263,
                3.629497009117436
              ],
              "metatarsalTargetM": 0.009112553259643316,
              "metatarsalBeforeToeLockM": 0.01758472582069761,
              "footRockerCorrectionDegrees": -13.027943605921916,
              "pivotLocalTranslationM": [
                -0.042396177286214524,
                0.03572840415579539,
                -0.09999999999999999
              ],
              "pivotWorldTranslationM": [
                -0.026963424952183266,
                -0.027461574882516167,
                0.10766979701366663
              ]
            },
            {
              "key": 202,
              "phase": 0.6557377049180326,
              "maxWitnessErrorM": 0.20917312065807048,
              "toeDownDegrees": [
                -0.9319356138588963,
                5.445838496639263,
                3.0794970091174365
              ],
              "metatarsalTargetM": 0.011425401659411175,
              "metatarsalBeforeToeLockM": 0.0183155655236861,
              "footRockerCorrectionDegrees": -12.515210275945739,
              "pivotLocalTranslationM": [
                -0.044347191303868605,
                0.03416328734570043,
                -0.09999999999999999
              ],
              "pivotWorldTranslationM": [
                -0.028614463142346728,
                -0.02808877205900496,
                0.10735935860884499
              ]
            },
            {
              "key": 203,
              "phase": 0.6639344262295082,
              "maxWitnessErrorM": 0.21991041593803962,
              "toeDownDegrees": [
                -1.4819356004422737,
                4.8958384966393185,
                2.529497009117437
              ],
              "metatarsalTargetM": 0.01600185154954463,
              "metatarsalBeforeToeLockM": 0.01914124679526261,
              "footRockerCorrectionDegrees": -11.99891089500555,
              "pivotLocalTranslationM": [
                -0.04627174000897161,
                0.032787346372536524,
                -0.09999999999999999
              ],
              "pivotWorldTranslationM": [
                -0.030266882988880122,
                -0.028749384184494707,
                0.10711427393577624
              ]
            },
            {
              "key": 204,
              "phase": 0.6721311475409835,
              "maxWitnessErrorM": 0.2306056488360565,
              "toeDownDegrees": [
                -2.031935600402866,
                4.3458384966393195,
                1.9794970091174404
              ],
              "metatarsalTargetM": 0.0221486099774047,
              "metatarsalBeforeToeLockM": 0.02000896082068781,
              "footRockerCorrectionDegrees": -11.487128748761782,
              "pivotLocalTranslationM": [
                -0.04818126885855902,
                0.03154986966660953,
                -0.09999999999999999
              ],
              "pivotWorldTranslationM": [
                -0.0319219340599389,
                -0.029389908907601656,
                0.10693010495547368
              ]
            },
            {
              "key": 205,
              "phase": 0.680327868852459,
              "maxWitnessErrorM": 0.24124612040064108,
              "toeDownDegrees": [
                -2.5819356002923963,
                3.7958384966451915,
                1.4294970091178087
              ],
              "metatarsalTargetM": 0.029172383990352966,
              "metatarsalBeforeToeLockM": 0.02087354257693256,
              "footRockerCorrectionDegrees": -10.991635676236235,
              "pivotLocalTranslationM": [
                -0.05007982118878381,
                0.030425434081284123,
                -0.09999999999999999
              ],
              "pivotWorldTranslationM": [
                -0.033579032527298866,
                -0.029988279616466426,
                0.10680281951416792
              ]
            },
            {
              "key": 206,
              "phase": 0.6885245901639345,
              "maxWitnessErrorM": 0.25182901598383745,
              "toeDownDegrees": [
                -3.13193560029231,
                3.2458384966451947,
                0.87949700911781
              ],
              "metatarsalTargetM": 0.036379880635750504,
              "metatarsalBeforeToeLockM": 0.0216986819036903,
              "footRockerCorrectionDegrees": -10.52565113363617,
              "pivotLocalTranslationM": [
                -0.05187947932045676,
                0.02978037641412278,
                -0.09999999999999999
              ],
              "pivotWorldTranslationM": [
                -0.03523421477707013,
                -0.030786329167091914,
                0.10671971857380277
              ]
            },
            {
              "key": 207,
              "phase": 0.6967213114754098,
              "maxWitnessErrorM": 0.2622657039976919,
              "toeDownDegrees": [
                -3.681935600289735,
                2.6958384966451954,
                0.32949700911781094
              ],
              "metatarsalTargetM": 0.04307780696095837,
              "metatarsalBeforeToeLockM": 0.022443741513191104,
              "footRockerCorrectionDegrees": -10.090822778749159,
              "pivotLocalTranslationM": [
                -0.0537898836085496,
                0.028641849869386074,
                -0.09999999999999999
              ],
              "pivotWorldTranslationM": [
                -0.03687689842245977,
                -0.030978460725903656,
                0.10674329780799835
              ]
            },
            {
              "key": 208,
              "phase": 0.7049180327868851,
              "maxWitnessErrorM": 0.27260917112692096,
              "toeDownDegrees": [
                -4.23193559982035,
                2.1458384966451955,
                -0.2205029908821889
              ],
              "metatarsalTargetM": 0.04857287001333806,
              "metatarsalBeforeToeLockM": 0.023075836203356896,
              "footRockerCorrectionDegrees": -9.681699290839811,
              "pivotLocalTranslationM": [
                -0.05573635434406394,
                0.027404203223257855,
                -0.09999999999999999
              ],
              "pivotWorldTranslationM": [
                -0.03852331346637628,
                -0.03106053989019595,
                0.10681162831795346
              ]
            },
            {
              "key": 209,
              "phase": 0.7131147540983604,
              "maxWitnessErrorM": 0.2825169176859841,
              "toeDownDegrees": [
                -4.781935599820349,
                1.595838496645196,
                -0.7705020703127331
              ],
              "metatarsalTargetM": 0.052171776840250844,
              "metatarsalBeforeToeLockM": 0.026296257989225198,
              "footRockerCorrectionDegrees": -8.931699290839813,
              "pivotLocalTranslationM": [
                -0.05851196998948164,
                0.022304802228465176,
                -0.09999999999999999
              ],
              "pivotWorldTranslationM": [
                -0.04009295704498654,
                -0.0271949592527892,
                0.10758317366588611
              ]
            },
            {
              "key": 210,
              "phase": 0.721311475409836,
              "maxWitnessErrorM": 0.2919861659765831,
              "toeDownDegrees": [
                -4.8634025011953455,
                1.0458386419387398,
                -1.0120209711857466
              ],
              "metatarsalTargetM": 0.05322230701235352,
              "metatarsalBeforeToeLockM": 0.030245836663128595,
              "footRockerCorrectionDegrees": -8.181699290925263,
              "pivotLocalTranslationM": [
                -0.06161312186999108,
                0.01572720510676256,
                -0.09999999999999999
              ],
              "pivotWorldTranslationM": [
                -0.04162921433700647,
                -0.021805950709618216,
                0.10878890776380361
              ]
            },
            {
              "key": 211,
              "phase": 0.7295081967213115,
              "maxWitnessErrorM": 0.30117202855257574,
              "toeDownDegrees": [
                -4.972703423333412,
                0.49584048531806935,
                -1.4976588306671381
              ],
              "metatarsalTargetM": 0.05322230701235352,
              "metatarsalBeforeToeLockM": 0.033813786384689626,
              "footRockerCorrectionDegrees": -7.431699290926795,
              "pivotLocalTranslationM": [
                -0.06471952110263657,
                0.009061929961803198,
                -0.09999999999999999
              ],
              "pivotWorldTranslationM": [
                -0.043133896375517865,
                -0.016180037805890828,
                0.1102197992968126
              ]
            },
            {
              "key": 212,
              "phase": 0.7377049180327868,
              "maxWitnessErrorM": 0.31029637249976905,
              "toeDownDegrees": [
                -5.0357601930685245,
                -0.05415798481442855,
                -2.0476588306669616
              ],
              "metatarsalTargetM": 0.05322230701235352,
              "metatarsalBeforeToeLockM": 0.03672335505640071,
              "footRockerCorrectionDegrees": -6.935415664538542,
              "pivotLocalTranslationM": [
                -0.06758382121544844,
                0.0035748584368855366,
                -0.09999999999999999
              ],
              "pivotWorldTranslationM": [
                -0.044652316286377586,
                -0.011280291051374746,
                0.11162111834885581
              ]
            },
            {
              "key": 213,
              "phase": 0.7459016393442623,
              "maxWitnessErrorM": 0.3204898195961856,
              "toeDownDegrees": [
                -4.625214772769496,
                -0.0021126535984046305,
                -2.335206026881353
              ],
              "metatarsalTargetM": 0.05322230701235352,
              "metatarsalBeforeToeLockM": 0.037831619009102785,
              "footRockerCorrectionDegrees": -7.685407100674623,
              "pivotLocalTranslationM": [
                -0.06892634545084685,
                0.005364224058419159,
                -0.09999999999999999
              ],
              "pivotWorldTranslationM": [
                -0.046333926835166336,
                -0.0130626588980902,
                0.1116339823337294
              ]
            },
            {
              "key": 214,
              "phase": 0.7540983606557377,
              "maxWitnessErrorM": 0.33048064765220353,
              "toeDownDegrees": [
                -4.474396454385007,
                0.14944579798153476,
                -2.263268945630673
              ],
              "metatarsalTargetM": 0.05322230701235352,
              "metatarsalBeforeToeLockM": 0.03798709223166383,
              "footRockerCorrectionDegrees": -8.435406693089254,
              "pivotLocalTranslationM": [
                -0.06881508010899605,
                0.013158024026134528,
                -0.09999999999999999
              ],
              "pivotWorldTranslationM": [
                -0.047964784849996445,
                -0.020200149575776795,
                0.11045351024566699
              ]
            },
            {
              "key": 215,
              "phase": 0.762295081967213,
              "maxWitnessErrorM": 0.3366975860820788,
              "toeDownDegrees": [
                -3.9357064145501224,
                0.6906975773195945,
                -1.7327070204210422
              ],
              "metatarsalTargetM": 0.05322230701235352,
              "metatarsalBeforeToeLockM": 0.039786198138846623,
              "footRockerCorrectionDegrees": -9.185406693089252,
              "pivotLocalTranslationM": [
                -0.06715214724354432,
                0.021158024025704155,
                -0.09999999999999999
              ],
              "pivotWorldTranslationM": [
                -0.04815015236286878,
                -0.02699949782037101,
                0.10913138075207307
              ]
            },
            {
              "key": 216,
              "phase": 0.7704918032786883,
              "maxWitnessErrorM": 0.33664409050232313,
              "toeDownDegrees": [
                -3.385706414550123,
                1.2357587595926445,
                -1.1827070208974915
              ],
              "metatarsalTargetM": 0.05322230701235352,
              "metatarsalBeforeToeLockM": 0.04246467960427644,
              "footRockerCorrectionDegrees": -9.77322043771009,
              "pivotLocalTranslationM": [
                -0.06356811770299578,
                0.029158024025697546,
                -0.09999999999999999
              ],
              "pivotWorldTranslationM": [
                -0.04648709237420945,
                -0.033274168376998196,
                0.1078094198981919
              ]
            },
            {
              "key": 217,
              "phase": 0.7786885245901638,
              "maxWitnessErrorM": 0.3284804614583612,
              "toeDownDegrees": [
                -2.8357064171553445,
                1.577398172217299,
                -0.7802565484950038
              ],
              "metatarsalTargetM": 0.05322230701235352,
              "metatarsalBeforeToeLockM": 0.045065986597378455,
              "footRockerCorrectionDegrees": -10.072191517538998,
              "pivotLocalTranslationM": [
                -0.05798028342660389,
                0.03715802402569754,
                -0.09999999999999999
              ],
              "pivotWorldTranslationM": [
                -0.04289085625393704,
                -0.03903984092718331,
                0.10667095163741366
              ]
            }
          ],
          "passiveIntegration": [
            {
              "cycle": 0,
              "bone": "Bone_044",
              "anchorKey": 95,
              "lagKeys": [
                96,
                97,
                98,
                99,
                100,
                101,
                102,
                103
              ],
              "restOrientation": "release_orientation",
              "activeTarget": null,
              "translationCorrection": false,
              "initialAngularSpeedRadS": 0.32167297590661537,
              "finalAngularSpeedRadS": 0.10021119674650461,
              "mechanics": {
                "springK": 14.0,
                "dampingC": 7.0
              }
            },
            {
              "cycle": 0,
              "bone": "Bone_050",
              "anchorKey": 95,
              "lagKeys": [
                96,
                97,
                98,
                99,
                100,
                101,
                102,
                103
              ],
              "restOrientation": "release_orientation",
              "activeTarget": null,
              "translationCorrection": false,
              "initialAngularSpeedRadS": 0.10687098206399231,
              "finalAngularSpeedRadS": 0.03329365477445645,
              "mechanics": {
                "springK": 14.0,
                "dampingC": 7.0
              }
            },
            {
              "cycle": 0,
              "bone": "Bone_047",
              "anchorKey": 95,
              "lagKeys": [
                96,
                97,
                98,
                99,
                100,
                101,
                102,
                103
              ],
              "restOrientation": "release_orientation",
              "activeTarget": null,
              "translationCorrection": false,
              "initialAngularSpeedRadS": 0.16157067664121902,
              "finalAngularSpeedRadS": 0.0503343211213973,
              "mechanics": {
                "springK": 14.0,
                "dampingC": 7.0
              }
            },
            {
              "cycle": 0,
              "bone": "Bone_008",
              "anchorKey": 95,
              "lagKeys": [
                96,
                97,
                98,
                99,
                100,
                101,
                102,
                103
              ],
              "restOrientation": "release_orientation",
              "activeTarget": null,
              "translationCorrection": false,
              "initialAngularSpeedRadS": 2.368586988693599,
              "finalAngularSpeedRadS": 0.7378889571503594,
              "mechanics": {
                "springK": 14.0,
                "dampingC": 7.0
              }
            },
            {
              "cycle": 0,
              "bone": "Bone_008",
              "anchorKey": 95,
              "lagKeys": [
                96,
                97,
                98,
                99,
                100,
                101,
                102,
                103
              ],
              "restOrientation": "rest_local_translation",
              "activeTarget": null,
              "translationCorrection": "passive_decay_only",
              "initialLinearSpeedMps": 0.5848293722914238,
              "finalLinearSpeedMps": 0.23604596341533493,
              "mechanics": {
                "springK": 14.0,
                "dampingC": 7.0
              }
            },
            {
              "cycle": 1,
              "bone": "Bone_044",
              "anchorKey": 217,
              "lagKeys": [
                218,
                219,
                220,
                221,
                222,
                223,
                224,
                225
              ],
              "restOrientation": "release_orientation",
              "activeTarget": null,
              "translationCorrection": false,
              "initialAngularSpeedRadS": 0.5046219405655292,
              "finalAngularSpeedRadS": 0.15720552348573968,
              "mechanics": {
                "springK": 14.0,
                "dampingC": 7.0
              }
            },
            {
              "cycle": 1,
              "bone": "Bone_050",
              "anchorKey": 217,
              "lagKeys": [
                218,
                219,
                220,
                221,
                222,
                223,
                224,
                225
              ],
              "restOrientation": "release_orientation",
              "activeTarget": null,
              "translationCorrection": false,
              "initialAngularSpeedRadS": 0.2804151354763994,
              "finalAngularSpeedRadS": 0.0873580885454335,
              "mechanics": {
                "springK": 14.0,
                "dampingC": 7.0
              }
            },
            {
              "cycle": 1,
              "bone": "Bone_047",
              "anchorKey": 217,
              "lagKeys": [
                218,
                219,
                220,
                221,
                222,
                223,
                224,
                225
              ],
              "restOrientation": "release_orientation",
              "activeTarget": null,
              "translationCorrection": false,
              "initialAngularSpeedRadS": 0.3479056715533771,
              "finalAngularSpeedRadS": 0.10838350222923804,
              "mechanics": {
                "springK": 14.0,
                "dampingC": 7.0
              }
            },
            {
              "cycle": 1,
              "bone": "Bone_008",
              "anchorKey": 217,
              "lagKeys": [
                218,
                219,
                220,
                221,
                222,
                223,
                224,
                225
              ],
              "restOrientation": "release_orientation",
              "activeTarget": null,
              "translationCorrection": false,
              "initialAngularSpeedRadS": 2.2111967058340056,
              "finalAngularSpeedRadS": 0.6888569594913161,
              "mechanics": {
                "springK": 14.0,
                "dampingC": 7.0
              }
            },
            {
              "cycle": 1,
              "bone": "Bone_008",
              "anchorKey": 217,
              "lagKeys": [
                218,
                219,
                220,
                221,
                222,
                223,
                224,
                225
              ],
              "restOrientation": "rest_local_translation",
              "activeTarget": null,
              "translationCorrection": "passive_decay_only",
              "initialLinearSpeedMps": 0.5850793597129232,
              "finalLinearSpeedMps": 0.23636492811743962,
              "mechanics": {
                "springK": 14.0,
                "dampingC": 7.0
              }
            }
          ]
        },
        "r": {
          "activeToeContactKeys": 34,
          "rockerOnset": 0.614,
          "visibleRockerRiseEnd": 0.72,
          "release": 0.78,
          "passiveLagEnd": 0.85,
          "receivingArm": 0.85,
          "flatten": 0.88,
          "witnessVertexIndices": [
            41588,
            41368,
            41936
          ],
          "metatarsalWitnessVertexIndices": [
            43528,
            43526,
            43554,
            43668,
            43810,
            43805,
            43889,
            43851,
            43900
          ],
          "contactLock": [
            {
              "key": 0,
              "phase": 0.5,
              "maxWitnessErrorM": 0.0,
              "toeDownDegrees": [
                0.0,
                0.0,
                0.0
              ],
              "metatarsalTargetM": 0.054904076099327265,
              "metatarsalBeforeToeLockM": 0.054904076099327265,
              "footRockerCorrectionDegrees": 0.0,
              "pivotLocalTranslationM": [
                0.0,
                0.0,
                0.0
              ],
              "pivotWorldTranslationM": [
                0.0,
                0.0,
                0.0
              ]
            },
            {
              "key": 1,
              "phase": 0.5081967213114754,
              "maxWitnessErrorM": 0.0012599037926248613,
              "toeDownDegrees": [
                0.5468268147171762,
                0.5499999999837205,
                0.39255020046554867
              ],
              "metatarsalTargetM": 0.054904076099327265,
              "metatarsalBeforeToeLockM": 0.054676758686098684,
              "footRockerCorrectionDegrees": -0.544992801720626,
              "pivotLocalTranslationM": [
                0.0014229763328136526,
                0.004403757329974994,
                -0.007999999999999998
              ],
              "pivotWorldTranslationM": [
                0.000375728888191528,
                -0.00034145578912862795,
                0.009228225225943876
              ]
            },
            {
              "key": 2,
              "phase": 0.5163934426229508,
              "maxWitnessErrorM": 0.0026572864590254097,
              "toeDownDegrees": [
                1.0927122179264575,
                1.0999999999836545,
                0.7785332637686545
              ],
              "metatarsalTargetM": 0.054904076099327265,
              "metatarsalBeforeToeLockM": 0.05443493482376069,
              "footRockerCorrectionDegrees": -1.0960769818383729,
              "pivotLocalTranslationM": [
                0.002881930729095395,
                0.008476990120263048,
                -0.015999999999999997
              ],
              "pivotWorldTranslationM": [
                0.0007470566005724853,
                -0.000704769703759503,
                0.018306008690492887
              ]
            },
            {
              "key": 3,
              "phase": 0.5245901639344261,
              "maxWitnessErrorM": 0.004204019834987527,
              "toeDownDegrees": [
                1.637665485696356,
                1.6499999998770334,
                1.15879441517267
              ],
              "metatarsalTargetM": 0.054904076099327265,
              "metatarsalBeforeToeLockM": 0.05418029818530025,
              "footRockerCorrectionDegrees": -1.652127823169564,
              "pivotLocalTranslationM": [
                0.004382549845455719,
                0.012188724163407275,
                -0.023999999999999994
              ],
              "pivotWorldTranslationM": [
                0.0011137291080577224,
                -0.001086392358416833,
                0.027227757787738643
              ]
            },
            {
              "key": 4,
              "phase": 0.5327868852459017,
              "maxWitnessErrorM": 0.0058970745246638145,
              "toeDownDegrees": [
                2.181671468570762,
                2.1999999998770328,
                1.5342810394163304
              ],
              "metatarsalTargetM": 0.054904076099327265,
              "metatarsalBeforeToeLockM": 0.05391616125086465,
              "footRockerCorrectionDegrees": -2.2121754461898115,
              "pivotLocalTranslationM": [
                0.005926025036135902,
                0.015532219951419585,
                -0.03199999999999999
              ],
              "pivotWorldTranslationM": [
                0.0014758937698953322,
                -0.0014886238444834759,
                0.03599962269774863
              ]
            },
            {
              "key": 5,
              "phase": 0.540983606557377,
              "maxWitnessErrorM": 0.007733784685340472,
              "toeDownDegrees": [
                2.7246299323847385,
                2.749999999036824,
                1.9055295683855138
              ],
              "metatarsalTargetM": 0.054904076099327265,
              "metatarsalBeforeToeLockM": 0.05364658448071568,
              "footRockerCorrectionDegrees": -2.7757094263605553,
              "pivotLocalTranslationM": [
                0.007516363382795425,
                0.018488941753685685,
                -0.039999999999999716
              ],
              "pivotWorldTranslationM": [
                0.0018335454944667755,
                -0.001920024749240046,
                0.04462384437416928
              ]
            },
            {
              "key": 6,
              "phase": 0.5491803278688525,
              "maxWitnessErrorM": 0.009712214359767213,
              "toeDownDegrees": [
                3.2664163926076126,
                3.2999999990368156,
                2.27314416607154
              ],
              "metatarsalTargetM": 0.054904076099327265,
              "metatarsalBeforeToeLockM": 0.05337583894924251,
              "footRockerCorrectionDegrees": -3.342079507801827,
              "pivotLocalTranslationM": [
                0.009159444739834346,
                0.021033652840401543,
                -0.04799999999999971
              ],
              "pivotWorldTranslationM": [
                0.00218667505388615,
                -0.0023867251591537485,
                0.053102079280075355
              ]
            },
            {
              "key": 7,
              "phase": 0.5573770491803278,
              "maxWitnessErrorM": 0.011829197733342012,
              "toeDownDegrees": [
                3.8069269351966093,
                3.849999998959482,
                2.637862185230284
              ],
              "metatarsalTargetM": 0.054904076099327265,
              "metatarsalBeforeToeLockM": 0.05310862466514756,
              "footRockerCorrectionDegrees": -3.910477268054403,
              "pivotLocalTranslationM": [
                0.010862470557130223,
                0.023137811210778274,
                -0.055999999999999654
              ],
              "pivotWorldTranslationM": [
                0.0025353281141824602,
                -0.0028924797739512433,
                0.06143741294297084
              ]
            },
            {
              "key": 8,
              "phase": 0.5655737704918034,
              "maxWitnessErrorM": 0.014078281668228776,
              "toeDownDegrees": [
                4.346074375212227,
                4.3999999989591325,
                3.0006117928004628
              ],
              "metatarsalTargetM": 0.054904076099327265,
              "metatarsalBeforeToeLockM": 0.05285009128811458,
              "footRockerCorrectionDegrees": -4.479878442884887,
              "pivotLocalTranslationM": [
                0.012632873201935244,
                0.024775074188646506,
                -0.06399999999999964
              ],
              "pivotWorldTranslationM": [
                0.0028796798711753346,
                -0.0034386006162180766,
                0.06963673804643297
              ]
            },
            {
              "key": 9,
              "phase": 0.5737704918032787,
              "maxWitnessErrorM": 0.016448541987334142,
              "toeDownDegrees": [
                4.883814672134398,
                4.949999998959113,
                3.362510635531815
              ],
              "metatarsalTargetM": 0.054904076099327265,
              "metatarsalBeforeToeLockM": 0.05260565877713905,
              "footRockerCorrectionDegrees": -5.0490711569222055,
              "pivotLocalTranslationM": [
                0.01447743747865066,
                0.02592534240050264,
                -0.07199999999999963
              ],
              "pivotWorldTranslationM": [
                0.0032200757992650944,
                -0.004024049277843986,
                0.07771200207026994
              ]
            },
            {
              "key": 10,
              "phase": 0.5819672131147541,
              "maxWitnessErrorM": 0.01892435880562049,
              "toeDownDegrees": [
                5.420122397204433,
                5.499999998959113,
                3.7247961176313544
              ],
              "metatarsalTargetM": 0.054904076099327265,
              "metatarsalBeforeToeLockM": 0.052380683696171534,
              "footRockerCorrectionDegrees": -5.61671549419349,
              "pivotLocalTranslationM": [
                0.016401671683568514,
                0.026577288797662888,
                -0.07999999999999961
              ],
              "pivotWorldTranslationM": [
                0.0035570398565446214,
                -0.004645618840928782,
                0.08568039354498251
              ]
            },
            {
              "key": 11,
              "phase": 0.5901639344262295,
              "maxWitnessErrorM": 0.021485946181313165,
              "toeDownDegrees": [
                5.955024579618991,
                6.049999998959112,
                4.088749188158213
              ],
              "metatarsalTargetM": 0.054904076099327265,
              "metatarsalBeforeToeLockM": 0.052180062239420726,
              "footRockerCorrectionDegrees": -6.181452750168198,
              "pivotLocalTranslationM": [
                0.018409419799098367,
                0.026729529795804573,
                -0.08799999999999959
              ],
              "pivotWorldTranslationM": [
                0.0038912544632037083,
                -0.005298166143304566,
                0.09356366037373837
              ]
            },
            {
              "key": 12,
              "phase": 0.5983606557377049,
              "maxWitnessErrorM": 0.02411049298902823,
              "toeDownDegrees": [
                6.488582713146044,
                6.599999998959061,
                4.455594750182149
              ],
              "metatarsalTargetM": 0.054904076099327265,
              "metatarsalBeforeToeLockM": 0.052007838112048205,
              "footRockerCorrectionDegrees": -6.742003913106384,
              "pivotLocalTranslationM": [
                0.020502688209466866,
                0.026390667167925912,
                -0.09599999999999931
              ],
              "pivotWorldTranslationM": [
                0.004223519585106618,
                -0.005974862396437575,
                0.10138681522314218
              ]
            },
            {
              "key": 13,
              "phase": 0.6065573770491803,
              "maxWitnessErrorM": 0.03059914952757914,
              "toeDownDegrees": [
                6.490865243376638,
                6.637520879941654,
                4.2416312833436365
              ],
              "metatarsalTargetM": 0.054904076099327265,
              "metatarsalBeforeToeLockM": 0.05142935247180669,
              "footRockerCorrectionDegrees": -6.979621755351245,
              "pivotLocalTranslationM": [
                0.021740829007801905,
                0.025235723823382097,
                -0.09999999999999999
              ],
              "pivotWorldTranslationM": [
                0.004439921447703173,
                -0.007045820725908201,
                0.10507209174783202
              ]
            },
            {
              "key": 14,
              "phase": 0.6147540983606558,
              "maxWitnessErrorM": 0.040992205632342515,
              "toeDownDegrees": [
                6.217333873707216,
                6.415692091132306,
                3.6916312833436384
              ],
              "metatarsalTargetM": 0.054904076099327265,
              "metatarsalBeforeToeLockM": 0.05054192255225607,
              "footRockerCorrectionDegrees": -7.093143395599924,
              "pivotLocalTranslationM": [
                0.022074458818485982,
                0.023583588284984545,
                -0.09999999999999999
              ],
              "pivotWorldTranslationM": [
                0.0045410329759811505,
                -0.00843643147367804,
                0.10465022019337122
              ]
            },
            {
              "key": 15,
              "phase": 0.6229508196721312,
              "maxWitnessErrorM": 0.05143800848329061,
              "toeDownDegrees": [
                5.904042590535832,
                6.1497509017027765,
                3.141631283343639
              ],
              "metatarsalTargetM": 0.054904076099327265,
              "metatarsalBeforeToeLockM": 0.04980790434412019,
              "footRockerCorrectionDegrees": -7.124193986516648,
              "pivotLocalTranslationM": [
                0.02244146362288225,
                0.021817166123151818,
                -0.09999999999999999
              ],
              "pivotWorldTranslationM": [
                0.0046420872924085,
                -0.00965612683479153,
                0.10423441784938911
              ]
            },
            {
              "key": 16,
              "phase": 0.6311475409836066,
              "maxWitnessErrorM": 0.06194581843562608,
              "toeDownDegrees": [
                5.566362248627306,
                5.847248853554906,
                2.5916312833436392
              ],
              "metatarsalTargetM": 0.054904076099327265,
              "metatarsalBeforeToeLockM": 0.04921846428360183,
              "footRockerCorrectionDegrees": -7.044081193737424,
              "pivotLocalTranslationM": [
                0.022851714001842945,
                0.019893608406916317,
                -0.09999999999999999
              ],
              "pivotWorldTranslationM": [
                0.004744059833244163,
                -0.010633144022204413,
                0.10383825044643696
              ]
            },
            {
              "key": 17,
              "phase": 0.639344262295082,
              "maxWitnessErrorM": 0.07250589488766968,
              "toeDownDegrees": [
                5.211900086042523,
                5.5114586950714,
                2.041631283346333
              ],
              "metatarsalTargetM": 0.054904076099327265,
              "metatarsalBeforeToeLockM": 0.048764448414948564,
              "footRockerCorrectionDegrees": -6.836946883006106,
              "pivotLocalTranslationM": [
                0.02329484886505279,
                0.017867330336555805,
                -0.09999999999999999
              ],
              "pivotWorldTranslationM": [
                0.004847940331960204,
                -0.011393970161634782,
                0.10348218226347268
              ]
            },
            {
              "key": 18,
              "phase": 0.6475409836065573,
              "maxWitnessErrorM": 0.0831052015224576,
              "toeDownDegrees": [
                4.841472672406539,
                5.142957202857838,
                1.4916312833547642
              ],
              "metatarsalTargetM": 0.05491271633671322,
              "metatarsalBeforeToeLockM": 0.04844342160359793,
              "footRockerCorrectionDegrees": -6.504533473501555,
              "pivotLocalTranslationM": [
                0.023728339972666254,
                0.015945294372140498,
                -0.09999999999999999
              ],
              "pivotWorldTranslationM": [
                0.004954336849441972,
                -0.012124433638859363,
                0.10317817046085093
              ]
            },
            {
              "key": 19,
              "phase": 0.6557377049180328,
              "maxWitnessErrorM": 0.09415163683535799,
              "toeDownDegrees": [
                4.507221784907795,
                4.745328711201654,
                1.0112624326587476
              ],
              "metatarsalTargetM": 0.056988505018135696,
              "metatarsalBeforeToeLockM": 0.04994064819447117,
              "footRockerCorrectionDegrees": -5.754533473503342,
              "pivotLocalTranslationM": [
                0.02455310400382479,
                0.01222706498552464,
                -0.09999999999999999
              ],
              "pivotWorldTranslationM": [
                0.005071601143315153,
                -0.010873112790673888,
                0.1029971166916576
              ]
            },
            {
              "key": 20,
              "phase": 0.6639344262295082,
              "maxWitnessErrorM": 0.1058254193653092,
              "toeDownDegrees": [
                4.875665679757798,
                4.965159245258943,
                1.501663862491163
              ],
              "metatarsalTargetM": 0.062096657097414444,
              "metatarsalBeforeToeLockM": 0.054267202823634016,
              "footRockerCorrectionDegrees": -5.004533473503343,
              "pivotLocalTranslationM": [
                0.025945625790893864,
                0.005912393403440927,
                -0.09999999999999999
              ],
              "pivotWorldTranslationM": [
                0.0052103510218976384,
                -0.006817634900190333,
                0.10312371113895528
              ]
            },
            {
              "key": 21,
              "phase": 0.6721311475409836,
              "maxWitnessErrorM": 0.11767580461552862,
              "toeDownDegrees": [
                5.425665679757797,
                5.470631015857924,
                2.051663862491163
              ],
              "metatarsalTargetM": 0.06934187780104611,
              "metatarsalBeforeToeLockM": 0.05993755020925013,
              "footRockerCorrectionDegrees": -4.2545334735033435,
              "pivotLocalTranslationM": [
                0.02759616930408918,
                -0.0015437325691672094,
                -0.09999999999999999
              ],
              "pivotWorldTranslationM": [
                0.005363109522082309,
                -0.0014535716525998369,
                0.10360044254539631
              ]
            },
            {
              "key": 22,
              "phase": 0.680327868852459,
              "maxWitnessErrorM": 0.12939494775057947,
              "toeDownDegrees": [
                5.975665679757797,
                6.020631015857924,
                2.6016638624911623
              ],
              "metatarsalTargetM": 0.07782887235552716,
              "metatarsalBeforeToeLockM": 0.06624741998390654,
              "footRockerCorrectionDegrees": -3.504533473503343,
              "pivotLocalTranslationM": [
                0.029368028114252702,
                -0.009505170649208607,
                -0.09999999999999999
              ],
              "pivotWorldTranslationM": [
                0.005527200333866743,
                0.00455808597787306,
                0.10441024397935303
              ]
            },
            {
              "key": 23,
              "phase": 0.6885245901639344,
              "maxWitnessErrorM": 0.1410775748171802,
              "toeDownDegrees": [
                6.525665679757796,
                6.570631015857923,
                3.151663862491162
              ],
              "metatarsalTargetM": 0.08666234598735405,
              "metatarsalBeforeToeLockM": 0.07282492404397684,
              "footRockerCorrectionDegrees": -2.754533473503344,
              "pivotLocalTranslationM": [
                0.031050948229545995,
                -0.016985441001496942,
                -0.09999999999999999
              ],
              "pivotWorldTranslationM": [
                0.005698870892661533,
                0.010348591821529458,
                0.10541865008639899
              ]
            },
            {
              "key": 24,
              "phase": 0.6967213114754098,
              "maxWitnessErrorM": 0.1526376005294393,
              "toeDownDegrees": [
                7.075665679757795,
                7.120631015857922,
                3.701663862491161
              ],
              "metatarsalTargetM": 0.09494700392302328,
              "metatarsalBeforeToeLockM": 0.07910097489665018,
              "footRockerCorrectionDegrees": -2.0045334735033444,
              "pivotLocalTranslationM": [
                0.032869916875923784,
                -0.024985440735946825,
                -0.09999999999999999
              ],
              "pivotWorldTranslationM": [
                0.005898164472405411,
                0.016758829626712546,
                0.1067195035508918
              ]
            },
            {
              "key": 25,
              "phase": 0.7049180327868853,
              "maxWitnessErrorM": 0.1637307918299309,
              "toeDownDegrees": [
                7.625665679757794,
                7.444402794909562,
                4.25166386249116
              ],
              "metatarsalTargetM": 0.10178755138903137,
              "metatarsalBeforeToeLockM": 0.08511172468318394,
              "footRockerCorrectionDegrees": -1.2545334735033444,
              "pivotLocalTranslationM": [
                0.0346105423615796,
                -0.03276189141197081,
                -0.09999999999999999
              ],
              "pivotWorldTranslationM": [
                0.0060700357895495105,
                0.022911871052135418,
                0.10821010666783519
              ]
            },
            {
              "key": 26,
              "phase": 0.7131147540983607,
              "maxWitnessErrorM": 0.17515637306336818,
              "toeDownDegrees": [
                8.17566567975779,
                7.3736436795371985,
                4.80166386249116
              ],
              "metatarsalTargetM": 0.1062886936118748,
              "metatarsalBeforeToeLockM": 0.0897748647946218,
              "footRockerCorrectionDegrees": -0.5045334735033445,
              "pivotLocalTranslationM": [
                0.036065782943579844,
                -0.03909210167769013,
                -0.09999999999999999
              ],
              "pivotWorldTranslationM": [
                0.006257825122385045,
                0.027635645533391012,
                0.10966329706121423
              ]
            },
            {
              "key": 27,
              "phase": 0.721311475409836,
              "maxWitnessErrorM": 0.185224724553544,
              "toeDownDegrees": [
                7.735625622540257,
                6.823643679641911,
                5.351663862491159
              ],
              "metatarsalTargetM": 0.10760677737556686,
              "metatarsalBeforeToeLockM": 0.0920058735459322,
              "footRockerCorrectionDegrees": 0.2454665264966555,
              "pivotLocalTranslationM": [
                0.03700760911375951,
                -0.043016678895740554,
                -0.09999999999999999
              ],
              "pivotWorldTranslationM": [
                0.006428340326368919,
                0.029973573934586533,
                0.11081630646901283
              ]
            },
            {
              "key": 28,
              "phase": 0.7295081967213115,
              "maxWitnessErrorM": 0.1949637062108709,
              "toeDownDegrees": [
                7.185625622540258,
                6.273643679641912,
                5.181012073171963
              ],
              "metatarsalTargetM": 0.10760677737556686,
              "metatarsalBeforeToeLockM": 0.09308330195872554,
              "footRockerCorrectionDegrees": 0.5880579659228515,
              "pivotLocalTranslationM": [
                0.037570276773386556,
                -0.04514976563030623,
                -0.09999999999999999
              ],
              "pivotWorldTranslationM": [
                0.006580570721898171,
                0.030690929739134065,
                0.111645799312307
              ]
            },
            {
              "key": 29,
              "phase": 0.7377049180327868,
              "maxWitnessErrorM": 0.20420324278116553,
              "toeDownDegrees": [
                6.6356256225402594,
                5.7236436796420005,
                4.774222449595864
              ],
              "metatarsalTargetM": 0.10760677737556686,
              "metatarsalBeforeToeLockM": 0.09312894852494076,
              "footRockerCorrectionDegrees": -0.16194203407713692,
              "pivotLocalTranslationM": [
                0.037438078008698895,
                -0.04399605970626356,
                -0.09999999999999999
              ],
              "pivotWorldTranslationM": [
                0.006694467601301643,
                0.028618003213442357,
                0.11168460751110222
              ]
            },
            {
              "key": 30,
              "phase": 0.7459016393442623,
              "maxWitnessErrorM": 0.21466418634835016,
              "toeDownDegrees": [
                6.08562562254026,
                5.193822585313414,
                4.23154271913135
              ],
              "metatarsalTargetM": 0.10760677737556686,
              "metatarsalBeforeToeLockM": 0.09329405673507771,
              "footRockerCorrectionDegrees": -0.9119420340771122,
              "pivotLocalTranslationM": [
                0.03664450754731298,
                -0.039618770912754626,
                -0.09999999999999999
              ],
              "pivotWorldTranslationM": [
                0.006786043569918011,
                0.023958769050353684,
                0.11087104564597
              ]
            },
            {
              "key": 31,
              "phase": 0.7540983606557377,
              "maxWitnessErrorM": 0.2240308855909905,
              "toeDownDegrees": [
                5.535625622540261,
                5.0844562536910916,
                3.9160113090394515
              ],
              "metatarsalTargetM": 0.10760677737556686,
              "metatarsalBeforeToeLockM": 0.09325748997386164,
              "footRockerCorrectionDegrees": -1.5672123425378974,
              "pivotLocalTranslationM": [
                0.035038069292923475,
                -0.03161877091275468,
                -0.09999999999999999
              ],
              "pivotWorldTranslationM": [
                0.006793954424642902,
                0.016372045504591263,
                0.10914763603761561
              ]
            },
            {
              "key": 32,
              "phase": 0.7622950819672132,
              "maxWitnessErrorM": 0.2309929844011709,
              "toeDownDegrees": [
                4.985625622540268,
                4.56982400026031,
                3.5568016787949635
              ],
              "metatarsalTargetM": 0.10760677737556686,
              "metatarsalBeforeToeLockM": 0.09615218235521972,
              "footRockerCorrectionDegrees": -1.309430020414058,
              "pivotLocalTranslationM": [
                0.03325319284115576,
                -0.02361877091275597,
                -0.09999999999999999
              ],
              "pivotWorldTranslationM": [
                0.006624630107623892,
                0.009578923798988268,
                0.10736840828878709
              ]
            },
            {
              "key": 33,
              "phase": 0.7704918032786885,
              "maxWitnessErrorM": 0.23223220864790273,
              "toeDownDegrees": [
                4.435625622540269,
                4.024859790816639,
                3.480334641245036
              ],
              "metatarsalTargetM": 0.10760677737556686,
              "metatarsalBeforeToeLockM": 0.10117515357554586,
              "footRockerCorrectionDegrees": -0.738161327243788,
              "pivotLocalTranslationM": [
                0.03125778097158996,
                -0.015618770912775854,
                -0.09999999999999999
              ],
              "pivotWorldTranslationM": [
                0.0062571931630182286,
                0.003623502514544078,
                0.105682109388192
              ]
            },
            {
              "key": 34,
              "phase": 0.7786885245901639,
              "maxWitnessErrorM": 0.22570851073992315,
              "toeDownDegrees": [
                3.8856256225402697,
                3.4970844624651756,
                3.685410611150174
              ],
              "metatarsalTargetM": 0.10760677737556686,
              "metatarsalBeforeToeLockM": 0.1073487468429425,
              "footRockerCorrectionDegrees": 0.011838672756167689,
              "pivotLocalTranslationM": [
                0.029060613178559035,
                -0.0076187709127758544,
                -0.09999999999999999
              ],
              "pivotWorldTranslationM": [
                0.005709086601372409,
                -0.001485310971018049,
                0.10424855291626654
              ]
            },
            {
              "key": 110,
              "phase": 0.4016393442622951,
              "maxWitnessErrorM": 0.0,
              "toeDownDegrees": [
                0.0,
                0.0,
                0.0
              ],
              "metatarsalTargetM": 0.05438306689638002,
              "metatarsalBeforeToeLockM": 0.05438306689638002,
              "footRockerCorrectionDegrees": 0.0,
              "pivotLocalTranslationM": [
                0.0,
                0.0,
                0.0
              ],
              "pivotWorldTranslationM": [
                0.0,
                0.0,
                0.0
              ]
            },
            {
              "key": 111,
              "phase": 0.4098360655737705,
              "maxWitnessErrorM": 1.1495822488383212e-05,
              "toeDownDegrees": [
                -0.009023717849134628,
                -0.008097683442539883,
                -0.011915900718217272
              ],
              "metatarsalTargetM": 0.05438306689638002,
              "metatarsalBeforeToeLockM": 0.05438226901498594,
              "footRockerCorrectionDegrees": 0.0014239820276511792,
              "pivotLocalTranslationM": [
                0.0013922277480649923,
                0.006155501358777057,
                -0.008508518443385744
              ],
              "pivotWorldTranslationM": [
                0.0004124040148986239,
                -2.8832535199690458e-05,
                0.010585481849622795
              ]
            },
            {
              "key": 112,
              "phase": 0.4180327868852458,
              "maxWitnessErrorM": 1.2721530048720453e-05,
              "toeDownDegrees": [
                -0.03835857292501115,
                -0.03635799137587605,
                -0.04112213490109676
              ],
              "metatarsalTargetM": 0.05438306689638002,
              "metatarsalBeforeToeLockM": 0.054382265150903414,
              "footRockerCorrectionDegrees": 0.020020322093364913,
              "pivotLocalTranslationM": [
                0.002814787192057141,
                0.012171576814316944,
                -0.01712140469135753
              ],
              "pivotWorldTranslationM": [
                0.0008251198229586388,
                -5.783948716578044e-05,
                0.02117849032700795
              ]
            },
            {
              "key": 113,
              "phase": 0.42622950819672123,
              "maxWitnessErrorM": 1.3909091399533224e-05,
              "toeDownDegrees": [
                -0.0723095904610555,
                -0.06912570048419117,
                -0.07464049556326048
              ],
              "metatarsalTargetM": 0.05438306689638002,
              "metatarsalBeforeToeLockM": 0.05438225542841224,
              "footRockerCorrectionDegrees": 0.041979294723053735,
              "pivotLocalTranslationM": [
                0.004272199605391401,
                0.01802075095903295,
                -0.025841823838412558
              ],
              "pivotWorldTranslationM": [
                0.0012377317224725667,
                -8.930836333473705e-05,
                0.0317688312342569
              ]
            },
            {
              "key": 114,
              "phase": 0.43442622950819676,
              "maxWitnessErrorM": 1.5186161007263443e-05,
              "toeDownDegrees": [
                -0.10932445861710956,
                -0.10485629643605922,
                -0.11115683721019373
              ],
              "metatarsalTargetM": 0.05438306689638002,
              "metatarsalBeforeToeLockM": 0.054382242712851435,
              "footRockerCorrectionDegrees": 0.0659608764811087,
              "pivotLocalTranslationM": [
                0.005771058877458595,
                0.023678765530260895,
                -0.03468148574020323
              ],
              "pivotWorldTranslationM": [
                0.00165023132026418,
                -0.00012340027773358186,
                0.04235628966628592
              ]
            },
            {
              "key": 115,
              "phase": 0.44262295081967207,
              "maxWitnessErrorM": 1.6564879020686263e-05,
              "toeDownDegrees": [
                -0.14925984845695472,
                -0.14340710670038123,
                -0.15055018358722347
              ],
              "metatarsalTargetM": 0.05438306689638002,
              "metatarsalBeforeToeLockM": 0.05438222735864881,
              "footRockerCorrectionDegrees": 0.09184066603157465,
              "pivotLocalTranslationM": [
                0.007318006454716926,
                0.029120538284019348,
                -0.04365135937780048
              ],
              "pivotWorldTranslationM": [
                0.002062612622546785,
                -0.00016013026607024708,
                0.052940711830076245
              ]
            },
            {
              "key": 116,
              "phase": 0.4508196721311475,
              "maxWitnessErrorM": 1.804578375208532e-05,
              "toeDownDegrees": [
                -0.19210493125156888,
                -0.1847677090687767,
                -0.1928098025994481
              ],
              "metatarsalTargetM": 0.05438306689638002,
              "metatarsalBeforeToeLockM": 0.054382209391896336,
              "footRockerCorrectionDegrees": 0.11961160650514027,
              "pivotLocalTranslationM": [
                0.00891959692734929,
                0.034320400315391464,
                -0.05276131437046342
              ],
              "pivotWorldTranslationM": [
                0.002474870118316307,
                -0.00019948523690340933,
                0.06352195631907578
              ]
            },
            {
              "key": 117,
              "phase": 0.4590163934426229,
              "maxWitnessErrorM": 1.962825129386836e-05,
              "toeDownDegrees": [
                -0.23784672341226354,
                -0.22892590897392193,
                -0.23792138385886966
              ],
              "metatarsalTargetM": 0.05438306689638002,
              "metatarsalBeforeToeLockM": 0.054382188843921625,
              "footRockerCorrectionDegrees": 0.14926747470306656,
              "pivotLocalTranslationM": [
                0.010582222802790356,
                0.03925223457431155,
                -0.062019896523927226
              ],
              "pivotWorldTranslationM": [
                0.0028869985934781364,
                -0.0002414397147550637,
                0.07409988934630359
              ]
            },
            {
              "key": 118,
              "phase": 0.4672131147540983,
              "maxWitnessErrorM": 0.0013996160531717372,
              "toeDownDegrees": [
                0.3089569234370569,
                0.32107409102597984,
                0.14424889472061658
              ],
              "metatarsalTargetM": 0.05438306689638002,
              "metatarsalBeforeToeLockM": 0.05410279600539046,
              "footRockerCorrectionDegrees": -0.40649193894395735,
              "pivotLocalTranslationM": [
                0.012015694449024516,
                0.043417155867895005,
                -0.07001989652358431
              ],
              "pivotWorldTranslationM": [
                0.0032606462511483476,
                -0.0006281345063535032,
                0.08319364771831736
              ]
            },
            {
              "key": 119,
              "phase": 0.47540983606557363,
              "maxWitnessErrorM": 0.002935125565665664,
              "toeDownDegrees": [
                0.8549086823572682,
                0.8710740546926844,
                0.5193764113258532
              ],
              "metatarsalTargetM": 0.05438306689638002,
              "metatarsalBeforeToeLockM": 0.053802890007098286,
              "footRockerCorrectionDegrees": -0.9688575567122628,
              "pivotLocalTranslationM": [
                0.013486293065086995,
                0.047241399000576494,
                -0.07801989652358313
              ],
              "pivotWorldTranslationM": [
                0.003629493920763737,
                -0.001041126242130777,
                0.09212205740850919
              ]
            },
            {
              "key": 120,
              "phase": 0.48360655737704916,
              "maxWitnessErrorM": 0.004629420673713636,
              "toeDownDegrees": [
                1.40003428394722,
                1.4210740546925302,
                0.8879316688071552
              ],
              "metatarsalTargetM": 0.05438306689638002,
              "metatarsalBeforeToeLockM": 0.05348463351214938,
              "footRockerCorrectionDegrees": -1.5374243596718422,
              "pivotLocalTranslationM": [
                0.014997925383189245,
                0.05070583116855269,
                -0.08601989652358312
              ],
              "pivotWorldTranslationM": [
                0.0039934126302759825,
                -0.0014782102469318992,
                0.10088262997998118
              ]
            },
            {
              "key": 121,
              "phase": 0.4918032786885246,
              "maxWitnessErrorM": 0.006484258685717448,
              "toeDownDegrees": [
                1.9441424280872646,
                1.971074040631554,
                1.2504526530263236
              ],
              "metatarsalTargetM": 0.05438306689638002,
              "metatarsalBeforeToeLockM": 0.05315072887618563,
              "footRockerCorrectionDegrees": -2.1115763548987525,
              "pivotLocalTranslationM": [
                0.01655442727489087,
                0.053792478839749254,
                -0.09401989652318603
              ],
              "pivotWorldTranslationM": [
                0.0043523084590334216,
                -0.0019365790939727748,
                0.10947475928652722
              ]
            },
            {
              "key": 122,
              "phase": 0.5,
              "maxWitnessErrorM": 0.010454697810555191,
              "toeDownDegrees": [
                2.480265977900946,
                2.5210740406313596,
                1.5028743854283904
              ],
              "metatarsalTargetM": 0.05438306689638002,
              "metatarsalBeforeToeLockM": 0.05243182792106882,
              "footRockerCorrectionDegrees": -2.7869745176393668,
              "pivotLocalTranslationM": [
                0.017741718057640625,
                0.05584470918673449,
                -0.09999999999999999
              ],
              "pivotWorldTranslationM": [
                0.004650204091837258,
                -0.002797277612918342,
                0.11577540940067782
              ]
            },
            {
              "key": 123,
              "phase": 0.5081967213114755,
              "maxWitnessErrorM": 0.020462792872101176,
              "toeDownDegrees": [
                2.7730459662141276,
                2.882102412377666,
                1.2827755815498816
              ],
              "metatarsalTargetM": 0.05438306689638002,
              "metatarsalBeforeToeLockM": 0.05070988033301263,
              "footRockerCorrectionDegrees": -3.5369745176393663,
              "pivotLocalTranslationM": [
                0.01774753043419721,
                0.05565410096353888,
                -0.09999999999999999
              ],
              "pivotWorldTranslationM": [
                0.004776600230592412,
                -0.00467670135903199,
                0.11561860062972229
              ]
            },
            {
              "key": 124,
              "phase": 0.5163934426229508,
              "maxWitnessErrorM": 0.030599362181658707,
              "toeDownDegrees": [
                3.086913903107638,
                3.2468678208865045,
                1.1125475721687637
              ],
              "metatarsalTargetM": 0.05438306689638002,
              "metatarsalBeforeToeLockM": 0.04906761273919561,
              "footRockerCorrectionDegrees": -4.286974517639357,
              "pivotLocalTranslationM": [
                0.017782075686153486,
                0.0552919351199562,
                -0.09999999999999999
              ],
              "pivotWorldTranslationM": [
                0.004897128070218446,
                -0.006483861308186907,
                0.11535758513504711
              ]
            },
            {
              "key": 125,
              "phase": 0.5245901639344261,
              "maxWitnessErrorM": 0.04089473615676831,
              "toeDownDegrees": [
                3.427394980461352,
                3.6371100592912904,
                0.9987403142722847
              ],
              "metatarsalTargetM": 0.05438306689638002,
              "metatarsalBeforeToeLockM": 0.047532393199321205,
              "footRockerCorrectionDegrees": -5.036974517639356,
              "pivotLocalTranslationM": [
                0.017846193340359043,
                0.05475085713255971,
                -0.09999999999999999
              ],
              "pivotWorldTranslationM": [
                0.00501223968000088,
                -0.008190393284760698,
                0.11499535797676316
              ]
            },
            {
              "key": 126,
              "phase": 0.5327868852459015,
              "maxWitnessErrorM": 0.05133598365608272,
              "toeDownDegrees": [
                3.7951029414122446,
                4.05336096821219,
                0.9405448222778641
              ],
              "metatarsalTargetM": 0.05438306689638002,
              "metatarsalBeforeToeLockM": 0.04610846199802758,
              "footRockerCorrectionDegrees": -5.7869745176393526,
              "pivotLocalTranslationM": [
                0.01793705554544986,
                0.05404414501899644,
                -0.09999999999999999
              ],
              "pivotWorldTranslationM": [
                0.005122323804981593,
                -0.009798073406588066,
                0.11454371050459344
              ]
            },
            {
              "key": 127,
              "phase": 0.540983606557377,
              "maxWitnessErrorM": 0.061931910105968435,
              "toeDownDegrees": [
                4.1903490358991595,
                4.495954402484581,
                0.9368316326528477
              ],
              "metatarsalTargetM": 0.05438306689638002,
              "metatarsalBeforeToeLockM": 0.044802870225657085,
              "footRockerCorrectionDegrees": -6.536974517639347,
              "pivotLocalTranslationM": [
                0.018063790816704197,
                0.053130215806215936,
                -0.09999999999999999
              ],
              "pivotWorldTranslationM": [
                0.00522701332121412,
                -0.011312068847724108,
                0.11399048343544027
              ]
            },
            {
              "key": 128,
              "phase": 0.5491803278688525,
              "maxWitnessErrorM": 0.07268174480488043,
              "toeDownDegrees": [
                4.614161554689922,
                4.965894310447398,
                0.9877588882683196
              ],
              "metatarsalTargetM": 0.05438306689638002,
              "metatarsalBeforeToeLockM": 0.04362469036542824,
              "footRockerCorrectionDegrees": -7.2869745176393215,
              "pivotLocalTranslationM": [
                0.018231945253546992,
                0.051988169847742204,
                -0.09999999999999999
              ],
              "pivotWorldTranslationM": [
                0.005326287885751645,
                -0.012733113459604747,
                0.11333431369612493
              ]
            },
            {
              "key": 129,
              "phase": 0.5573770491803278,
              "maxWitnessErrorM": 0.08357859790171496,
              "toeDownDegrees": [
                5.067882461097688,
                5.464474563745263,
                1.0941404642719397
              ],
              "metatarsalTargetM": 0.05438306689638002,
              "metatarsalBeforeToeLockM": 0.04258375630359104,
              "footRockerCorrectionDegrees": -8.03697451763929,
              "pivotLocalTranslationM": [
                0.01844546156614617,
                0.050608028272522636,
                -0.09999999999999999
              ],
              "pivotWorldTranslationM": [
                0.005420380236565839,
                -0.014059204043965826,
                0.11258046204806155
              ]
            },
            {
              "key": 130,
              "phase": 0.5655737704918034,
              "maxWitnessErrorM": 0.09460828954130107,
              "toeDownDegrees": [
                5.552701473140816,
                5.992818665250868,
                1.2565119331103614
              ],
              "metatarsalTargetM": 0.05438306689638002,
              "metatarsalBeforeToeLockM": 0.04168869254536603,
              "footRockerCorrectionDegrees": -8.786974517639287,
              "pivotLocalTranslationM": [
                0.018706005765401035,
                0.048993145005449816,
                -0.09999999999999999
              ],
              "pivotWorldTranslationM": [
                0.005509821511282129,
                -0.01528762455218518,
                0.11174152301326809
              ]
            },
            {
              "key": 131,
              "phase": 0.5737704918032787,
              "maxWitnessErrorM": 0.10573582585336816,
              "toeDownDegrees": [
                6.067626341596256,
                6.542818665250866,
                1.4723369857657107
              ],
              "metatarsalTargetM": 0.05438306689638002,
              "metatarsalBeforeToeLockM": 0.040935975789283874,
              "footRockerCorrectionDegrees": -9.536974517639205,
              "pivotLocalTranslationM": [
                0.01901094326378973,
                0.04716906786454411,
                -0.09999999999999999
              ],
              "pivotWorldTranslationM": [
                0.005595414145699491,
                -0.016425913043052236,
                0.11083867720974075
              ]
            },
            {
              "key": 132,
              "phase": 0.581967213114754,
              "maxWitnessErrorM": 0.11690253842339249,
              "toeDownDegrees": [
                6.6082295374632825,
                7.092818665250865,
                1.734163430608013
              ],
              "metatarsalTargetM": 0.05438306689638002,
              "metatarsalBeforeToeLockM": 0.04030386676857601,
              "footRockerCorrectionDegrees": -10.286974515784294,
              "pivotLocalTranslationM": [
                0.019352544957816978,
                0.04518621036777982,
                -0.09999999999999999
              ],
              "pivotWorldTranslationM": [
                0.005678139475301085,
                -0.01749789025770604,
                0.1098994629536662
              ]
            },
            {
              "key": 133,
              "phase": 0.5901639344262295,
              "maxWitnessErrorM": 0.12820939833349498,
              "toeDownDegrees": [
                7.109423319321599,
                7.642818665250864,
                1.996106095400659
              ],
              "metatarsalTargetM": 0.05438306689638002,
              "metatarsalBeforeToeLockM": 0.039889681275266015,
              "footRockerCorrectionDegrees": -10.963172360539836,
              "pivotLocalTranslationM": [
                0.01974974399054212,
                0.04296438787333046,
                -0.09999999999999999
              ],
              "pivotWorldTranslationM": [
                0.005759218242456229,
                -0.018391229186481325,
                0.1089246527113634
              ]
            },
            {
              "key": 134,
              "phase": 0.5983606557377048,
              "maxWitnessErrorM": 0.13957312815410128,
              "toeDownDegrees": [
                7.596840214889616,
                8.192818665250655,
                2.273970234853016
              ],
              "metatarsalTargetM": 0.05438306689638002,
              "metatarsalBeforeToeLockM": 0.03965201241719543,
              "footRockerCorrectionDegrees": -11.595162737169199,
              "pivotLocalTranslationM": [
                0.020188673041618123,
                0.040583020297068555,
                -0.09999999999999999
              ],
              "pivotWorldTranslationM": [
                0.0058399321881165075,
                -0.019149391348480586,
                0.10795255901983677
              ]
            },
            {
              "key": 135,
              "phase": 0.6065573770491803,
              "maxWitnessErrorM": 0.1508152877529304,
              "toeDownDegrees": [
                7.0916483004291155,
                7.730213993948522,
                1.7239702379763393
              ],
              "metatarsalTargetM": 0.05438306689638002,
              "metatarsalBeforeToeLockM": 0.039568016477037164,
              "footRockerCorrectionDegrees": -11.318447097331195,
              "pivotLocalTranslationM": [
                0.020693903943648537,
                0.0379276476820861,
                -0.09999999999999999
              ],
              "pivotWorldTranslationM": [
                0.005920630928646049,
                -0.019620646191064246,
                0.10698932432661579
              ]
            },
            {
              "key": 136,
              "phase": 0.6147540983606556,
              "maxWitnessErrorM": 0.1620203833519862,
              "toeDownDegrees": [
                6.552745545504276,
                7.228014882688629,
                1.1739702379763393
              ],
              "metatarsalTargetM": 0.05438306689638002,
              "metatarsalBeforeToeLockM": 0.039629628930976046,
              "footRockerCorrectionDegrees": -10.982741893673486,
              "pivotLocalTranslationM": [
                0.021227759861396127,
                0.035195746482537246,
                -0.09999999999999999
              ],
              "pivotWorldTranslationM": [
                0.006003539844506727,
                -0.019969644426814485,
                0.10608734271567008
              ]
            },
            {
              "key": 137,
              "phase": 0.6229508196721312,
              "maxWitnessErrorM": 0.17318441261044637,
              "toeDownDegrees": [
                6.002745964040332,
                6.709194541858519,
                0.6239702379763393
              ],
              "metatarsalTargetM": 0.05438306689638002,
              "metatarsalBeforeToeLockM": 0.03981742534644314,
              "footRockerCorrectionDegrees": -10.597312737579628,
              "pivotLocalTranslationM": [
                0.021789121123804628,
                0.03239825123771181,
                -0.09999999999999999
              ],
              "pivotWorldTranslationM": [
                0.006089568942075463,
                -0.020178772238308426,
                0.10526225335890768
              ]
            },
            {
              "key": 138,
              "phase": 0.6311475409836065,
              "maxWitnessErrorM": 0.18431705850491376,
              "toeDownDegrees": [
                5.4527459640403695,
                6.175955082272351,
                0.07397023797633931
              ],
              "metatarsalTargetM": 0.05438306689638002,
              "metatarsalBeforeToeLockM": 0.04011643182473718,
              "footRockerCorrectionDegrees": -10.131760537343073,
              "pivotLocalTranslationM": [
                0.022386446241613706,
                0.029498523244033036,
                -0.09999999999999999
              ],
              "pivotWorldTranslationM": [
                0.006179621455473509,
                -0.020185978369882944,
                0.10452583263044034
              ]
            },
            {
              "key": 139,
              "phase": 0.639344262295082,
              "maxWitnessErrorM": 0.19541188150603994,
              "toeDownDegrees": [
                4.9027459640403706,
                5.626112023721876,
                -0.4760297620236607
              ],
              "metatarsalTargetM": 0.05438306689638002,
              "metatarsalBeforeToeLockM": 0.04051186520222122,
              "footRockerCorrectionDegrees": -9.566339301940333,
              "pivotLocalTranslationM": [
                0.02300865891015005,
                0.026553440686951455,
                -0.09999999999999999
              ],
              "pivotWorldTranslationM": [
                0.006274555580284457,
                -0.02002367046360893,
                0.10389495432160188
              ]
            },
            {
              "key": 140,
              "phase": 0.6475409836065573,
              "maxWitnessErrorM": 0.2064729720116396,
              "toeDownDegrees": [
                4.35274596404064,
                5.076112023721876,
                -1.0260297577980215
              ],
              "metatarsalTargetM": 0.05439179246282278,
              "metatarsalBeforeToeLockM": 0.0409925388898735,
              "footRockerCorrectionDegrees": -8.909581639382035,
              "pivotLocalTranslationM": [
                0.023611809794327945,
                0.02377524343004528,
                -0.09999999999999999
              ],
              "pivotWorldTranslationM": [
                0.006374713469046046,
                -0.019886331611315033,
                0.10337636111427312
              ]
            },
            {
              "key": 141,
              "phase": 0.6557377049180326,
              "maxWitnessErrorM": 0.2177677288369696,
              "toeDownDegrees": [
                4.101624027381454,
                4.7622443606493485,
                -1.370748951044256
              ],
              "metatarsalTargetM": 0.05648808117015881,
              "metatarsalBeforeToeLockM": 0.04302952714805167,
              "footRockerCorrectionDegrees": -8.159581639382045,
              "pivotLocalTranslationM": [
                0.024543335976906534,
                0.019506266423094255,
                -0.09999999999999999
              ],
              "pivotWorldTranslationM": [
                0.006485451147230318,
                -0.01807366106640059,
                0.10302498246175333
              ]
            },
            {
              "key": 142,
              "phase": 0.6639344262295082,
              "maxWitnessErrorM": 0.22946747981376847,
              "toeDownDegrees": [
                4.477723989288692,
                5.00025726379987,
                -0.8558188616166387
              ],
              "metatarsalTargetM": 0.06164668021975468,
              "metatarsalBeforeToeLockM": 0.047741852631621076,
              "footRockerCorrectionDegrees": -7.409581639382047,
              "pivotLocalTranslationM": [
                0.026013773558378247,
                0.012777247682205216,
                -0.09999999999999999
              ],
              "pivotWorldTranslationM": [
                0.006616746330682689,
                -0.013592650114687075,
                0.10301178908185057
              ]
            },
            {
              "key": 143,
              "phase": 0.6721311475409835,
              "maxWitnessErrorM": 0.24122025653715007,
              "toeDownDegrees": [
                5.027723989288692,
                5.489706620113908,
                -0.3058188616166387
              ],
              "metatarsalTargetM": 0.06896345310666188,
              "metatarsalBeforeToeLockM": 0.05374712907129734,
              "footRockerCorrectionDegrees": -6.659581639382047,
              "pivotLocalTranslationM": [
                0.02773323453135316,
                0.0049574825111528414,
                -0.09999999999999999
              ],
              "pivotWorldTranslationM": [
                0.006763080937255091,
                -0.007852235931365279,
                0.10337459961046168
              ]
            },
            {
              "key": 144,
              "phase": 0.680327868852459,
              "maxWitnessErrorM": 0.2528217266246665,
              "toeDownDegrees": [
                5.577723989288691,
                6.018495359240618,
                0.24418113838336136
              ],
              "metatarsalTargetM": 0.07753426332593252,
              "metatarsalBeforeToeLockM": 0.06009242574598147,
              "footRockerCorrectionDegrees": -5.909581639382048,
              "pivotLocalTranslationM": [
                0.029537434836908568,
                -0.003042517488847107,
                -0.09999999999999999
              ],
              "pivotWorldTranslationM": [
                0.006949656271292112,
                -0.0017877097874932843,
                0.10406833885285509
              ]
            },
            {
              "key": 145,
              "phase": 0.6885245901639345,
              "maxWitnessErrorM": 0.2643401479365073,
              "toeDownDegrees": [
                6.12772398928869,
                6.568495359240617,
                0.7941811383833614
              ],
              "metatarsalTargetM": 0.08645497437261815,
              "metatarsalBeforeToeLockM": 0.06714226901215295,
              "footRockerCorrectionDegrees": -5.159581639382048,
              "pivotLocalTranslationM": [
                0.03130734435240251,
                -0.011042517488846982,
                -0.09999999999999999
              ],
              "pivotWorldTranslationM": [
                0.007100652699709189,
                0.004535557608057872,
                0.1050290064816594
              ]
            },
            {
              "key": 146,
              "phase": 0.6967213114754098,
              "maxWitnessErrorM": 0.2755428373523049,
              "toeDownDegrees": [
                6.677723989288689,
                6.992672851663541,
                1.3441811383833613
              ],
              "metatarsalTargetM": 0.09482144974177026,
              "metatarsalBeforeToeLockM": 0.07339933620291529,
              "footRockerCorrectionDegrees": -4.409581639382049,
              "pivotLocalTranslationM": [
                0.0331425612647293,
                -0.019042517488846857,
                -0.09999999999999999
              ],
              "pivotWorldTranslationM": [
                0.007313921101428613,
                0.010958299687648,
                0.106242480551119
              ]
            },
            {
              "key": 147,
              "phase": 0.7049180327868851,
              "maxWitnessErrorM": 0.2863844941656737,
              "toeDownDegrees": [
                7.2277239892886875,
                7.262919345476127,
                1.8941811383833609
              ],
              "metatarsalTargetM": 0.10172955292844088,
              "metatarsalBeforeToeLockM": 0.07959464000416999,
              "footRockerCorrectionDegrees": -3.6595816393820493,
              "pivotLocalTranslationM": [
                0.03493239866441663,
                -0.027042517488846826,
                -0.09999999999999999
              ],
              "pivotWorldTranslationM": [
                0.00748644505886794,
                0.01734891702308493,
                0.10767791707324315
              ]
            },
            {
              "key": 148,
              "phase": 0.7131147540983604,
              "maxWitnessErrorM": 0.2970683098262812,
              "toeDownDegrees": [
                7.702753510404319,
                7.274003237156733,
                2.4441811383833603
              ],
              "metatarsalTargetM": 0.10627514742768178,
              "metatarsalBeforeToeLockM": 0.0848801220573261,
              "footRockerCorrectionDegrees": -2.9095816393820497,
              "pivotLocalTranslationM": [
                0.03650300090554709,
                -0.03408899070147821,
                -0.09999999999999999
              ],
              "pivotWorldTranslationM": [
                0.007640771052369585,
                0.022800553005661677,
                0.10916170054136895
              ]
            },
            {
              "key": 149,
              "phase": 0.721311475409836,
              "maxWitnessErrorM": 0.3068855149035542,
              "toeDownDegrees": [
                7.15275351040432,
                6.724010198756496,
                2.9941811383833525
              ],
              "metatarsalTargetM": 0.10760624829256243,
              "metatarsalBeforeToeLockM": 0.08724207090234852,
              "footRockerCorrectionDegrees": -2.15958163938205,
              "pivotLocalTranslationM": [
                0.03748446126693356,
                -0.03819559189857438,
                -0.09999999999999999
              ],
              "pivotWorldTranslationM": [
                0.007810559071473391,
                0.025333062359099053,
                0.1102778949062832
              ]
            },
            {
              "key": 150,
              "phase": 0.7295081967213115,
              "maxWitnessErrorM": 0.31696491404643323,
              "toeDownDegrees": [
                6.602753510404321,
                6.1740101987564975,
                2.536982018071959
              ],
              "metatarsalTargetM": 0.10760624829256243,
              "metatarsalBeforeToeLockM": 0.08887227963063588,
              "footRockerCorrectionDegrees": -1.5821044630072187,
              "pivotLocalTranslationM": [
                0.038179825968694785,
                -0.04092644092108434,
                -0.09999999999999999
              ],
              "pivotWorldTranslationM": [
                0.007970070300498629,
                0.026661727971608797,
                0.11116788062576974
              ]
            },
            {
              "key": 151,
              "phase": 0.7377049180327868,
              "maxWitnessErrorM": 0.32635441099996465,
              "toeDownDegrees": [
                6.052753510404322,
                5.624010198756718,
                2.234568223081059
              ],
              "metatarsalTargetM": 0.10760624829256243,
              "metatarsalBeforeToeLockM": 0.08921707159112521,
              "footRockerCorrectionDegrees": -2.245925512547109,
              "pivotLocalTranslationM": [
                0.038129030098486644,
                -0.04012917955668393,
                -0.09999999999999999
              ],
              "pivotWorldTranslationM": [
                0.008090471262765953,
                0.024954708293464335,
                0.1112473621762648
              ]
            },
            {
              "key": 152,
              "phase": 0.7459016393442623,
              "maxWitnessErrorM": 0.3368102325044747,
              "toeDownDegrees": [
                5.502753510404329,
                5.132482216829068,
                1.839495521719457
              ],
              "metatarsalTargetM": 0.10760624829256243,
              "metatarsalBeforeToeLockM": 0.08947005574856617,
              "footRockerCorrectionDegrees": -2.99592551254247,
              "pivotLocalTranslationM": [
                0.03736754574909514,
                -0.03588882665505914,
                -0.09999999999999999
              ],
              "pivotWorldTranslationM": [
                0.008185268905214711,
                0.020438614144885906,
                0.11045180289374523
              ]
            },
            {
              "key": 153,
              "phase": 0.7540983606557377,
              "maxWitnessErrorM": 0.3465572022308506,
              "toeDownDegrees": [
                4.95275351040433,
                4.9043649275035595,
                1.487363513033919
              ],
              "metatarsalTargetM": 0.10760624829256243,
              "metatarsalBeforeToeLockM": 0.08945953001422881,
              "footRockerCorrectionDegrees": -3.5080723209269675,
              "pivotLocalTranslationM": [
                0.03577529800358348,
                -0.027888826655083042,
                -0.09999999999999999
              ],
              "pivotWorldTranslationM": [
                0.008207031242429788,
                0.012857367695242813,
                0.10874275435647691
              ]
            },
            {
              "key": 154,
              "phase": 0.7622950819672132,
              "maxWitnessErrorM": 0.35342323942108456,
              "toeDownDegrees": [
                4.402753510404331,
                4.393100497498226,
                1.1288466030007485
              ],
              "metatarsalTargetM": 0.10760624829256243,
              "metatarsalBeforeToeLockM": 0.09233472535946656,
              "footRockerCorrectionDegrees": -3.257621565159652,
              "pivotLocalTranslationM": [
                0.03397392990455533,
                -0.019888826655083215,
                -0.09999999999999999
              ],
              "pivotWorldTranslationM": [
                0.008023566801840746,
                0.006062333578045306,
                0.10699840811545137
              ]
            },
            {
              "key": 155,
              "phase": 0.7704918032786883,
              "maxWitnessErrorM": 0.35437649129416204,
              "toeDownDegrees": [
                3.8527535104043316,
                3.8538196048985855,
                0.9864760636193857
              ],
              "metatarsalTargetM": 0.10760624829256243,
              "metatarsalBeforeToeLockM": 0.0973066791207763,
              "footRockerCorrectionDegrees": -2.732774332645757,
              "pivotLocalTranslationM": [
                0.03193850069407514,
                -0.01188882665508988,
                -0.09999999999999999
              ],
              "pivotWorldTranslationM": [
                0.007620870542868353,
                9.930241062921716e-05,
                0.10537229306701365
              ]
            },
            {
              "key": 156,
              "phase": 0.7786885245901638,
              "maxWitnessErrorM": 0.3474636446554378,
              "toeDownDegrees": [
                3.302753510404332,
                3.303895293707326,
                1.0315271592215915
              ],
              "metatarsalTargetM": 0.10760624829256243,
              "metatarsalBeforeToeLockM": 0.10340692465988849,
              "footRockerCorrectionDegrees": -2.0361502132546176,
              "pivotLocalTranslationM": [
                0.029678674617535653,
                -0.00388882665508988,
                -0.09999999999999999
              ],
              "pivotWorldTranslationM": [
                0.007017167070800613,
                -0.005021409476449334,
                0.10402637748457846
              ]
            },
            {
              "key": 232,
              "phase": 0.401639344262295,
              "maxWitnessErrorM": 0.0,
              "toeDownDegrees": [
                0.0,
                0.0,
                0.0
              ],
              "metatarsalTargetM": 0.054385800885975555,
              "metatarsalBeforeToeLockM": 0.054385800885975555,
              "footRockerCorrectionDegrees": 0.0,
              "pivotLocalTranslationM": [
                0.0,
                0.0,
                0.0
              ],
              "pivotWorldTranslationM": [
                0.0,
                0.0,
                0.0
              ]
            },
            {
              "key": 233,
              "phase": 0.4098360655737705,
              "maxWitnessErrorM": 1.1491071832292477e-05,
              "toeDownDegrees": [
                -0.008905398099532027,
                -0.007983667435001462,
                -0.011798256291800103
              ],
              "metatarsalTargetM": 0.054385800885975555,
              "metatarsalBeforeToeLockM": 0.05438500293009808,
              "footRockerCorrectionDegrees": 0.001348740626556757,
              "pivotLocalTranslationM": [
                0.001394066335684211,
                0.006148890152139722,
                -0.008513061180787625
              ],
              "pivotWorldTranslationM": [
                0.00041240605542561953,
                -2.8714332786561325e-05,
                0.010585534074615089
              ]
            },
            {
              "key": 234,
              "phase": 0.4180327868852458,
              "maxWitnessErrorM": 1.2711596444336948e-05,
              "toeDownDegrees": [
                -0.03809249957899645,
                -0.036101378033005616,
                -0.04085859186208268
              ],
              "metatarsalTargetM": 0.054385800885975555,
              "metatarsalBeforeToeLockM": 0.05438499908522205,
              "footRockerCorrectionDegrees": 0.019849560768962504,
              "pivotLocalTranslationM": [
                0.0028184431529734463,
                0.01215887206754704,
                -0.01712999089861581
              ],
              "pivotWorldTranslationM": [
                0.0008251249745833905,
                -5.758229970470423e-05,
                0.021178622381387686
              ]
            },
            {
              "key": 235,
              "phase": 0.42622950819672134,
              "maxWitnessErrorM": 1.3893198414272057e-05,
              "toeDownDegrees": [
                -0.07187340612269393,
                -0.0687049007793366,
                -0.07420902787885923
              ],
              "metatarsalTargetM": 0.054385800885975555,
              "metatarsalBeforeToeLockM": 0.05438498940687079,
              "footRockerCorrectionDegrees": 0.0416984840937409,
              "pivotLocalTranslationM": [
                0.0042775543226350994,
                0.018002677412325477,
                -0.025853826285227043
              ],
              "pivotWorldTranslationM": [
                0.0012377410727407992,
                -8.889238325041939e-05,
                0.03176907102296081
              ]
            },
            {
              "key": 236,
              "phase": 0.43442622950819665,
              "maxWitnessErrorM": 1.5163643429683127e-05,
              "toeDownDegrees": [
                -0.10869654133194293,
                -0.10425040506416346,
                -0.11053626460016056
              ],
              "metatarsalTargetM": 0.054385800885975555,
              "metatarsalBeforeToeLockM": 0.05438497676059598,
              "footRockerCorrectionDegrees": 0.06555577948332329,
              "pivotLocalTranslationM": [
                0.005777902843657178,
                0.023656239102159988,
                -0.03469617285692682
              ],
              "pivotWorldTranslationM": [
                0.001650245958571878,
                -0.00012280726551380794,
                0.042356665141143654
              ]
            },
            {
              "key": 237,
              "phase": 0.4426229508196722,
              "maxWitnessErrorM": 1.6535049489285747e-05,
              "toeDownDegrees": [
                -0.14842119538877752,
                -0.14259777426509138,
                -0.14972178170265124
              ],
              "metatarsalTargetM": 0.054385800885975555,
              "metatarsalBeforeToeLockM": 0.05438496149515265,
              "footRockerCorrectionDegrees": 0.09129894143511033,
              "pivotLocalTranslationM": [
                0.007326045837590432,
                0.029094655118854767,
                -0.04366791903255851
              ],
              "pivotWorldTranslationM": [
                0.0020626336365498505,
                -0.0001593434614982521,
                0.05294125089692231
              ]
            },
            {
              "key": 238,
              "phase": 0.45081967213114726,
              "maxWitnessErrorM": 1.8008042645623057e-05,
              "toeDownDegrees": [
                -0.19103781197842146,
                -0.18373779934389875,
                -0.19175617059878453
              ],
              "metatarsalTargetM": 0.054385800885975555,
              "metatarsalBeforeToeLockM": 0.05438494363457743,
              "footRockerCorrectionDegrees": 0.11892163358990573,
              "pivotLocalTranslationM": [
                0.008928461239914566,
                0.03429242374720657,
                -0.05277887983330212
              ],
              "pivotWorldTranslationM": [
                0.0024748985842751037,
                -0.00019848956276914687,
                0.06352268659091537
              ]
            },
            {
              "key": 239,
              "phase": 0.4590163934426228,
              "maxWitnessErrorM": 1.9582042509957986e-05,
              "toeDownDegrees": [
                -0.23653540621980362,
                -0.22766021892348912,
                -0.23662707476217265
              ],
              "metatarsalTargetM": 0.054385800885975555,
              "metatarsalBeforeToeLockM": 0.054384923206098536,
              "footRockerCorrectionDegrees": 0.1484189567570803,
              "pivotLocalTranslationM": [
                0.01059147383624413,
                0.03922357904974482,
                -0.06203757454573924
              ],
              "pivotWorldTranslationM": [
                0.002887035566911422,
                -0.0002402218129428091,
                0.07410083790286698
              ]
            },
            {
              "key": 240,
              "phase": 0.4672131147540983,
              "maxWitnessErrorM": 0.0013987632665514171,
              "toeDownDegrees": [
                0.31027719741537935,
                0.32233978107640093,
                0.14565124409197974
              ],
              "metatarsalTargetM": 0.054385800885975555,
              "metatarsalBeforeToeLockM": 0.054105831040113024,
              "footRockerCorrectionDegrees": -0.4072245921062223,
              "pivotLocalTranslationM": [
                0.012024920178187258,
                0.04339010306537999,
                -0.07003757454537334
              ],
              "pivotWorldTranslationM": [
                0.0032607119624751754,
                -0.0006263528070310498,
                0.08319575817782449
              ]
            },
            {
              "key": 241,
              "phase": 0.4754098360655734,
              "maxWitnessErrorM": 0.002932655293416797,
              "toeDownDegrees": [
                0.8562413139904004,
                0.8723397447333888,
                0.5209252753723181
              ],
              "metatarsalTargetM": 0.054385800885975555,
              "metatarsalBeforeToeLockM": 0.05380633771255448,
              "footRockerCorrectionDegrees": -0.9694406041855246,
              "pivotLocalTranslationM": [
                0.013495145633593967,
                0.04721773771991333,
                -0.07803757454537208
              ],
              "pivotWorldTranslationM": [
                0.0036296140988473814,
                -0.0010386548939892645,
                0.09212621964827328
              ]
            },
            {
              "key": 242,
              "phase": 0.48360655737704916,
              "maxWitnessErrorM": 0.004624587534539426,
              "toeDownDegrees": [
                1.4013823917458055,
                1.4223397447331922,
                0.8896564593341455
              ],
              "metatarsalTargetM": 0.054385800885975555,
              "metatarsalBeforeToeLockM": 0.05348856926576067,
              "footRockerCorrectionDegrees": -1.5378326672065619,
              "pivotLocalTranslationM": [
                0.01500602503431043,
                0.050687328980850654,
                -0.08603757454537207
              ],
              "pivotWorldTranslationM": [
                0.003993611183069755,
                -0.0014749632093807863,
                0.10088965108663467
              ]
            },
            {
              "key": 243,
              "phase": 0.49180327868852425,
              "maxWitnessErrorM": 0.006476410049582104,
              "toeDownDegrees": [
                1.9455091109566278,
                1.9723397306399495,
                1.2523725595074449
              ],
              "metatarsalTargetM": 0.054385800885975555,
              "metatarsalBeforeToeLockM": 0.05315518747220173,
              "footRockerCorrectionDegrees": -2.111794702540521,
              "pivotLocalTranslationM": [
                0.016561371132036613,
                0.053780838727687706,
                -0.09403757454498123
              ],
              "pivotWorldTranslationM": [
                0.004352606478611434,
                -0.001932514639623989,
                0.10948533381917708
              ]
            }
          ],
          "passiveIntegration": [
            {
              "cycle": 0,
              "bone": "Bone_053",
              "anchorKey": 34,
              "lagKeys": [
                35,
                36,
                37,
                38,
                39,
                40,
                41,
                42
              ],
              "restOrientation": "release_orientation",
              "activeTarget": null,
              "translationCorrection": false,
              "initialAngularSpeedRadS": 0.6464749092127127,
              "finalAngularSpeedRadS": 0.2013971616241746,
              "mechanics": {
                "springK": 14.0,
                "dampingC": 7.0
              }
            },
            {
              "cycle": 0,
              "bone": "Bone_059",
              "anchorKey": 34,
              "lagKeys": [
                35,
                36,
                37,
                38,
                39,
                40,
                41,
                42
              ],
              "restOrientation": "release_orientation",
              "activeTarget": null,
              "translationCorrection": false,
              "initialAngularSpeedRadS": 0.6293853843950792,
              "finalAngularSpeedRadS": 0.19607323993327916,
              "mechanics": {
                "springK": 14.0,
                "dampingC": 7.0
              }
            },
            {
              "cycle": 0,
              "bone": "Bone_056",
              "anchorKey": 34,
              "lagKeys": [
                35,
                36,
                37,
                38,
                39,
                40,
                41,
                42
              ],
              "restOrientation": "release_orientation",
              "activeTarget": null,
              "translationCorrection": false,
              "initialAngularSpeedRadS": 0.14136279101762853,
              "finalAngularSpeedRadS": 0.04403893246977373,
              "mechanics": {
                "springK": 14.0,
                "dampingC": 7.0
              }
            },
            {
              "cycle": 0,
              "bone": "Bone_012",
              "anchorKey": 34,
              "lagKeys": [
                35,
                36,
                37,
                38,
                39,
                40,
                41,
                42
              ],
              "restOrientation": "release_orientation",
              "activeTarget": null,
              "translationCorrection": false,
              "initialAngularSpeedRadS": 2.3999999999999995,
              "finalAngularSpeedRadS": 0.7476750930467729,
              "mechanics": {
                "springK": 14.0,
                "dampingC": 7.0
              }
            },
            {
              "cycle": 0,
              "bone": "Bone_012",
              "anchorKey": 34,
              "lagKeys": [
                35,
                36,
                37,
                38,
                39,
                40,
                41,
                42
              ],
              "restOrientation": "rest_local_translation",
              "activeTarget": null,
              "translationCorrection": "passive_decay_only",
              "initialLinearSpeedMps": 0.4974196725991591,
              "finalLinearSpeedMps": 0.21329077951789172,
              "mechanics": {
                "springK": 14.0,
                "dampingC": 7.0
              }
            },
            {
              "cycle": 1,
              "bone": "Bone_053",
              "anchorKey": 156,
              "lagKeys": [
                157,
                158,
                159,
                160,
                161,
                162,
                163,
                164
              ],
              "restOrientation": "release_orientation",
              "activeTarget": null,
              "translationCorrection": false,
              "initialAngularSpeedRadS": 0.646474909212699,
              "finalAngularSpeedRadS": 0.2013971616241704,
              "mechanics": {
                "springK": 14.0,
                "dampingC": 7.0
              }
            },
            {
              "cycle": 1,
              "bone": "Bone_059",
              "anchorKey": 156,
              "lagKeys": [
                157,
                158,
                159,
                160,
                161,
                162,
                163,
                164
              ],
              "restOrientation": "release_orientation",
              "activeTarget": null,
              "translationCorrection": false,
              "initialAngularSpeedRadS": 0.6525632247887666,
              "finalAngularSpeedRadS": 0.20329386242201805,
              "mechanics": {
                "springK": 14.0,
                "dampingC": 7.0
              }
            },
            {
              "cycle": 1,
              "bone": "Bone_056",
              "anchorKey": 156,
              "lagKeys": [
                157,
                158,
                159,
                160,
                161,
                162,
                163,
                164
              ],
              "restOrientation": "release_orientation",
              "activeTarget": null,
              "translationCorrection": false,
              "initialAngularSpeedRadS": 0.026095508193754096,
              "finalAngularSpeedRadS": 0.008129567298694969,
              "mechanics": {
                "springK": 14.0,
                "dampingC": 7.0
              }
            },
            {
              "cycle": 1,
              "bone": "Bone_012",
              "anchorKey": 156,
              "lagKeys": [
                157,
                158,
                159,
                160,
                161,
                162,
                163,
                164
              ],
              "restOrientation": "release_orientation",
              "activeTarget": null,
              "translationCorrection": false,
              "initialAngularSpeedRadS": 2.4000000000000004,
              "finalAngularSpeedRadS": 0.7476750930467732,
              "mechanics": {
                "springK": 14.0,
                "dampingC": 7.0
              }
            },
            {
              "cycle": 1,
              "bone": "Bone_012",
              "anchorKey": 156,
              "lagKeys": [
                157,
                158,
                159,
                160,
                161,
                162,
                163,
                164
              ],
              "restOrientation": "rest_local_translation",
              "activeTarget": null,
              "translationCorrection": "passive_decay_only",
              "initialLinearSpeedMps": 0.49842779052247504,
              "finalLinearSpeedMps": 0.21066886468687118,
              "mechanics": {
                "springK": 14.0,
                "dampingC": 7.0
              }
            }
          ]
        }
      }
    }
  },
  "referenceScaleWrapper": {
    "wrapperNode": "RESPIN_REFERENCE_SCALE_ROOT",
    "wrapperNodeIndex": 77,
    "acceptedRawBodyLengthM": 5.974026,
    "directGlbMeshLengthM": 5.941640538153674,
    "referenceLengthM": 12.0,
    "uniformScaleFactor": 2.0086956434404537
  },
  "clips": {
    "PROC_WALK_RELAXED_V8_1_RESPIN_ROOTMOTION": {
      "clip": "PROC_WALK_RELAXED_V8_1_RESPIN_ROOTMOTION",
      "duration_seconds": 4.069565217002042,
      "phase_advance_cycles": 2.0,
      "distance_m": 2.5947332824846594,
      "mean_speed_mps": 0.6375947169108505,
      "peak_speed_mps": 0.6375947169108502,
      "terrain": "flat",
      "path": "StraightPath",
      "sole": {
        "l": {
          "selected_vertex_count": 64,
          "candidate_vertex_count": 4627,
          "rest_min_height": -7.353215258909529e-10,
          "rest_contact_quantile": 0.0008802124089561402,
          "influencing_bones": [
            "Bone_042",
            "Bone_043",
            "Bone_044",
            "Bone_045",
            "Bone_046",
            "Bone_047",
            "Bone_048",
            "Bone_049",
            "Bone_050",
            "Bone_008",
            "Bone_009"
          ]
        },
        "r": {
          "selected_vertex_count": 64,
          "candidate_vertex_count": 4518,
          "rest_min_height": 0.0008440606179647148,
          "rest_contact_quantile": 0.0013348930515348911,
          "influencing_bones": [
            "Bone_051",
            "Bone_052",
            "Bone_053",
            "Bone_054",
            "Bone_055",
            "Bone_056",
            "Bone_057",
            "Bone_058",
            "Bone_059",
            "Bone_012",
            "Bone_013"
          ]
        }
      },
      "loaded_max_penetration_m": {
        "l": 0.0,
        "r": 0.0
      },
      "loaded_max_contact_quantile_error_m": {
        "l": 0.0022274371272331503,
        "r": 0.0011422325172299051
      },
      "max_leg_target_error_m": {
        "l": 0.0064681020204728325,
        "r": 0.005968116980527636
      },
      "max_sole_vertical_correction_m": {
        "l": 0.0036700361824228323,
        "r": 0.003377253414149482
      },
      "joint_constraints": {
        "l": {
          "knee": {
            "expected_sign": 1.0,
            "min_flex_deg": 38.51274022613514,
            "max_flex_deg": 73.6972350553059,
            "reverse_sample_count": 0,
            "max_velocity_deg_s": 229.37193996570585,
            "max_acceleration_deg_s2": 3173.4285615186254
          },
          "ankle": {
            "expected_sign": -1.0,
            "min_flex_deg": 32.49818367098033,
            "max_flex_deg": 70.46505639779038,
            "reverse_sample_count": 0,
            "max_velocity_deg_s": 224.06981720718193,
            "max_acceleration_deg_s2": 2793.3603965461343
          }
        },
        "r": {
          "knee": {
            "expected_sign": 1.0,
            "min_flex_deg": 38.0566016887953,
            "max_flex_deg": 73.95454692280731,
            "reverse_sample_count": 0,
            "max_velocity_deg_s": 232.15613657074925,
            "max_acceleration_deg_s2": 3150.8950937837712
          },
          "ankle": {
            "expected_sign": -1.0,
            "min_flex_deg": 33.2458726668691,
            "max_flex_deg": 70.22979506264379,
            "reverse_sample_count": 0,
            "max_velocity_deg_s": 219.2821601835493,
            "max_acceleration_deg_s2": 2745.3654577065267
          }
        }
      },
      "anatomical_reverse_sample_count": 0,
      "max_joint_velocity_deg_s": 232.15613657074925,
      "max_joint_acceleration_deg_s2": 3173.4285615186254,
      "quality_gates": {
        "zero_anatomical_reversals": true,
        "vertex_penetration_within_gate": true,
        "loaded_sole_gap_within_gate": true,
        "velocity_within_gate": true,
        "acceleration_within_gate": true,
        "relaxed_pelvis_lateral_within_gate": true,
        "relaxed_pelvis_vertical_within_gate": true,
        "v8_1_jaw_off_hinge_le_0_25deg": true
      },
      "v7_contact_locked": true,
      "pelvis_translation": {
        "axis_range_xyz_m": [
          0.01799632802012785,
          0.02201045096641574,
          0.017532208588135978
        ],
        "max_abs_lateral_m": 0.00873486485806437,
        "vertical_peak_to_peak_m": 0.02201045096641574,
        "forward_peak_to_peak_m": 0.01817358794906891,
        "solved_before_leg_ik": true
      },
      "turn_mass_lead": {
        "active": false
      },
      "jaw_hinge_v8_1": {
        "space": "jaw rest-local",
        "axis_local": [
          0.9992418837319629,
          -0.017410932717563995,
          0.03482121792388913
        ],
        "maximum_off_hinge_degrees": 1.2774911780784758e-14
      }
    },
    "PROC_WALK_RELAXED_V8_1_RESPIN_INPLACE": {
      "clip": "PROC_WALK_RELAXED_V8_1_RESPIN_ROOTMOTION",
      "duration_seconds": 4.069565217002042,
      "phase_advance_cycles": 2.0,
      "distance_m": 2.5947332824846594,
      "mean_speed_mps": 0.6375947169108505,
      "peak_speed_mps": 0.6375947169108502,
      "terrain": "flat",
      "path": "StraightPath",
      "sole": {
        "l": {
          "selected_vertex_count": 64,
          "candidate_vertex_count": 4627,
          "rest_min_height": -7.353215258909529e-10,
          "rest_contact_quantile": 0.0008802124089561402,
          "influencing_bones": [
            "Bone_042",
            "Bone_043",
            "Bone_044",
            "Bone_045",
            "Bone_046",
            "Bone_047",
            "Bone_048",
            "Bone_049",
            "Bone_050",
            "Bone_008",
            "Bone_009"
          ]
        },
        "r": {
          "selected_vertex_count": 64,
          "candidate_vertex_count": 4518,
          "rest_min_height": 0.0008440606179647148,
          "rest_contact_quantile": 0.0013348930515348911,
          "influencing_bones": [
            "Bone_051",
            "Bone_052",
            "Bone_053",
            "Bone_054",
            "Bone_055",
            "Bone_056",
            "Bone_057",
            "Bone_058",
            "Bone_059",
            "Bone_012",
            "Bone_013"
          ]
        }
      },
      "loaded_max_penetration_m": {
        "l": 0.0,
        "r": 0.0
      },
      "loaded_max_contact_quantile_error_m": {
        "l": 0.0022274371272331503,
        "r": 0.0011422325172299051
      },
      "max_leg_target_error_m": {
        "l": 0.0064681020204728325,
        "r": 0.005968116980527636
      },
      "max_sole_vertical_correction_m": {
        "l": 0.0036700361824228323,
        "r": 0.003377253414149482
      },
      "joint_constraints": {
        "l": {
          "knee": {
            "expected_sign": 1.0,
            "min_flex_deg": 38.51274022613514,
            "max_flex_deg": 73.6972350553059,
            "reverse_sample_count": 0,
            "max_velocity_deg_s": 229.37193996570585,
            "max_acceleration_deg_s2": 3173.4285615186254
          },
          "ankle": {
            "expected_sign": -1.0,
            "min_flex_deg": 32.49818367098033,
            "max_flex_deg": 70.46505639779038,
            "reverse_sample_count": 0,
            "max_velocity_deg_s": 224.06981720718193,
            "max_acceleration_deg_s2": 2793.3603965461343
          }
        },
        "r": {
          "knee": {
            "expected_sign": 1.0,
            "min_flex_deg": 38.0566016887953,
            "max_flex_deg": 73.95454692280731,
            "reverse_sample_count": 0,
            "max_velocity_deg_s": 232.15613657074925,
            "max_acceleration_deg_s2": 3150.8950937837712
          },
          "ankle": {
            "expected_sign": -1.0,
            "min_flex_deg": 33.2458726668691,
            "max_flex_deg": 70.22979506264379,
            "reverse_sample_count": 0,
            "max_velocity_deg_s": 219.2821601835493,
            "max_acceleration_deg_s2": 2745.3654577065267
          }
        }
      },
      "anatomical_reverse_sample_count": 0,
      "max_joint_velocity_deg_s": 232.15613657074925,
      "max_joint_acceleration_deg_s2": 3173.4285615186254,
      "quality_gates": {
        "zero_anatomical_reversals": true,
        "vertex_penetration_within_gate": true,
        "loaded_sole_gap_within_gate": true,
        "velocity_within_gate": true,
        "acceleration_within_gate": true,
        "relaxed_pelvis_lateral_within_gate": true,
        "relaxed_pelvis_vertical_within_gate": true,
        "v8_1_jaw_off_hinge_le_0_25deg": true
      },
      "v7_contact_locked": true,
      "pelvis_translation": {
        "axis_range_xyz_m": [
          0.01799632802012785,
          0.02201045096641574,
          0.017532208588135978
        ],
        "max_abs_lateral_m": 0.00873486485806437,
        "vertical_peak_to_peak_m": 0.02201045096641574,
        "forward_peak_to_peak_m": 0.01817358794906891,
        "solved_before_leg_ik": true
      },
      "turn_mass_lead": {
        "active": false
      },
      "in_place": true,
      "jaw_hinge_v8_1": {
        "space": "jaw rest-local",
        "axis_local": [
          0.9992418837319629,
          -0.017410932717563995,
          0.03482121792388913
        ],
        "maximum_off_hinge_degrees": 1.2774911780784758e-14
      }
    }
  },
  "output": {
    "glb": "/Volumes/m2-extended-disk/Repos/eonwild-factory/candidates/v8.1-walk-respin-2/generated/iteration-37/tarbosaurus_procedural_v8_1_walk_respin.glb",
    "glbSha256": "74d83df036fb9cd0745c0196ac8f519d391d9c940fda62fb9fc54789172ee323"
  },
  "immutableAfter": {
    "toolkitTreeSha256": "d7f2426cb6626f7e7c94e96228afdee9ba05492197cefa7c5066a2a05c329d10",
    "showcaseTreeSha256": "336b22f38b74e7d011484ea737c48a66f9b3e4c36eb996a54086bed740bcf753",
    "sourceGlbSha256": "fbb42c2edad4eadebbcf808d32028d7c73b3fbfd6172610eddd5df84990a65c7",
    "canonicalProfileSha256": "f128bd39cca62a674855ffbcce2e88226cec3b17048bf9a830bd158238240143"
  },
  "immutableUnchanged": true
}
